ISO-10303-21;
HEADER;
FILE_DESCRIPTION(('KiCad electronic assembly'),'2;1');
FILE_NAME('.step','2026-07-16T11:02:31',('Pcbnew'),('Kicad'),
  'Open CASCADE STEP processor 7.9','KiCad to STEP converter','Unknown'
  );
FILE_SCHEMA(('AUTOMOTIVE_DESIGN { 1 0 10303 214 1 1 1 1 }'));
ENDSEC;
DATA;
#1 = APPLICATION_PROTOCOL_DEFINITION('international standard',
  'automotive_design',2000,#2);
#2 = APPLICATION_CONTEXT(
  'core data for automotive mechanical design processes');
#3 = SHAPE_DEFINITION_REPRESENTATION(#4,#10);
#4 = PRODUCT_DEFINITION_SHAPE('','',#5);
#5 = PRODUCT_DEFINITION('design','',#6,#9);
#6 = PRODUCT_DEFINITION_FORMATION('','',#7);
#7 = PRODUCT('.step 1','.step 1','',(#8));
#8 = PRODUCT_CONTEXT('',#2,'mechanical');
#9 = PRODUCT_DEFINITION_CONTEXT('part definition',#2,'design');
#10 = SHAPE_REPRESENTATION('',(#11,#15,#19,#23,#27,#31,#35,#39,#43,#47,
    #51,#55,#59,#63),#67);
#11 = AXIS2_PLACEMENT_3D('',#12,#13,#14);
#12 = CARTESIAN_POINT('',(0.,0.,0.));
#13 = DIRECTION('',(0.,0.,1.));
#14 = DIRECTION('',(1.,0.,-0.));
#15 = AXIS2_PLACEMENT_3D('',#16,#17,#18);
#16 = CARTESIAN_POINT('',(142.95,-104.05,1.595));
#17 = DIRECTION('',(0.,0.,1.));
#18 = DIRECTION('',(1.,0.,0.));
#19 = AXIS2_PLACEMENT_3D('',#20,#21,#22);
#20 = CARTESIAN_POINT('',(133.45,-88.5,1.595));
#21 = DIRECTION('',(0.,0.,1.));
#22 = DIRECTION('',(-1.,1.224646799147E-16,0.));
#23 = AXIS2_PLACEMENT_3D('',#24,#25,#26);
#24 = CARTESIAN_POINT('',(137.95,-94.,1.595));
#25 = DIRECTION('',(-0.,0.,1.));
#26 = DIRECTION('',(1.110223024625E-16,-1.,0.));
#27 = AXIS2_PLACEMENT_3D('',#28,#29,#30);
#28 = CARTESIAN_POINT('',(146.95,-73.684139,1.595));
#29 = DIRECTION('',(0.,0.,1.));
#30 = DIRECTION('',(-1.,1.224646799147E-16,0.));
#31 = AXIS2_PLACEMENT_3D('',#32,#33,#34);
#32 = CARTESIAN_POINT('',(133.95,-80.5,1.595));
#33 = DIRECTION('',(0.,0.,1.));
#34 = DIRECTION('',(-1.,1.224646799147E-16,0.));
#35 = AXIS2_PLACEMENT_3D('',#36,#37,#38);
#36 = CARTESIAN_POINT('',(133.45,-90.5,1.595));
#37 = DIRECTION('',(0.,0.,1.));
#38 = DIRECTION('',(-1.,1.224646799147E-16,0.));
#39 = AXIS2_PLACEMENT_3D('',#40,#41,#42);
#40 = CARTESIAN_POINT('',(137.943268,-73.679091,1.595));
#41 = DIRECTION('',(0.,0.,1.));
#42 = DIRECTION('',(-1.,1.224646799147E-16,0.));
#43 = AXIS2_PLACEMENT_3D('',#44,#45,#46);
#44 = CARTESIAN_POINT('',(133.95,-104.05,1.595));
#45 = DIRECTION('',(0.,0.,1.));
#46 = DIRECTION('',(1.,0.,0.));
#47 = AXIS2_PLACEMENT_3D('',#48,#49,#50);
#48 = CARTESIAN_POINT('',(141.95,-95.,1.595));
#49 = DIRECTION('',(0.,-0.,1.));
#50 = DIRECTION('',(1.110223024625E-16,1.,0.));
#51 = AXIS2_PLACEMENT_3D('',#52,#53,#54);
#52 = CARTESIAN_POINT('',(132.95,-93.,1.595));
#53 = DIRECTION('',(-0.,0.,1.));
#54 = DIRECTION('',(1.110223024625E-16,-1.,0.));
#55 = AXIS2_PLACEMENT_3D('',#56,#57,#58);
#56 = CARTESIAN_POINT('',(129.45,-79.,-8.5E-02));
#57 = DIRECTION('',(1.499759782662E-32,1.224646799147E-16,-1.));
#58 = DIRECTION('',(-1.,1.224646799147E-16,0.));
#59 = AXIS2_PLACEMENT_3D('',#60,#61,#62);
#60 = CARTESIAN_POINT('',(151.45,-79.,-8.5E-02));
#61 = DIRECTION('',(1.499759782662E-32,1.224646799147E-16,-1.));
#62 = DIRECTION('',(-1.,1.224646799147E-16,0.));
#63 = AXIS2_PLACEMENT_3D('',#64,#65,#66);
#64 = CARTESIAN_POINT('',(0.,0.,0.));
#65 = DIRECTION('',(0.,0.,1.));
#66 = DIRECTION('',(1.,0.,-0.));
#67 = ( GEOMETRIC_REPRESENTATION_CONTEXT(3) 
GLOBAL_UNCERTAINTY_ASSIGNED_CONTEXT((#71)) GLOBAL_UNIT_ASSIGNED_CONTEXT(
(#68,#69,#70)) REPRESENTATION_CONTEXT('Context #1',
  '3D Context with UNIT and UNCERTAINTY') );
#68 = ( LENGTH_UNIT() NAMED_UNIT(*) SI_UNIT(.MILLI.,.METRE.) );
#69 = ( NAMED_UNIT(*) PLANE_ANGLE_UNIT() SI_UNIT($,.RADIAN.) );
#70 = ( NAMED_UNIT(*) SI_UNIT($,.STERADIAN.) SOLID_ANGLE_UNIT() );
#71 = UNCERTAINTY_MEASURE_WITH_UNIT(LENGTH_MEASURE(1.E-07),#68,
  'distance_accuracy_value','confusion accuracy');
#72 = PRODUCT_RELATED_PRODUCT_CATEGORY('part',$,(#7));
#73 = SHAPE_DEFINITION_REPRESENTATION(#74,#80);
#74 = PRODUCT_DEFINITION_SHAPE('','',#75);
#75 = PRODUCT_DEFINITION('design','',#76,#79);
#76 = PRODUCT_DEFINITION_FORMATION('','',#77);
#77 = PRODUCT('JST_PH_S3B-PH-K_1x03_P2.00mm_Horizontal',
  'JST_PH_S3B-PH-K_1x03_P2.00mm_Horizontal','',(#78));
#78 = PRODUCT_CONTEXT('',#2,'mechanical');
#79 = PRODUCT_DEFINITION_CONTEXT('part definition',#2,'design');
#80 = SHAPE_REPRESENTATION('',(#11,#81),#85);
#81 = AXIS2_PLACEMENT_3D('',#82,#83,#84);
#82 = CARTESIAN_POINT('',(0.,0.,0.));
#83 = DIRECTION('',(0.,0.,1.));
#84 = DIRECTION('',(1.,0.,-0.));
#85 = ( GEOMETRIC_REPRESENTATION_CONTEXT(3) 
GLOBAL_UNCERTAINTY_ASSIGNED_CONTEXT((#89)) GLOBAL_UNIT_ASSIGNED_CONTEXT(
(#86,#87,#88)) REPRESENTATION_CONTEXT('Context #1',
  '3D Context with UNIT and UNCERTAINTY') );
#86 = ( LENGTH_UNIT() NAMED_UNIT(*) SI_UNIT(.MILLI.,.METRE.) );
#87 = ( NAMED_UNIT(*) PLANE_ANGLE_UNIT() SI_UNIT($,.RADIAN.) );
#88 = ( NAMED_UNIT(*) SI_UNIT($,.STERADIAN.) SOLID_ANGLE_UNIT() );
#89 = UNCERTAINTY_MEASURE_WITH_UNIT(LENGTH_MEASURE(1.E-07),#86,
  'distance_accuracy_value','confusion accuracy');
#90 = CONTEXT_DEPENDENT_SHAPE_REPRESENTATION(#91,#93);
#91 = ( REPRESENTATION_RELATIONSHIP('','',#80,#10) 
REPRESENTATION_RELATIONSHIP_WITH_TRANSFORMATION(#92) 
SHAPE_REPRESENTATION_RELATIONSHIP() );
#92 = ITEM_DEFINED_TRANSFORMATION('','',#11,#15);
#93 = PRODUCT_DEFINITION_SHAPE('Placement','Placement of an item',#94);
#94 = NEXT_ASSEMBLY_USAGE_OCCURRENCE('2','J4','',#5,#75,$);
#95 = PRODUCT_RELATED_PRODUCT_CATEGORY('part',$,(#77));
#96 = SHAPE_DEFINITION_REPRESENTATION(#97,#103);
#97 = PRODUCT_DEFINITION_SHAPE('','',#98);
#98 = PRODUCT_DEFINITION('design','',#99,#102);
#99 = PRODUCT_DEFINITION_FORMATION('','',#100);
#100 = PRODUCT('JST_S3B_PH_K','JST_S3B_PH_K','',(#101));
#101 = PRODUCT_CONTEXT('',#2,'mechanical');
#102 = PRODUCT_DEFINITION_CONTEXT('part definition',#2,'design');
#103 = ADVANCED_BREP_SHAPE_REPRESENTATION('',(#11,#104),#4540);
#104 = MANIFOLD_SOLID_BREP('',#105);
#105 = CLOSED_SHELL('',(#106,#146,#226,#314,#371,#388,#412,#436,#460,
    #516,#684,#715,#727,#845,#859,#947,#1004,#1028,#1101,#1125,#1158,
    #1269,#1443,#1483,#1514,#1532,#1549,#1567,#1593,#1624,#1641,#1674,
    #1698,#1729,#1746,#1779,#1819,#1842,#1891,#1915,#1962,#1979,#1996,
    #2008,#2055,#2086,#2103,#2120,#2137,#2161,#2185,#2202,#2226,#2250,
    #2267,#2284,#2296,#2313,#2325,#2349,#2367,#2379,#2393,#2405,#2436,
    #2460,#2484,#2501,#2532,#2556,#2580,#2597,#2628,#2652,#2676,#2693,
    #2739,#2785,#2831,#2848,#2860,#2891,#2915,#2939,#2956,#2987,#3011,
    #3035,#3052,#3083,#3107,#3131,#3148,#3245,#3269,#3359,#3376,#3441,
    #3465,#3523,#3540,#3637,#3661,#3751,#3768,#3780,#3792,#3804,#3821,
    #3838,#3855,#3888,#3928,#3959,#3976,#3993,#4005,#4038,#4055,#4072,
    #4103,#4125,#4137,#4168,#4185,#4202,#4219,#4252,#4292,#4323,#4340,
    #4357,#4369,#4402,#4419,#4436,#4448,#4465,#4482,#4494,#4511,#4528));
#106 = ADVANCED_FACE('',(#107),#141,.T.);
#107 = FACE_BOUND('',#108,.T.);
#108 = EDGE_LOOP('',(#109,#119,#127,#135));
#109 = ORIENTED_EDGE('',*,*,#110,.F.);
#110 = EDGE_CURVE('',#111,#113,#115,.T.);
#111 = VERTEX_POINT('',#112);
#112 = CARTESIAN_POINT('',(5.95,-4.65,2.5));
#113 = VERTEX_POINT('',#114);
#114 = CARTESIAN_POINT('',(5.95,-6.25,2.5));
#115 = LINE('',#116,#117);
#116 = CARTESIAN_POINT('',(5.95,-4.65,2.5));
#117 = VECTOR('',#118,1.);
#118 = DIRECTION('',(-1.224646799147E-16,-1.,1.110223024625E-16));
#119 = ORIENTED_EDGE('',*,*,#120,.T.);
#120 = EDGE_CURVE('',#111,#121,#123,.T.);
#121 = VERTEX_POINT('',#122);
#122 = CARTESIAN_POINT('',(5.45,-4.65,2.5));
#123 = LINE('',#124,#125);
#124 = CARTESIAN_POINT('',(5.95,-4.65,2.5));
#125 = VECTOR('',#126,1.);
#126 = DIRECTION('',(-1.,1.224646799147E-16,0.));
#127 = ORIENTED_EDGE('',*,*,#128,.T.);
#128 = EDGE_CURVE('',#121,#129,#131,.T.);
#129 = VERTEX_POINT('',#130);
#130 = CARTESIAN_POINT('',(5.45,-6.25,2.5));
#131 = LINE('',#132,#133);
#132 = CARTESIAN_POINT('',(5.45,-5.45,2.5));
#133 = VECTOR('',#134,1.);
#134 = DIRECTION('',(-1.224646799147E-16,-1.,1.110223024625E-16));
#135 = ORIENTED_EDGE('',*,*,#136,.F.);
#136 = EDGE_CURVE('',#113,#129,#137,.T.);
#137 = LINE('',#138,#139);
#138 = CARTESIAN_POINT('',(5.95,-6.25,2.5));
#139 = VECTOR('',#140,1.);
#140 = DIRECTION('',(-1.,1.224646799147E-16,0.));
#141 = PLANE('',#142);
#142 = AXIS2_PLACEMENT_3D('',#143,#144,#145);
#143 = CARTESIAN_POINT('',(5.95,-4.65,2.5));
#144 = DIRECTION('',(1.359631073447E-32,1.110223024625E-16,1.));
#145 = DIRECTION('',(-1.224646799147E-16,-1.,1.110223024625E-16));
#146 = ADVANCED_FACE('',(#147),#221,.T.);
#147 = FACE_BOUND('',#148,.T.);
#148 = EDGE_LOOP('',(#149,#157,#165,#173,#181,#189,#197,#205,#213,#220)
  );
#149 = ORIENTED_EDGE('',*,*,#150,.F.);
#150 = EDGE_CURVE('',#151,#113,#153,.T.);
#151 = VERTEX_POINT('',#152);
#152 = CARTESIAN_POINT('',(5.95,-6.25,0.));
#153 = LINE('',#154,#155);
#154 = CARTESIAN_POINT('',(5.95,-6.25,0.3));
#155 = VECTOR('',#156,1.);
#156 = DIRECTION('',(1.359631073447E-32,1.110223024625E-16,1.));
#157 = ORIENTED_EDGE('',*,*,#158,.F.);
#158 = EDGE_CURVE('',#159,#151,#161,.T.);
#159 = VERTEX_POINT('',#160);
#160 = CARTESIAN_POINT('',(5.95,1.35,0.));
#161 = LINE('',#162,#163);
#162 = CARTESIAN_POINT('',(5.95,1.35,0.));
#163 = VECTOR('',#164,1.);
#164 = DIRECTION('',(-1.224646799147E-16,-1.,0.));
#165 = ORIENTED_EDGE('',*,*,#166,.F.);
#166 = EDGE_CURVE('',#167,#159,#169,.T.);
#167 = VERTEX_POINT('',#168);
#168 = CARTESIAN_POINT('',(5.95,1.35,3.2));
#169 = LINE('',#170,#171);
#170 = CARTESIAN_POINT('',(5.95,1.35,3.2));
#171 = VECTOR('',#172,1.);
#172 = DIRECTION('',(-0.,0.,-1.));
#173 = ORIENTED_EDGE('',*,*,#174,.F.);
#174 = EDGE_CURVE('',#175,#167,#177,.T.);
#175 = VERTEX_POINT('',#176);
#176 = CARTESIAN_POINT('',(5.95,-0.25,4.1));
#177 = LINE('',#178,#179);
#178 = CARTESIAN_POINT('',(5.95,-0.25,4.1));
#179 = VECTOR('',#180,1.);
#180 = DIRECTION('',(1.067372191754E-16,0.871575537124,-0.490261239633)
  );
#181 = ORIENTED_EDGE('',*,*,#182,.T.);
#182 = EDGE_CURVE('',#175,#183,#185,.T.);
#183 = VERTEX_POINT('',#184);
#184 = CARTESIAN_POINT('',(5.95,-0.25,4.8));
#185 = LINE('',#186,#187);
#186 = CARTESIAN_POINT('',(5.95,-0.25,0.3));
#187 = VECTOR('',#188,1.);
#188 = DIRECTION('',(1.359631073447E-32,1.110223024625E-16,1.));
#189 = ORIENTED_EDGE('',*,*,#190,.T.);
#190 = EDGE_CURVE('',#183,#191,#193,.T.);
#191 = VERTEX_POINT('',#192);
#192 = CARTESIAN_POINT('',(5.95,-6.25,4.8));
#193 = LINE('',#194,#195);
#194 = CARTESIAN_POINT('',(5.95,-0.25,4.8));
#195 = VECTOR('',#196,1.);
#196 = DIRECTION('',(-1.224646799147E-16,-1.,1.110223024625E-16));
#197 = ORIENTED_EDGE('',*,*,#198,.F.);
#198 = EDGE_CURVE('',#199,#191,#201,.T.);
#199 = VERTEX_POINT('',#200);
#200 = CARTESIAN_POINT('',(5.95,-6.25,3.3));
#201 = LINE('',#202,#203);
#202 = CARTESIAN_POINT('',(5.95,-6.25,0.3));
#203 = VECTOR('',#204,1.);
#204 = DIRECTION('',(1.359631073447E-32,1.110223024625E-16,1.));
#205 = ORIENTED_EDGE('',*,*,#206,.T.);
#206 = EDGE_CURVE('',#199,#207,#209,.T.);
#207 = VERTEX_POINT('',#208);
#208 = CARTESIAN_POINT('',(5.95,-4.65,3.3));
#209 = LINE('',#210,#211);
#210 = CARTESIAN_POINT('',(5.95,-6.25,3.3));
#211 = VECTOR('',#212,1.);
#212 = DIRECTION('',(1.224646799147E-16,1.,-1.110223024625E-16));
#213 = ORIENTED_EDGE('',*,*,#214,.T.);
#214 = EDGE_CURVE('',#207,#111,#215,.T.);
#215 = CIRCLE('',#216,0.4);
#216 = AXIS2_PLACEMENT_3D('',#217,#218,#219);
#217 = CARTESIAN_POINT('',(5.95,-4.65,2.9));
#218 = DIRECTION('',(-1.,1.224646799147E-16,0.));
#219 = DIRECTION('',(1.359631073446E-32,1.110223024625E-16,1.));
#220 = ORIENTED_EDGE('',*,*,#110,.T.);
#221 = PLANE('',#222);
#222 = AXIS2_PLACEMENT_3D('',#223,#224,#225);
#223 = CARTESIAN_POINT('',(5.95,-2.909897467985,2.368621550033));
#224 = DIRECTION('',(1.,-1.224646799147E-16,-3.096025220137E-32));
#225 = DIRECTION('',(-3.096025220137E-32,3.79153737592E-48,-1.));
#226 = ADVANCED_FACE('',(#227),#309,.T.);
#227 = FACE_BOUND('',#228,.T.);
#228 = EDGE_LOOP('',(#229,#239,#247,#253,#254,#255,#263,#271,#279,#287,
    #295,#303));
#229 = ORIENTED_EDGE('',*,*,#230,.T.);
#230 = EDGE_CURVE('',#231,#233,#235,.T.);
#231 = VERTEX_POINT('',#232);
#232 = CARTESIAN_POINT('',(-0.95,-6.25,0.3));
#233 = VERTEX_POINT('',#234);
#234 = CARTESIAN_POINT('',(4.95,-6.25,0.3));
#235 = LINE('',#236,#237);
#236 = CARTESIAN_POINT('',(-1.95,-6.25,0.3));
#237 = VECTOR('',#238,1.);
#238 = DIRECTION('',(1.,-1.224646799147E-16,0.));
#239 = ORIENTED_EDGE('',*,*,#240,.F.);
#240 = EDGE_CURVE('',#241,#233,#243,.T.);
#241 = VERTEX_POINT('',#242);
#242 = CARTESIAN_POINT('',(4.95,-6.25,0.));
#243 = LINE('',#244,#245);
#244 = CARTESIAN_POINT('',(4.95,-6.25,0.));
#245 = VECTOR('',#246,1.);
#246 = DIRECTION('',(0.,0.,1.));
#247 = ORIENTED_EDGE('',*,*,#248,.F.);
#248 = EDGE_CURVE('',#151,#241,#249,.T.);
#249 = LINE('',#250,#251);
#250 = CARTESIAN_POINT('',(5.95,-6.25,0.));
#251 = VECTOR('',#252,1.);
#252 = DIRECTION('',(-1.,1.224646799147E-16,0.));
#253 = ORIENTED_EDGE('',*,*,#150,.T.);
#254 = ORIENTED_EDGE('',*,*,#136,.T.);
#255 = ORIENTED_EDGE('',*,*,#256,.F.);
#256 = EDGE_CURVE('',#257,#129,#259,.T.);
#257 = VERTEX_POINT('',#258);
#258 = CARTESIAN_POINT('',(5.45,-6.25,0.8));
#259 = LINE('',#260,#261);
#260 = CARTESIAN_POINT('',(5.45,-6.25,0.8));
#261 = VECTOR('',#262,1.);
#262 = DIRECTION('',(1.359631073447E-32,1.110223024625E-16,1.));
#263 = ORIENTED_EDGE('',*,*,#264,.F.);
#264 = EDGE_CURVE('',#265,#257,#267,.T.);
#265 = VERTEX_POINT('',#266);
#266 = CARTESIAN_POINT('',(-1.45,-6.25,0.8));
#267 = LINE('',#268,#269);
#268 = CARTESIAN_POINT('',(-1.45,-6.25,0.8));
#269 = VECTOR('',#270,1.);
#270 = DIRECTION('',(1.,-1.224646799147E-16,0.));
#271 = ORIENTED_EDGE('',*,*,#272,.F.);
#272 = EDGE_CURVE('',#273,#265,#275,.T.);
#273 = VERTEX_POINT('',#274);
#274 = CARTESIAN_POINT('',(-1.45,-6.25,2.5));
#275 = LINE('',#276,#277);
#276 = CARTESIAN_POINT('',(-1.45,-6.25,4.2));
#277 = VECTOR('',#278,1.);
#278 = DIRECTION('',(-1.359631073447E-32,-1.110223024625E-16,-1.));
#279 = ORIENTED_EDGE('',*,*,#280,.T.);
#280 = EDGE_CURVE('',#273,#281,#283,.T.);
#281 = VERTEX_POINT('',#282);
#282 = CARTESIAN_POINT('',(-1.95,-6.25,2.5));
#283 = LINE('',#284,#285);
#284 = CARTESIAN_POINT('',(5.95,-6.25,2.5));
#285 = VECTOR('',#286,1.);
#286 = DIRECTION('',(-1.,1.224646799147E-16,0.));
#287 = ORIENTED_EDGE('',*,*,#288,.T.);
#288 = EDGE_CURVE('',#281,#289,#291,.T.);
#289 = VERTEX_POINT('',#290);
#290 = CARTESIAN_POINT('',(-1.95,-6.25,0.));
#291 = LINE('',#292,#293);
#292 = CARTESIAN_POINT('',(-1.95,-6.25,4.8));
#293 = VECTOR('',#294,1.);
#294 = DIRECTION('',(-1.359631073447E-32,-1.110223024625E-16,-1.));
#295 = ORIENTED_EDGE('',*,*,#296,.F.);
#296 = EDGE_CURVE('',#297,#289,#299,.T.);
#297 = VERTEX_POINT('',#298);
#298 = CARTESIAN_POINT('',(-0.95,-6.25,0.));
#299 = LINE('',#300,#301);
#300 = CARTESIAN_POINT('',(-0.95,-6.25,0.));
#301 = VECTOR('',#302,1.);
#302 = DIRECTION('',(-1.,1.224646799147E-16,0.));
#303 = ORIENTED_EDGE('',*,*,#304,.T.);
#304 = EDGE_CURVE('',#297,#231,#305,.T.);
#305 = LINE('',#306,#307);
#306 = CARTESIAN_POINT('',(-0.95,-6.25,0.));
#307 = VECTOR('',#308,1.);
#308 = DIRECTION('',(0.,0.,1.));
#309 = PLANE('',#310);
#310 = AXIS2_PLACEMENT_3D('',#311,#312,#313);
#311 = CARTESIAN_POINT('',(2.,-6.25,0.876612903226));
#312 = DIRECTION('',(-1.224646799147E-16,-1.,-1.894083556739E-30));
#313 = DIRECTION('',(-2.319583365078E-46,-1.894083556739E-30,1.));
#314 = ADVANCED_FACE('',(#315),#366,.F.);
#315 = FACE_BOUND('',#316,.F.);
#316 = EDGE_LOOP('',(#317,#318,#326,#334,#342,#350,#358,#365));
#317 = ORIENTED_EDGE('',*,*,#256,.F.);
#318 = ORIENTED_EDGE('',*,*,#319,.T.);
#319 = EDGE_CURVE('',#257,#320,#322,.T.);
#320 = VERTEX_POINT('',#321);
#321 = CARTESIAN_POINT('',(5.45,-2.05,0.8));
#322 = LINE('',#323,#324);
#323 = CARTESIAN_POINT('',(5.45,-6.25,0.8));
#324 = VECTOR('',#325,1.);
#325 = DIRECTION('',(1.224646799147E-16,1.,-1.110223024625E-16));
#326 = ORIENTED_EDGE('',*,*,#327,.T.);
#327 = EDGE_CURVE('',#320,#328,#330,.T.);
#328 = VERTEX_POINT('',#329);
#329 = CARTESIAN_POINT('',(5.45,-2.05,4.2));
#330 = LINE('',#331,#332);
#331 = CARTESIAN_POINT('',(5.45,-2.05,0.8));
#332 = VECTOR('',#333,1.);
#333 = DIRECTION('',(1.359631073447E-32,1.110223024625E-16,1.));
#334 = ORIENTED_EDGE('',*,*,#335,.F.);
#335 = EDGE_CURVE('',#336,#328,#338,.T.);
#336 = VERTEX_POINT('',#337);
#337 = CARTESIAN_POINT('',(5.45,-6.25,4.2));
#338 = LINE('',#339,#340);
#339 = CARTESIAN_POINT('',(5.45,-6.25,4.2));
#340 = VECTOR('',#341,1.);
#341 = DIRECTION('',(1.224646799147E-16,1.,-1.110223024625E-16));
#342 = ORIENTED_EDGE('',*,*,#343,.F.);
#343 = EDGE_CURVE('',#344,#336,#346,.T.);
#344 = VERTEX_POINT('',#345);
#345 = CARTESIAN_POINT('',(5.45,-6.25,3.3));
#346 = LINE('',#347,#348);
#347 = CARTESIAN_POINT('',(5.45,-6.25,0.8));
#348 = VECTOR('',#349,1.);
#349 = DIRECTION('',(1.359631073447E-32,1.110223024625E-16,1.));
#350 = ORIENTED_EDGE('',*,*,#351,.T.);
#351 = EDGE_CURVE('',#344,#352,#354,.T.);
#352 = VERTEX_POINT('',#353);
#353 = CARTESIAN_POINT('',(5.45,-4.65,3.3));
#354 = LINE('',#355,#356);
#355 = CARTESIAN_POINT('',(5.45,-6.25,3.3));
#356 = VECTOR('',#357,1.);
#357 = DIRECTION('',(1.224646799147E-16,1.,-1.110223024625E-16));
#358 = ORIENTED_EDGE('',*,*,#359,.F.);
#359 = EDGE_CURVE('',#121,#352,#360,.T.);
#360 = CIRCLE('',#361,0.4);
#361 = AXIS2_PLACEMENT_3D('',#362,#363,#364);
#362 = CARTESIAN_POINT('',(5.45,-4.65,2.9));
#363 = DIRECTION('',(1.,-1.224646799147E-16,0.));
#364 = DIRECTION('',(1.359631073446E-32,1.110223024625E-16,1.));
#365 = ORIENTED_EDGE('',*,*,#128,.T.);
#366 = PLANE('',#367);
#367 = AXIS2_PLACEMENT_3D('',#368,#369,#370);
#368 = CARTESIAN_POINT('',(5.45,-6.25,0.8));
#369 = DIRECTION('',(1.,-1.224646799147E-16,0.));
#370 = DIRECTION('',(1.359631073446E-32,1.110223024625E-16,1.));
#371 = ADVANCED_FACE('',(#372),#383,.F.);
#372 = FACE_BOUND('',#373,.F.);
#373 = EDGE_LOOP('',(#374,#375,#376,#382));
#374 = ORIENTED_EDGE('',*,*,#120,.T.);
#375 = ORIENTED_EDGE('',*,*,#359,.T.);
#376 = ORIENTED_EDGE('',*,*,#377,.F.);
#377 = EDGE_CURVE('',#207,#352,#378,.T.);
#378 = LINE('',#379,#380);
#379 = CARTESIAN_POINT('',(5.95,-4.65,3.3));
#380 = VECTOR('',#381,1.);
#381 = DIRECTION('',(-1.,1.224646799147E-16,0.));
#382 = ORIENTED_EDGE('',*,*,#214,.T.);
#383 = CYLINDRICAL_SURFACE('',#384,0.4);
#384 = AXIS2_PLACEMENT_3D('',#385,#386,#387);
#385 = CARTESIAN_POINT('',(5.95,-4.65,2.9));
#386 = DIRECTION('',(1.,-1.224646799147E-16,0.));
#387 = DIRECTION('',(1.359631073446E-32,1.110223024625E-16,1.));
#388 = ADVANCED_FACE('',(#389),#407,.F.);
#389 = FACE_BOUND('',#390,.F.);
#390 = EDGE_LOOP('',(#391,#399,#405,#406));
#391 = ORIENTED_EDGE('',*,*,#392,.T.);
#392 = EDGE_CURVE('',#159,#393,#395,.T.);
#393 = VERTEX_POINT('',#394);
#394 = CARTESIAN_POINT('',(4.95,1.35,0.));
#395 = LINE('',#396,#397);
#396 = CARTESIAN_POINT('',(5.95,1.35,0.));
#397 = VECTOR('',#398,1.);
#398 = DIRECTION('',(-1.,1.224646799147E-16,0.));
#399 = ORIENTED_EDGE('',*,*,#400,.T.);
#400 = EDGE_CURVE('',#393,#241,#401,.T.);
#401 = LINE('',#402,#403);
#402 = CARTESIAN_POINT('',(4.95,1.35,0.));
#403 = VECTOR('',#404,1.);
#404 = DIRECTION('',(-1.224646799147E-16,-1.,0.));
#405 = ORIENTED_EDGE('',*,*,#248,.F.);
#406 = ORIENTED_EDGE('',*,*,#158,.F.);
#407 = PLANE('',#408);
#408 = AXIS2_PLACEMENT_3D('',#409,#410,#411);
#409 = CARTESIAN_POINT('',(5.95,1.35,0.));
#410 = DIRECTION('',(0.,0.,1.));
#411 = DIRECTION('',(-1.224646799147E-16,-1.,0.));
#412 = ADVANCED_FACE('',(#413),#431,.F.);
#413 = FACE_BOUND('',#414,.F.);
#414 = EDGE_LOOP('',(#415,#423,#429,#430));
#415 = ORIENTED_EDGE('',*,*,#416,.T.);
#416 = EDGE_CURVE('',#167,#417,#419,.T.);
#417 = VERTEX_POINT('',#418);
#418 = CARTESIAN_POINT('',(4.95,1.35,3.2));
#419 = LINE('',#420,#421);
#420 = CARTESIAN_POINT('',(5.95,1.35,3.2));
#421 = VECTOR('',#422,1.);
#422 = DIRECTION('',(-1.,1.224646799147E-16,0.));
#423 = ORIENTED_EDGE('',*,*,#424,.T.);
#424 = EDGE_CURVE('',#417,#393,#425,.T.);
#425 = LINE('',#426,#427);
#426 = CARTESIAN_POINT('',(4.95,1.35,3.2));
#427 = VECTOR('',#428,1.);
#428 = DIRECTION('',(-0.,0.,-1.));
#429 = ORIENTED_EDGE('',*,*,#392,.F.);
#430 = ORIENTED_EDGE('',*,*,#166,.F.);
#431 = PLANE('',#432);
#432 = AXIS2_PLACEMENT_3D('',#433,#434,#435);
#433 = CARTESIAN_POINT('',(5.95,1.35,3.2));
#434 = DIRECTION('',(-1.224646799147E-16,-1.,0.));
#435 = DIRECTION('',(-0.,0.,-1.));
#436 = ADVANCED_FACE('',(#437),#455,.F.);
#437 = FACE_BOUND('',#438,.F.);
#438 = EDGE_LOOP('',(#439,#447,#453,#454));
#439 = ORIENTED_EDGE('',*,*,#440,.T.);
#440 = EDGE_CURVE('',#175,#441,#443,.T.);
#441 = VERTEX_POINT('',#442);
#442 = CARTESIAN_POINT('',(4.95,-0.25,4.1));
#443 = LINE('',#444,#445);
#444 = CARTESIAN_POINT('',(5.95,-0.25,4.1));
#445 = VECTOR('',#446,1.);
#446 = DIRECTION('',(-1.,1.224646799147E-16,0.));
#447 = ORIENTED_EDGE('',*,*,#448,.T.);
#448 = EDGE_CURVE('',#441,#417,#449,.T.);
#449 = LINE('',#450,#451);
#450 = CARTESIAN_POINT('',(4.95,-0.25,4.1));
#451 = VECTOR('',#452,1.);
#452 = DIRECTION('',(1.067372191754E-16,0.871575537124,-0.490261239633)
  );
#453 = ORIENTED_EDGE('',*,*,#416,.F.);
#454 = ORIENTED_EDGE('',*,*,#174,.F.);
#455 = PLANE('',#456);
#456 = AXIS2_PLACEMENT_3D('',#457,#458,#459);
#457 = CARTESIAN_POINT('',(5.95,-0.25,4.1));
#458 = DIRECTION('',(-6.003968578616E-17,-0.490261239633,-0.871575537124
    ));
#459 = DIRECTION('',(1.067372191754E-16,0.871575537124,-0.490261239633)
  );
#460 = ADVANCED_FACE('',(#461),#511,.F.);
#461 = FACE_BOUND('',#462,.F.);
#462 = EDGE_LOOP('',(#463,#473,#481,#487,#488,#489,#497,#505));
#463 = ORIENTED_EDGE('',*,*,#464,.F.);
#464 = EDGE_CURVE('',#465,#467,#469,.T.);
#465 = VERTEX_POINT('',#466);
#466 = CARTESIAN_POINT('',(4.75,-0.25,0.3));
#467 = VERTEX_POINT('',#468);
#468 = CARTESIAN_POINT('',(4.75,-0.25,4.2));
#469 = LINE('',#470,#471);
#470 = CARTESIAN_POINT('',(4.75,-0.25,0.3));
#471 = VECTOR('',#472,1.);
#472 = DIRECTION('',(1.359631073447E-32,1.110223024625E-16,1.));
#473 = ORIENTED_EDGE('',*,*,#474,.T.);
#474 = EDGE_CURVE('',#465,#475,#477,.T.);
#475 = VERTEX_POINT('',#476);
#476 = CARTESIAN_POINT('',(4.95,-0.25,0.3));
#477 = LINE('',#478,#479);
#478 = CARTESIAN_POINT('',(-1.95,-0.25,0.3));
#479 = VECTOR('',#480,1.);
#480 = DIRECTION('',(1.,-1.224646799147E-16,0.));
#481 = ORIENTED_EDGE('',*,*,#482,.T.);
#482 = EDGE_CURVE('',#475,#441,#483,.T.);
#483 = LINE('',#484,#485);
#484 = CARTESIAN_POINT('',(4.95,-0.25,0.3));
#485 = VECTOR('',#486,1.);
#486 = DIRECTION('',(0.,0.,1.));
#487 = ORIENTED_EDGE('',*,*,#440,.F.);
#488 = ORIENTED_EDGE('',*,*,#182,.T.);
#489 = ORIENTED_EDGE('',*,*,#490,.T.);
#490 = EDGE_CURVE('',#183,#491,#493,.T.);
#491 = VERTEX_POINT('',#492);
#492 = CARTESIAN_POINT('',(5.4,-0.25,4.8));
#493 = LINE('',#494,#495);
#494 = CARTESIAN_POINT('',(5.95,-0.25,4.8));
#495 = VECTOR('',#496,1.);
#496 = DIRECTION('',(-1.,1.224646799147E-16,0.));
#497 = ORIENTED_EDGE('',*,*,#498,.T.);
#498 = EDGE_CURVE('',#491,#499,#501,.T.);
#499 = VERTEX_POINT('',#500);
#500 = CARTESIAN_POINT('',(5.4,-0.25,4.2));
#501 = LINE('',#502,#503);
#502 = CARTESIAN_POINT('',(5.4,-0.25,4.8));
#503 = VECTOR('',#504,1.);
#504 = DIRECTION('',(-1.359631073447E-32,-1.110223024625E-16,-1.));
#505 = ORIENTED_EDGE('',*,*,#506,.T.);
#506 = EDGE_CURVE('',#499,#467,#507,.T.);
#507 = LINE('',#508,#509);
#508 = CARTESIAN_POINT('',(5.4,-0.25,4.2));
#509 = VECTOR('',#510,1.);
#510 = DIRECTION('',(-1.,1.224646799147E-16,0.));
#511 = PLANE('',#512);
#512 = AXIS2_PLACEMENT_3D('',#513,#514,#515);
#513 = CARTESIAN_POINT('',(2.,-0.25,2.55));
#514 = DIRECTION('',(-1.224646799147E-16,-1.,1.110223024625E-16));
#515 = DIRECTION('',(-1.,1.224646799147E-16,0.));
#516 = ADVANCED_FACE('',(#517),#679,.F.);
#517 = FACE_BOUND('',#518,.F.);
#518 = EDGE_LOOP('',(#519,#520,#521,#529,#537,#545,#553,#561,#569,#577,
    #585,#593,#601,#609,#617,#625,#633,#641,#649,#657,#665,#673));
#519 = ORIENTED_EDGE('',*,*,#490,.F.);
#520 = ORIENTED_EDGE('',*,*,#190,.T.);
#521 = ORIENTED_EDGE('',*,*,#522,.T.);
#522 = EDGE_CURVE('',#191,#523,#525,.T.);
#523 = VERTEX_POINT('',#524);
#524 = CARTESIAN_POINT('',(3.45,-6.25,4.8));
#525 = LINE('',#526,#527);
#526 = CARTESIAN_POINT('',(5.95,-6.25,4.8));
#527 = VECTOR('',#528,1.);
#528 = DIRECTION('',(-1.,1.224646799147E-16,0.));
#529 = ORIENTED_EDGE('',*,*,#530,.T.);
#530 = EDGE_CURVE('',#523,#531,#533,.T.);
#531 = VERTEX_POINT('',#532);
#532 = CARTESIAN_POINT('',(3.45,-2.35,4.8));
#533 = LINE('',#534,#535);
#534 = CARTESIAN_POINT('',(3.45,-6.25,4.8));
#535 = VECTOR('',#536,1.);
#536 = DIRECTION('',(1.224646799147E-16,1.,-1.679568165459E-16));
#537 = ORIENTED_EDGE('',*,*,#538,.T.);
#538 = EDGE_CURVE('',#531,#539,#541,.T.);
#539 = VERTEX_POINT('',#540);
#540 = CARTESIAN_POINT('',(0.55,-2.35,4.8));
#541 = LINE('',#542,#543);
#542 = CARTESIAN_POINT('',(3.45,-2.35,4.8));
#543 = VECTOR('',#544,1.);
#544 = DIRECTION('',(-1.,2.755988902079E-16,-1.700131261252E-32));
#545 = ORIENTED_EDGE('',*,*,#546,.T.);
#546 = EDGE_CURVE('',#539,#547,#549,.T.);
#547 = VERTEX_POINT('',#548);
#548 = CARTESIAN_POINT('',(0.55,-6.25,4.8));
#549 = LINE('',#550,#551);
#550 = CARTESIAN_POINT('',(0.55,-2.35,4.8));
#551 = VECTOR('',#552,1.);
#552 = DIRECTION('',(-1.224646799147E-16,-1.,1.110223024625E-16));
#553 = ORIENTED_EDGE('',*,*,#554,.T.);
#554 = EDGE_CURVE('',#547,#555,#557,.T.);
#555 = VERTEX_POINT('',#556);
#556 = CARTESIAN_POINT('',(-0.45,-6.25,4.8));
#557 = LINE('',#558,#559);
#558 = CARTESIAN_POINT('',(5.95,-6.25,4.8));
#559 = VECTOR('',#560,1.);
#560 = DIRECTION('',(-1.,1.224646799147E-16,0.));
#561 = ORIENTED_EDGE('',*,*,#562,.F.);
#562 = EDGE_CURVE('',#563,#555,#565,.T.);
#563 = VERTEX_POINT('',#564);
#564 = CARTESIAN_POINT('',(-0.45,-4.45,4.8));
#565 = LINE('',#566,#567);
#566 = CARTESIAN_POINT('',(-0.45,-4.45,4.8));
#567 = VECTOR('',#568,1.);
#568 = DIRECTION('',(-1.224646799147E-16,-1.,1.110223024625E-16));
#569 = ORIENTED_EDGE('',*,*,#570,.F.);
#570 = EDGE_CURVE('',#571,#563,#573,.T.);
#571 = VERTEX_POINT('',#572);
#572 = CARTESIAN_POINT('',(-0.4,-4.45,4.8));
#573 = LINE('',#574,#575);
#574 = CARTESIAN_POINT('',(-0.4,-4.45,4.8));
#575 = VECTOR('',#576,1.);
#576 = DIRECTION('',(-1.,1.224646799147E-16,0.));
#577 = ORIENTED_EDGE('',*,*,#578,.F.);
#578 = EDGE_CURVE('',#579,#571,#581,.T.);
#579 = VERTEX_POINT('',#580);
#580 = CARTESIAN_POINT('',(-0.4,-0.45,4.8));
#581 = LINE('',#582,#583);
#582 = CARTESIAN_POINT('',(-0.4,-0.25,4.8));
#583 = VECTOR('',#584,1.);
#584 = DIRECTION('',(-1.224646799147E-16,-1.,1.110223024625E-16));
#585 = ORIENTED_EDGE('',*,*,#586,.F.);
#586 = EDGE_CURVE('',#587,#579,#589,.T.);
#587 = VERTEX_POINT('',#588);
#588 = CARTESIAN_POINT('',(0.75,-0.45,4.8));
#589 = LINE('',#590,#591);
#590 = CARTESIAN_POINT('',(0.75,-0.45,4.8));
#591 = VECTOR('',#592,1.);
#592 = DIRECTION('',(-1.,1.224646799147E-16,0.));
#593 = ORIENTED_EDGE('',*,*,#594,.F.);
#594 = EDGE_CURVE('',#595,#587,#597,.T.);
#595 = VERTEX_POINT('',#596);
#596 = CARTESIAN_POINT('',(0.75,-0.25,4.8));
#597 = LINE('',#598,#599);
#598 = CARTESIAN_POINT('',(0.75,-0.25,4.8));
#599 = VECTOR('',#600,1.);
#600 = DIRECTION('',(-1.224646799147E-16,-1.,1.110223024625E-16));
#601 = ORIENTED_EDGE('',*,*,#602,.F.);
#602 = EDGE_CURVE('',#603,#595,#605,.T.);
#603 = VERTEX_POINT('',#604);
#604 = CARTESIAN_POINT('',(1.25,-0.25,4.8));
#605 = LINE('',#606,#607);
#606 = CARTESIAN_POINT('',(5.95,-0.25,4.8));
#607 = VECTOR('',#608,1.);
#608 = DIRECTION('',(-1.,1.224646799147E-16,0.));
#609 = ORIENTED_EDGE('',*,*,#610,.T.);
#610 = EDGE_CURVE('',#603,#611,#613,.T.);
#611 = VERTEX_POINT('',#612);
#612 = CARTESIAN_POINT('',(1.25,-0.45,4.8));
#613 = LINE('',#614,#615);
#614 = CARTESIAN_POINT('',(1.25,-0.25,4.8));
#615 = VECTOR('',#616,1.);
#616 = DIRECTION('',(-1.224646799147E-16,-1.,1.110223024625E-16));
#617 = ORIENTED_EDGE('',*,*,#618,.F.);
#618 = EDGE_CURVE('',#619,#611,#621,.T.);
#619 = VERTEX_POINT('',#620);
#620 = CARTESIAN_POINT('',(2.75,-0.45,4.8));
#621 = LINE('',#622,#623);
#622 = CARTESIAN_POINT('',(2.75,-0.45,4.8));
#623 = VECTOR('',#624,1.);
#624 = DIRECTION('',(-1.,1.224646799147E-16,0.));
#625 = ORIENTED_EDGE('',*,*,#626,.F.);
#626 = EDGE_CURVE('',#627,#619,#629,.T.);
#627 = VERTEX_POINT('',#628);
#628 = CARTESIAN_POINT('',(2.75,-0.25,4.8));
#629 = LINE('',#630,#631);
#630 = CARTESIAN_POINT('',(2.75,-0.25,4.8));
#631 = VECTOR('',#632,1.);
#632 = DIRECTION('',(-1.224646799147E-16,-1.,1.110223024625E-16));
#633 = ORIENTED_EDGE('',*,*,#634,.F.);
#634 = EDGE_CURVE('',#635,#627,#637,.T.);
#635 = VERTEX_POINT('',#636);
#636 = CARTESIAN_POINT('',(3.25,-0.25,4.8));
#637 = LINE('',#638,#639);
#638 = CARTESIAN_POINT('',(5.95,-0.25,4.8));
#639 = VECTOR('',#640,1.);
#640 = DIRECTION('',(-1.,1.224646799147E-16,0.));
#641 = ORIENTED_EDGE('',*,*,#642,.T.);
#642 = EDGE_CURVE('',#635,#643,#645,.T.);
#643 = VERTEX_POINT('',#644);
#644 = CARTESIAN_POINT('',(3.25,-0.45,4.8));
#645 = LINE('',#646,#647);
#646 = CARTESIAN_POINT('',(3.25,-0.25,4.8));
#647 = VECTOR('',#648,1.);
#648 = DIRECTION('',(-1.224646799147E-16,-1.,1.110223024625E-16));
#649 = ORIENTED_EDGE('',*,*,#650,.F.);
#650 = EDGE_CURVE('',#651,#643,#653,.T.);
#651 = VERTEX_POINT('',#652);
#652 = CARTESIAN_POINT('',(4.4,-0.45,4.8));
#653 = LINE('',#654,#655);
#654 = CARTESIAN_POINT('',(4.75,-0.45,4.8));
#655 = VECTOR('',#656,1.);
#656 = DIRECTION('',(-1.,1.224646799147E-16,0.));
#657 = ORIENTED_EDGE('',*,*,#658,.T.);
#658 = EDGE_CURVE('',#651,#659,#661,.T.);
#659 = VERTEX_POINT('',#660);
#660 = CARTESIAN_POINT('',(4.4,-4.45,4.8));
#661 = LINE('',#662,#663);
#662 = CARTESIAN_POINT('',(4.4,-0.25,4.8));
#663 = VECTOR('',#664,1.);
#664 = DIRECTION('',(-1.224646799147E-16,-1.,1.110223024625E-16));
#665 = ORIENTED_EDGE('',*,*,#666,.T.);
#666 = EDGE_CURVE('',#659,#667,#669,.T.);
#667 = VERTEX_POINT('',#668);
#668 = CARTESIAN_POINT('',(5.4,-4.45,4.8));
#669 = LINE('',#670,#671);
#670 = CARTESIAN_POINT('',(4.4,-4.45,4.8));
#671 = VECTOR('',#672,1.);
#672 = DIRECTION('',(1.,-1.224646799147E-16,0.));
#673 = ORIENTED_EDGE('',*,*,#674,.T.);
#674 = EDGE_CURVE('',#667,#491,#675,.T.);
#675 = LINE('',#676,#677);
#676 = CARTESIAN_POINT('',(5.4,-4.45,4.8));
#677 = VECTOR('',#678,1.);
#678 = DIRECTION('',(1.224646799147E-16,1.,-1.110223024625E-16));
#679 = PLANE('',#680);
#680 = AXIS2_PLACEMENT_3D('',#681,#682,#683);
#681 = CARTESIAN_POINT('',(5.95,-0.25,4.8));
#682 = DIRECTION('',(-1.359631073447E-32,-1.110223024625E-16,-1.));
#683 = DIRECTION('',(-1.,1.224646799147E-16,6.927121900793E-45));
#684 = ADVANCED_FACE('',(#685),#710,.T.);
#685 = FACE_BOUND('',#686,.T.);
#686 = EDGE_LOOP('',(#687,#693,#694,#695,#703,#709));
#687 = ORIENTED_EDGE('',*,*,#688,.F.);
#688 = EDGE_CURVE('',#199,#344,#689,.T.);
#689 = LINE('',#690,#691);
#690 = CARTESIAN_POINT('',(5.95,-6.25,3.3));
#691 = VECTOR('',#692,1.);
#692 = DIRECTION('',(-1.,1.224646799147E-16,0.));
#693 = ORIENTED_EDGE('',*,*,#198,.T.);
#694 = ORIENTED_EDGE('',*,*,#522,.T.);
#695 = ORIENTED_EDGE('',*,*,#696,.T.);
#696 = EDGE_CURVE('',#523,#697,#699,.T.);
#697 = VERTEX_POINT('',#698);
#698 = CARTESIAN_POINT('',(3.45,-6.25,4.2));
#699 = LINE('',#700,#701);
#700 = CARTESIAN_POINT('',(3.45,-6.25,4.8));
#701 = VECTOR('',#702,1.);
#702 = DIRECTION('',(-1.359631073447E-32,-1.110223024625E-16,-1.));
#703 = ORIENTED_EDGE('',*,*,#704,.F.);
#704 = EDGE_CURVE('',#336,#697,#705,.T.);
#705 = LINE('',#706,#707);
#706 = CARTESIAN_POINT('',(5.45,-6.25,4.2));
#707 = VECTOR('',#708,1.);
#708 = DIRECTION('',(-1.,1.224646799147E-16,0.));
#709 = ORIENTED_EDGE('',*,*,#343,.F.);
#710 = PLANE('',#711);
#711 = AXIS2_PLACEMENT_3D('',#712,#713,#714);
#712 = CARTESIAN_POINT('',(2.,-6.25,2.55));
#713 = DIRECTION('',(-1.224646799147E-16,-1.,1.110223024625E-16));
#714 = DIRECTION('',(-1.,1.224646799147E-16,0.));
#715 = ADVANCED_FACE('',(#716),#722,.T.);
#716 = FACE_BOUND('',#717,.T.);
#717 = EDGE_LOOP('',(#718,#719,#720,#721));
#718 = ORIENTED_EDGE('',*,*,#206,.F.);
#719 = ORIENTED_EDGE('',*,*,#688,.T.);
#720 = ORIENTED_EDGE('',*,*,#351,.T.);
#721 = ORIENTED_EDGE('',*,*,#377,.F.);
#722 = PLANE('',#723);
#723 = AXIS2_PLACEMENT_3D('',#724,#725,#726);
#724 = CARTESIAN_POINT('',(5.95,-6.25,3.3));
#725 = DIRECTION('',(-1.359631073447E-32,-1.110223024625E-16,-1.));
#726 = DIRECTION('',(1.224646799147E-16,1.,-1.110223024625E-16));
#727 = ADVANCED_FACE('',(#728),#840,.F.);
#728 = FACE_BOUND('',#729,.F.);
#729 = EDGE_LOOP('',(#730,#740,#746,#747,#753,#754,#762,#770,#778,#786,
    #794,#802,#810,#818,#826,#834));
#730 = ORIENTED_EDGE('',*,*,#731,.F.);
#731 = EDGE_CURVE('',#732,#734,#736,.T.);
#732 = VERTEX_POINT('',#733);
#733 = CARTESIAN_POINT('',(-0.95,-0.25,0.3));
#734 = VERTEX_POINT('',#735);
#735 = CARTESIAN_POINT('',(-0.75,-0.25,0.3));
#736 = LINE('',#737,#738);
#737 = CARTESIAN_POINT('',(-1.95,-0.25,0.3));
#738 = VECTOR('',#739,1.);
#739 = DIRECTION('',(1.,-1.224646799147E-16,0.));
#740 = ORIENTED_EDGE('',*,*,#741,.F.);
#741 = EDGE_CURVE('',#231,#732,#742,.T.);
#742 = LINE('',#743,#744);
#743 = CARTESIAN_POINT('',(-0.95,-6.25,0.3));
#744 = VECTOR('',#745,1.);
#745 = DIRECTION('',(1.224646799147E-16,1.,0.));
#746 = ORIENTED_EDGE('',*,*,#230,.T.);
#747 = ORIENTED_EDGE('',*,*,#748,.T.);
#748 = EDGE_CURVE('',#233,#475,#749,.T.);
#749 = LINE('',#750,#751);
#750 = CARTESIAN_POINT('',(4.95,-6.25,0.3));
#751 = VECTOR('',#752,1.);
#752 = DIRECTION('',(1.224646799147E-16,1.,0.));
#753 = ORIENTED_EDGE('',*,*,#474,.F.);
#754 = ORIENTED_EDGE('',*,*,#755,.F.);
#755 = EDGE_CURVE('',#756,#465,#758,.T.);
#756 = VERTEX_POINT('',#757);
#757 = CARTESIAN_POINT('',(4.75,-0.45,0.3));
#758 = LINE('',#759,#760);
#759 = CARTESIAN_POINT('',(4.75,-0.45,0.3));
#760 = VECTOR('',#761,1.);
#761 = DIRECTION('',(1.224646799147E-16,1.,-1.110223024625E-16));
#762 = ORIENTED_EDGE('',*,*,#763,.T.);
#763 = EDGE_CURVE('',#756,#764,#766,.T.);
#764 = VERTEX_POINT('',#765);
#765 = CARTESIAN_POINT('',(3.25,-0.45,0.3));
#766 = LINE('',#767,#768);
#767 = CARTESIAN_POINT('',(4.75,-0.45,0.3));
#768 = VECTOR('',#769,1.);
#769 = DIRECTION('',(-1.,1.224646799147E-16,0.));
#770 = ORIENTED_EDGE('',*,*,#771,.T.);
#771 = EDGE_CURVE('',#764,#772,#774,.T.);
#772 = VERTEX_POINT('',#773);
#773 = CARTESIAN_POINT('',(3.25,-0.25,0.3));
#774 = LINE('',#775,#776);
#775 = CARTESIAN_POINT('',(3.25,-0.45,0.3));
#776 = VECTOR('',#777,1.);
#777 = DIRECTION('',(1.224646799147E-16,1.,-1.110223024625E-16));
#778 = ORIENTED_EDGE('',*,*,#779,.F.);
#779 = EDGE_CURVE('',#780,#772,#782,.T.);
#780 = VERTEX_POINT('',#781);
#781 = CARTESIAN_POINT('',(2.75,-0.25,0.3));
#782 = LINE('',#783,#784);
#783 = CARTESIAN_POINT('',(-1.95,-0.25,0.3));
#784 = VECTOR('',#785,1.);
#785 = DIRECTION('',(1.,-1.224646799147E-16,0.));
#786 = ORIENTED_EDGE('',*,*,#787,.F.);
#787 = EDGE_CURVE('',#788,#780,#790,.T.);
#788 = VERTEX_POINT('',#789);
#789 = CARTESIAN_POINT('',(2.75,-0.45,0.3));
#790 = LINE('',#791,#792);
#791 = CARTESIAN_POINT('',(2.75,-0.45,0.3));
#792 = VECTOR('',#793,1.);
#793 = DIRECTION('',(1.224646799147E-16,1.,-1.110223024625E-16));
#794 = ORIENTED_EDGE('',*,*,#795,.T.);
#795 = EDGE_CURVE('',#788,#796,#798,.T.);
#796 = VERTEX_POINT('',#797);
#797 = CARTESIAN_POINT('',(1.25,-0.45,0.3));
#798 = LINE('',#799,#800);
#799 = CARTESIAN_POINT('',(2.75,-0.45,0.3));
#800 = VECTOR('',#801,1.);
#801 = DIRECTION('',(-1.,1.224646799147E-16,0.));
#802 = ORIENTED_EDGE('',*,*,#803,.T.);
#803 = EDGE_CURVE('',#796,#804,#806,.T.);
#804 = VERTEX_POINT('',#805);
#805 = CARTESIAN_POINT('',(1.25,-0.25,0.3));
#806 = LINE('',#807,#808);
#807 = CARTESIAN_POINT('',(1.25,-0.45,0.3));
#808 = VECTOR('',#809,1.);
#809 = DIRECTION('',(1.224646799147E-16,1.,-1.110223024625E-16));
#810 = ORIENTED_EDGE('',*,*,#811,.F.);
#811 = EDGE_CURVE('',#812,#804,#814,.T.);
#812 = VERTEX_POINT('',#813);
#813 = CARTESIAN_POINT('',(0.75,-0.25,0.3));
#814 = LINE('',#815,#816);
#815 = CARTESIAN_POINT('',(-1.95,-0.25,0.3));
#816 = VECTOR('',#817,1.);
#817 = DIRECTION('',(1.,-1.224646799147E-16,0.));
#818 = ORIENTED_EDGE('',*,*,#819,.F.);
#819 = EDGE_CURVE('',#820,#812,#822,.T.);
#820 = VERTEX_POINT('',#821);
#821 = CARTESIAN_POINT('',(0.75,-0.45,0.3));
#822 = LINE('',#823,#824);
#823 = CARTESIAN_POINT('',(0.75,-0.45,0.3));
#824 = VECTOR('',#825,1.);
#825 = DIRECTION('',(1.224646799147E-16,1.,-1.110223024625E-16));
#826 = ORIENTED_EDGE('',*,*,#827,.T.);
#827 = EDGE_CURVE('',#820,#828,#830,.T.);
#828 = VERTEX_POINT('',#829);
#829 = CARTESIAN_POINT('',(-0.75,-0.45,0.3));
#830 = LINE('',#831,#832);
#831 = CARTESIAN_POINT('',(0.75,-0.45,0.3));
#832 = VECTOR('',#833,1.);
#833 = DIRECTION('',(-1.,1.224646799147E-16,0.));
#834 = ORIENTED_EDGE('',*,*,#835,.T.);
#835 = EDGE_CURVE('',#828,#734,#836,.T.);
#836 = LINE('',#837,#838);
#837 = CARTESIAN_POINT('',(-0.75,-0.45,0.3));
#838 = VECTOR('',#839,1.);
#839 = DIRECTION('',(1.224646799147E-16,1.,-1.110223024625E-16));
#840 = PLANE('',#841);
#841 = AXIS2_PLACEMENT_3D('',#842,#843,#844);
#842 = CARTESIAN_POINT('',(-1.95,-0.25,0.3));
#843 = DIRECTION('',(1.359631073447E-32,1.110223024625E-16,1.));
#844 = DIRECTION('',(1.,-1.224646799147E-16,-6.927121900793E-45));
#845 = ADVANCED_FACE('',(#846),#854,.T.);
#846 = FACE_BOUND('',#847,.T.);
#847 = EDGE_LOOP('',(#848,#849,#850,#851,#852,#853));
#848 = ORIENTED_EDGE('',*,*,#482,.T.);
#849 = ORIENTED_EDGE('',*,*,#448,.T.);
#850 = ORIENTED_EDGE('',*,*,#424,.T.);
#851 = ORIENTED_EDGE('',*,*,#400,.T.);
#852 = ORIENTED_EDGE('',*,*,#240,.T.);
#853 = ORIENTED_EDGE('',*,*,#748,.T.);
#854 = PLANE('',#855);
#855 = AXIS2_PLACEMENT_3D('',#856,#857,#858);
#856 = CARTESIAN_POINT('',(4.95,-1.566489992801,0.968760807125));
#857 = DIRECTION('',(-1.,1.224646799147E-16,0.));
#858 = DIRECTION('',(0.,0.,1.));
#859 = ADVANCED_FACE('',(#860),#942,.F.);
#860 = FACE_BOUND('',#861,.F.);
#861 = EDGE_LOOP('',(#862,#863,#871,#879,#887,#895,#903,#911,#919,#927,
    #935,#941));
#862 = ORIENTED_EDGE('',*,*,#264,.F.);
#863 = ORIENTED_EDGE('',*,*,#864,.T.);
#864 = EDGE_CURVE('',#265,#865,#867,.T.);
#865 = VERTEX_POINT('',#866);
#866 = CARTESIAN_POINT('',(-1.45,-2.05,0.8));
#867 = LINE('',#868,#869);
#868 = CARTESIAN_POINT('',(-1.45,-6.25,0.8));
#869 = VECTOR('',#870,1.);
#870 = DIRECTION('',(1.224646799147E-16,1.,-1.110223024625E-16));
#871 = ORIENTED_EDGE('',*,*,#872,.T.);
#872 = EDGE_CURVE('',#865,#873,#875,.T.);
#873 = VERTEX_POINT('',#874);
#874 = CARTESIAN_POINT('',(0.8,-2.05,0.8));
#875 = LINE('',#876,#877);
#876 = CARTESIAN_POINT('',(-1.45,-2.05,0.8));
#877 = VECTOR('',#878,1.);
#878 = DIRECTION('',(1.,-1.224646799147E-16,0.));
#879 = ORIENTED_EDGE('',*,*,#880,.T.);
#880 = EDGE_CURVE('',#873,#881,#883,.T.);
#881 = VERTEX_POINT('',#882);
#882 = CARTESIAN_POINT('',(0.8,-3.95,0.8));
#883 = LINE('',#884,#885);
#884 = CARTESIAN_POINT('',(0.8,-2.05,0.8));
#885 = VECTOR('',#886,1.);
#886 = DIRECTION('',(-1.224646799147E-16,-1.,1.110223024625E-16));
#887 = ORIENTED_EDGE('',*,*,#888,.T.);
#888 = EDGE_CURVE('',#881,#889,#891,.T.);
#889 = VERTEX_POINT('',#890);
#890 = CARTESIAN_POINT('',(1.2,-3.95,0.8));
#891 = LINE('',#892,#893);
#892 = CARTESIAN_POINT('',(0.8,-3.95,0.8));
#893 = VECTOR('',#894,1.);
#894 = DIRECTION('',(1.,-1.224646799147E-16,0.));
#895 = ORIENTED_EDGE('',*,*,#896,.F.);
#896 = EDGE_CURVE('',#897,#889,#899,.T.);
#897 = VERTEX_POINT('',#898);
#898 = CARTESIAN_POINT('',(1.2,-2.05,0.8));
#899 = LINE('',#900,#901);
#900 = CARTESIAN_POINT('',(1.2,-2.05,0.8));
#901 = VECTOR('',#902,1.);
#902 = DIRECTION('',(-1.224646799147E-16,-1.,1.110223024625E-16));
#903 = ORIENTED_EDGE('',*,*,#904,.T.);
#904 = EDGE_CURVE('',#897,#905,#907,.T.);
#905 = VERTEX_POINT('',#906);
#906 = CARTESIAN_POINT('',(2.8,-2.05,0.8));
#907 = LINE('',#908,#909);
#908 = CARTESIAN_POINT('',(-1.45,-2.05,0.8));
#909 = VECTOR('',#910,1.);
#910 = DIRECTION('',(1.,-1.224646799147E-16,0.));
#911 = ORIENTED_EDGE('',*,*,#912,.T.);
#912 = EDGE_CURVE('',#905,#913,#915,.T.);
#913 = VERTEX_POINT('',#914);
#914 = CARTESIAN_POINT('',(2.8,-3.95,0.8));
#915 = LINE('',#916,#917);
#916 = CARTESIAN_POINT('',(2.8,-2.05,0.8));
#917 = VECTOR('',#918,1.);
#918 = DIRECTION('',(-1.224646799147E-16,-1.,1.110223024625E-16));
#919 = ORIENTED_EDGE('',*,*,#920,.T.);
#920 = EDGE_CURVE('',#913,#921,#923,.T.);
#921 = VERTEX_POINT('',#922);
#922 = CARTESIAN_POINT('',(3.2,-3.95,0.8));
#923 = LINE('',#924,#925);
#924 = CARTESIAN_POINT('',(2.8,-3.95,0.8));
#925 = VECTOR('',#926,1.);
#926 = DIRECTION('',(1.,-1.224646799147E-16,0.));
#927 = ORIENTED_EDGE('',*,*,#928,.F.);
#928 = EDGE_CURVE('',#929,#921,#931,.T.);
#929 = VERTEX_POINT('',#930);
#930 = CARTESIAN_POINT('',(3.2,-2.05,0.8));
#931 = LINE('',#932,#933);
#932 = CARTESIAN_POINT('',(3.2,-2.05,0.8));
#933 = VECTOR('',#934,1.);
#934 = DIRECTION('',(-1.224646799147E-16,-1.,1.110223024625E-16));
#935 = ORIENTED_EDGE('',*,*,#936,.T.);
#936 = EDGE_CURVE('',#929,#320,#937,.T.);
#937 = LINE('',#938,#939);
#938 = CARTESIAN_POINT('',(-1.45,-2.05,0.8));
#939 = VECTOR('',#940,1.);
#940 = DIRECTION('',(1.,-1.224646799147E-16,0.));
#941 = ORIENTED_EDGE('',*,*,#319,.F.);
#942 = PLANE('',#943);
#943 = AXIS2_PLACEMENT_3D('',#944,#945,#946);
#944 = CARTESIAN_POINT('',(-1.45,-6.25,0.8));
#945 = DIRECTION('',(-1.359631073447E-32,-1.110223024625E-16,-1.));
#946 = DIRECTION('',(1.,-1.224646799147E-16,-6.927121900793E-45));
#947 = ADVANCED_FACE('',(#948),#999,.F.);
#948 = FACE_BOUND('',#949,.F.);
#949 = EDGE_LOOP('',(#950,#960,#968,#974,#975,#976,#984,#993));
#950 = ORIENTED_EDGE('',*,*,#951,.F.);
#951 = EDGE_CURVE('',#952,#954,#956,.T.);
#952 = VERTEX_POINT('',#953);
#953 = CARTESIAN_POINT('',(-1.45,-6.25,4.2));
#954 = VERTEX_POINT('',#955);
#955 = CARTESIAN_POINT('',(-1.45,-6.25,3.3));
#956 = LINE('',#957,#958);
#957 = CARTESIAN_POINT('',(-1.45,-6.25,4.2));
#958 = VECTOR('',#959,1.);
#959 = DIRECTION('',(-1.359631073447E-32,-1.110223024625E-16,-1.));
#960 = ORIENTED_EDGE('',*,*,#961,.T.);
#961 = EDGE_CURVE('',#952,#962,#964,.T.);
#962 = VERTEX_POINT('',#963);
#963 = CARTESIAN_POINT('',(-1.45,-2.05,4.2));
#964 = LINE('',#965,#966);
#965 = CARTESIAN_POINT('',(-1.45,-6.25,4.2));
#966 = VECTOR('',#967,1.);
#967 = DIRECTION('',(1.224646799147E-16,1.,-1.110223024625E-16));
#968 = ORIENTED_EDGE('',*,*,#969,.T.);
#969 = EDGE_CURVE('',#962,#865,#970,.T.);
#970 = LINE('',#971,#972);
#971 = CARTESIAN_POINT('',(-1.45,-2.05,4.2));
#972 = VECTOR('',#973,1.);
#973 = DIRECTION('',(-1.359631073447E-32,-1.110223024625E-16,-1.));
#974 = ORIENTED_EDGE('',*,*,#864,.F.);
#975 = ORIENTED_EDGE('',*,*,#272,.F.);
#976 = ORIENTED_EDGE('',*,*,#977,.T.);
#977 = EDGE_CURVE('',#273,#978,#980,.T.);
#978 = VERTEX_POINT('',#979);
#979 = CARTESIAN_POINT('',(-1.45,-4.65,2.5));
#980 = LINE('',#981,#982);
#981 = CARTESIAN_POINT('',(-1.45,-5.45,2.5));
#982 = VECTOR('',#983,1.);
#983 = DIRECTION('',(1.224646799147E-16,1.,-1.110223024625E-16));
#984 = ORIENTED_EDGE('',*,*,#985,.T.);
#985 = EDGE_CURVE('',#978,#986,#988,.T.);
#986 = VERTEX_POINT('',#987);
#987 = CARTESIAN_POINT('',(-1.45,-4.65,3.3));
#988 = CIRCLE('',#989,0.4);
#989 = AXIS2_PLACEMENT_3D('',#990,#991,#992);
#990 = CARTESIAN_POINT('',(-1.45,-4.65,2.9));
#991 = DIRECTION('',(1.,-1.224646799147E-16,0.));
#992 = DIRECTION('',(1.359631073446E-32,1.110223024625E-16,1.));
#993 = ORIENTED_EDGE('',*,*,#994,.T.);
#994 = EDGE_CURVE('',#986,#954,#995,.T.);
#995 = LINE('',#996,#997);
#996 = CARTESIAN_POINT('',(-1.45,-6.25,3.3));
#997 = VECTOR('',#998,1.);
#998 = DIRECTION('',(-1.224646799147E-16,-1.,1.110223024625E-16));
#999 = PLANE('',#1000);
#1000 = AXIS2_PLACEMENT_3D('',#1001,#1002,#1003);
#1001 = CARTESIAN_POINT('',(-1.45,-6.25,4.2));
#1002 = DIRECTION('',(-1.,1.224646799147E-16,0.));
#1003 = DIRECTION('',(-1.359631073446E-32,-1.110223024625E-16,-1.));
#1004 = ADVANCED_FACE('',(#1005),#1023,.T.);
#1005 = FACE_BOUND('',#1006,.T.);
#1006 = EDGE_LOOP('',(#1007,#1008,#1016,#1022));
#1007 = ORIENTED_EDGE('',*,*,#977,.T.);
#1008 = ORIENTED_EDGE('',*,*,#1009,.T.);
#1009 = EDGE_CURVE('',#978,#1010,#1012,.T.);
#1010 = VERTEX_POINT('',#1011);
#1011 = CARTESIAN_POINT('',(-1.95,-4.65,2.5));
#1012 = LINE('',#1013,#1014);
#1013 = CARTESIAN_POINT('',(5.95,-4.65,2.5));
#1014 = VECTOR('',#1015,1.);
#1015 = DIRECTION('',(-1.,1.224646799147E-16,0.));
#1016 = ORIENTED_EDGE('',*,*,#1017,.T.);
#1017 = EDGE_CURVE('',#1010,#281,#1018,.T.);
#1018 = LINE('',#1019,#1020);
#1019 = CARTESIAN_POINT('',(-1.95,-2.45,2.5));
#1020 = VECTOR('',#1021,1.);
#1021 = DIRECTION('',(-1.224646799147E-16,-1.,1.110223024625E-16));
#1022 = ORIENTED_EDGE('',*,*,#280,.F.);
#1023 = PLANE('',#1024);
#1024 = AXIS2_PLACEMENT_3D('',#1025,#1026,#1027);
#1025 = CARTESIAN_POINT('',(5.95,-4.65,2.5));
#1026 = DIRECTION('',(1.359631073447E-32,1.110223024625E-16,1.));
#1027 = DIRECTION('',(-1.224646799147E-16,-1.,1.110223024625E-16));
#1028 = ADVANCED_FACE('',(#1029),#1096,.T.);
#1029 = FACE_BOUND('',#1030,.T.);
#1030 = EDGE_LOOP('',(#1031,#1041,#1049,#1057,#1063,#1064,#1065,#1074,
    #1082,#1090));
#1031 = ORIENTED_EDGE('',*,*,#1032,.T.);
#1032 = EDGE_CURVE('',#1033,#1035,#1037,.T.);
#1033 = VERTEX_POINT('',#1034);
#1034 = CARTESIAN_POINT('',(-1.95,-0.25,4.8));
#1035 = VERTEX_POINT('',#1036);
#1036 = CARTESIAN_POINT('',(-1.95,-0.25,4.1));
#1037 = LINE('',#1038,#1039);
#1038 = CARTESIAN_POINT('',(-1.95,-0.25,4.8));
#1039 = VECTOR('',#1040,1.);
#1040 = DIRECTION('',(-1.359631073447E-32,-1.110223024625E-16,-1.));
#1041 = ORIENTED_EDGE('',*,*,#1042,.T.);
#1042 = EDGE_CURVE('',#1035,#1043,#1045,.T.);
#1043 = VERTEX_POINT('',#1044);
#1044 = CARTESIAN_POINT('',(-1.95,1.35,3.2));
#1045 = LINE('',#1046,#1047);
#1046 = CARTESIAN_POINT('',(-1.95,-0.25,4.1));
#1047 = VECTOR('',#1048,1.);
#1048 = DIRECTION('',(1.067372191754E-16,0.871575537124,-0.490261239633)
  );
#1049 = ORIENTED_EDGE('',*,*,#1050,.T.);
#1050 = EDGE_CURVE('',#1043,#1051,#1053,.T.);
#1051 = VERTEX_POINT('',#1052);
#1052 = CARTESIAN_POINT('',(-1.95,1.35,0.));
#1053 = LINE('',#1054,#1055);
#1054 = CARTESIAN_POINT('',(-1.95,1.35,3.2));
#1055 = VECTOR('',#1056,1.);
#1056 = DIRECTION('',(-0.,0.,-1.));
#1057 = ORIENTED_EDGE('',*,*,#1058,.T.);
#1058 = EDGE_CURVE('',#1051,#289,#1059,.T.);
#1059 = LINE('',#1060,#1061);
#1060 = CARTESIAN_POINT('',(-1.95,1.35,0.));
#1061 = VECTOR('',#1062,1.);
#1062 = DIRECTION('',(-1.224646799147E-16,-1.,0.));
#1063 = ORIENTED_EDGE('',*,*,#288,.F.);
#1064 = ORIENTED_EDGE('',*,*,#1017,.F.);
#1065 = ORIENTED_EDGE('',*,*,#1066,.T.);
#1066 = EDGE_CURVE('',#1010,#1067,#1069,.T.);
#1067 = VERTEX_POINT('',#1068);
#1068 = CARTESIAN_POINT('',(-1.95,-4.65,3.3));
#1069 = CIRCLE('',#1070,0.4);
#1070 = AXIS2_PLACEMENT_3D('',#1071,#1072,#1073);
#1071 = CARTESIAN_POINT('',(-1.95,-4.65,2.9));
#1072 = DIRECTION('',(1.,-1.224646799147E-16,0.));
#1073 = DIRECTION('',(1.359631073446E-32,1.110223024625E-16,1.));
#1074 = ORIENTED_EDGE('',*,*,#1075,.F.);
#1075 = EDGE_CURVE('',#1076,#1067,#1078,.T.);
#1076 = VERTEX_POINT('',#1077);
#1077 = CARTESIAN_POINT('',(-1.95,-6.25,3.3));
#1078 = LINE('',#1079,#1080);
#1079 = CARTESIAN_POINT('',(-1.95,-3.25,3.3));
#1080 = VECTOR('',#1081,1.);
#1081 = DIRECTION('',(1.224646799147E-16,1.,-1.110223024625E-16));
#1082 = ORIENTED_EDGE('',*,*,#1083,.F.);
#1083 = EDGE_CURVE('',#1084,#1076,#1086,.T.);
#1084 = VERTEX_POINT('',#1085);
#1085 = CARTESIAN_POINT('',(-1.95,-6.25,4.8));
#1086 = LINE('',#1087,#1088);
#1087 = CARTESIAN_POINT('',(-1.95,-6.25,4.8));
#1088 = VECTOR('',#1089,1.);
#1089 = DIRECTION('',(-1.359631073447E-32,-1.110223024625E-16,-1.));
#1090 = ORIENTED_EDGE('',*,*,#1091,.F.);
#1091 = EDGE_CURVE('',#1033,#1084,#1092,.T.);
#1092 = LINE('',#1093,#1094);
#1093 = CARTESIAN_POINT('',(-1.95,-0.25,4.8));
#1094 = VECTOR('',#1095,1.);
#1095 = DIRECTION('',(-1.224646799147E-16,-1.,1.110223024625E-16));
#1096 = PLANE('',#1097);
#1097 = AXIS2_PLACEMENT_3D('',#1098,#1099,#1100);
#1098 = CARTESIAN_POINT('',(-1.95,-2.909897467985,2.368621550033));
#1099 = DIRECTION('',(-1.,1.224646799147E-16,7.051830033895E-32));
#1100 = DIRECTION('',(7.051830033895E-32,-8.636001079141E-48,1.));
#1101 = ADVANCED_FACE('',(#1102),#1120,.F.);
#1102 = FACE_BOUND('',#1103,.F.);
#1103 = EDGE_LOOP('',(#1104,#1112,#1113,#1114));
#1104 = ORIENTED_EDGE('',*,*,#1105,.T.);
#1105 = EDGE_CURVE('',#1106,#1051,#1108,.T.);
#1106 = VERTEX_POINT('',#1107);
#1107 = CARTESIAN_POINT('',(-0.95,1.35,0.));
#1108 = LINE('',#1109,#1110);
#1109 = CARTESIAN_POINT('',(-0.95,1.35,0.));
#1110 = VECTOR('',#1111,1.);
#1111 = DIRECTION('',(-1.,1.224646799147E-16,0.));
#1112 = ORIENTED_EDGE('',*,*,#1058,.T.);
#1113 = ORIENTED_EDGE('',*,*,#296,.F.);
#1114 = ORIENTED_EDGE('',*,*,#1115,.F.);
#1115 = EDGE_CURVE('',#1106,#297,#1116,.T.);
#1116 = LINE('',#1117,#1118);
#1117 = CARTESIAN_POINT('',(-0.95,1.35,0.));
#1118 = VECTOR('',#1119,1.);
#1119 = DIRECTION('',(-1.224646799147E-16,-1.,0.));
#1120 = PLANE('',#1121);
#1121 = AXIS2_PLACEMENT_3D('',#1122,#1123,#1124);
#1122 = CARTESIAN_POINT('',(-0.95,1.35,0.));
#1123 = DIRECTION('',(0.,0.,1.));
#1124 = DIRECTION('',(-1.224646799147E-16,-1.,0.));
#1125 = ADVANCED_FACE('',(#1126),#1153,.F.);
#1126 = FACE_BOUND('',#1127,.F.);
#1127 = EDGE_LOOP('',(#1128,#1136,#1144,#1150,#1151,#1152));
#1128 = ORIENTED_EDGE('',*,*,#1129,.T.);
#1129 = EDGE_CURVE('',#732,#1130,#1132,.T.);
#1130 = VERTEX_POINT('',#1131);
#1131 = CARTESIAN_POINT('',(-0.95,-0.25,4.1));
#1132 = LINE('',#1133,#1134);
#1133 = CARTESIAN_POINT('',(-0.95,-0.25,0.3));
#1134 = VECTOR('',#1135,1.);
#1135 = DIRECTION('',(0.,0.,1.));
#1136 = ORIENTED_EDGE('',*,*,#1137,.T.);
#1137 = EDGE_CURVE('',#1130,#1138,#1140,.T.);
#1138 = VERTEX_POINT('',#1139);
#1139 = CARTESIAN_POINT('',(-0.95,1.35,3.2));
#1140 = LINE('',#1141,#1142);
#1141 = CARTESIAN_POINT('',(-0.95,-0.25,4.1));
#1142 = VECTOR('',#1143,1.);
#1143 = DIRECTION('',(1.067372191754E-16,0.871575537124,-0.490261239633)
  );
#1144 = ORIENTED_EDGE('',*,*,#1145,.T.);
#1145 = EDGE_CURVE('',#1138,#1106,#1146,.T.);
#1146 = LINE('',#1147,#1148);
#1147 = CARTESIAN_POINT('',(-0.95,1.35,3.2));
#1148 = VECTOR('',#1149,1.);
#1149 = DIRECTION('',(-0.,0.,-1.));
#1150 = ORIENTED_EDGE('',*,*,#1115,.T.);
#1151 = ORIENTED_EDGE('',*,*,#304,.T.);
#1152 = ORIENTED_EDGE('',*,*,#741,.T.);
#1153 = PLANE('',#1154);
#1154 = AXIS2_PLACEMENT_3D('',#1155,#1156,#1157);
#1155 = CARTESIAN_POINT('',(-0.95,-1.566489992801,0.968760807125));
#1156 = DIRECTION('',(-1.,1.224646799147E-16,0.));
#1157 = DIRECTION('',(0.,0.,1.));
#1158 = ADVANCED_FACE('',(#1159),#1264,.F.);
#1159 = FACE_BOUND('',#1160,.F.);
#1160 = EDGE_LOOP('',(#1161,#1162,#1163,#1171,#1179,#1187,#1195,#1203,
    #1211,#1219,#1227,#1233,#1234,#1242,#1250,#1258));
#1161 = ORIENTED_EDGE('',*,*,#704,.F.);
#1162 = ORIENTED_EDGE('',*,*,#335,.T.);
#1163 = ORIENTED_EDGE('',*,*,#1164,.T.);
#1164 = EDGE_CURVE('',#328,#1165,#1167,.T.);
#1165 = VERTEX_POINT('',#1166);
#1166 = CARTESIAN_POINT('',(5.4,-2.05,4.2));
#1167 = LINE('',#1168,#1169);
#1168 = CARTESIAN_POINT('',(5.45,-2.05,4.2));
#1169 = VECTOR('',#1170,1.);
#1170 = DIRECTION('',(-1.,1.224646799147E-16,0.));
#1171 = ORIENTED_EDGE('',*,*,#1172,.F.);
#1172 = EDGE_CURVE('',#1173,#1165,#1175,.T.);
#1173 = VERTEX_POINT('',#1174);
#1174 = CARTESIAN_POINT('',(5.4,-4.45,4.2));
#1175 = LINE('',#1176,#1177);
#1176 = CARTESIAN_POINT('',(5.4,-4.45,4.2));
#1177 = VECTOR('',#1178,1.);
#1178 = DIRECTION('',(1.224646799147E-16,1.,-1.110223024625E-16));
#1179 = ORIENTED_EDGE('',*,*,#1180,.F.);
#1180 = EDGE_CURVE('',#1181,#1173,#1183,.T.);
#1181 = VERTEX_POINT('',#1182);
#1182 = CARTESIAN_POINT('',(4.4,-4.45,4.2));
#1183 = LINE('',#1184,#1185);
#1184 = CARTESIAN_POINT('',(4.4,-4.45,4.2));
#1185 = VECTOR('',#1186,1.);
#1186 = DIRECTION('',(1.,-1.224646799147E-16,0.));
#1187 = ORIENTED_EDGE('',*,*,#1188,.F.);
#1188 = EDGE_CURVE('',#1189,#1181,#1191,.T.);
#1189 = VERTEX_POINT('',#1190);
#1190 = CARTESIAN_POINT('',(4.4,-2.05,4.2));
#1191 = LINE('',#1192,#1193);
#1192 = CARTESIAN_POINT('',(4.4,-0.25,4.2));
#1193 = VECTOR('',#1194,1.);
#1194 = DIRECTION('',(-1.224646799147E-16,-1.,1.110223024625E-16));
#1195 = ORIENTED_EDGE('',*,*,#1196,.T.);
#1196 = EDGE_CURVE('',#1189,#1197,#1199,.T.);
#1197 = VERTEX_POINT('',#1198);
#1198 = CARTESIAN_POINT('',(-0.4,-2.05,4.2));
#1199 = LINE('',#1200,#1201);
#1200 = CARTESIAN_POINT('',(5.45,-2.05,4.2));
#1201 = VECTOR('',#1202,1.);
#1202 = DIRECTION('',(-1.,1.224646799147E-16,0.));
#1203 = ORIENTED_EDGE('',*,*,#1204,.T.);
#1204 = EDGE_CURVE('',#1197,#1205,#1207,.T.);
#1205 = VERTEX_POINT('',#1206);
#1206 = CARTESIAN_POINT('',(-0.4,-4.45,4.2));
#1207 = LINE('',#1208,#1209);
#1208 = CARTESIAN_POINT('',(-0.4,-0.25,4.2));
#1209 = VECTOR('',#1210,1.);
#1210 = DIRECTION('',(-1.224646799147E-16,-1.,1.110223024625E-16));
#1211 = ORIENTED_EDGE('',*,*,#1212,.T.);
#1212 = EDGE_CURVE('',#1205,#1213,#1215,.T.);
#1213 = VERTEX_POINT('',#1214);
#1214 = CARTESIAN_POINT('',(-1.4,-4.45,4.2));
#1215 = LINE('',#1216,#1217);
#1216 = CARTESIAN_POINT('',(-0.4,-4.45,4.2));
#1217 = VECTOR('',#1218,1.);
#1218 = DIRECTION('',(-1.,1.224646799147E-16,0.));
#1219 = ORIENTED_EDGE('',*,*,#1220,.T.);
#1220 = EDGE_CURVE('',#1213,#1221,#1223,.T.);
#1221 = VERTEX_POINT('',#1222);
#1222 = CARTESIAN_POINT('',(-1.4,-2.05,4.2));
#1223 = LINE('',#1224,#1225);
#1224 = CARTESIAN_POINT('',(-1.4,-4.45,4.2));
#1225 = VECTOR('',#1226,1.);
#1226 = DIRECTION('',(1.224646799147E-16,1.,-1.110223024625E-16));
#1227 = ORIENTED_EDGE('',*,*,#1228,.T.);
#1228 = EDGE_CURVE('',#1221,#962,#1229,.T.);
#1229 = LINE('',#1230,#1231);
#1230 = CARTESIAN_POINT('',(5.45,-2.05,4.2));
#1231 = VECTOR('',#1232,1.);
#1232 = DIRECTION('',(-1.,1.224646799147E-16,0.));
#1233 = ORIENTED_EDGE('',*,*,#961,.F.);
#1234 = ORIENTED_EDGE('',*,*,#1235,.F.);
#1235 = EDGE_CURVE('',#1236,#952,#1238,.T.);
#1236 = VERTEX_POINT('',#1237);
#1237 = CARTESIAN_POINT('',(0.55,-6.25,4.2));
#1238 = LINE('',#1239,#1240);
#1239 = CARTESIAN_POINT('',(5.45,-6.25,4.2));
#1240 = VECTOR('',#1241,1.);
#1241 = DIRECTION('',(-1.,1.224646799147E-16,0.));
#1242 = ORIENTED_EDGE('',*,*,#1243,.F.);
#1243 = EDGE_CURVE('',#1244,#1236,#1246,.T.);
#1244 = VERTEX_POINT('',#1245);
#1245 = CARTESIAN_POINT('',(0.55,-2.35,4.2));
#1246 = LINE('',#1247,#1248);
#1247 = CARTESIAN_POINT('',(0.55,-4.3,4.2));
#1248 = VECTOR('',#1249,1.);
#1249 = DIRECTION('',(-1.224646799147E-16,-1.,1.110223024625E-16));
#1250 = ORIENTED_EDGE('',*,*,#1251,.F.);
#1251 = EDGE_CURVE('',#1252,#1244,#1254,.T.);
#1252 = VERTEX_POINT('',#1253);
#1253 = CARTESIAN_POINT('',(3.45,-2.35,4.2));
#1254 = LINE('',#1255,#1256);
#1255 = CARTESIAN_POINT('',(4.45,-2.35,4.2));
#1256 = VECTOR('',#1257,1.);
#1257 = DIRECTION('',(-1.,2.755988902079E-16,-1.700131261252E-32));
#1258 = ORIENTED_EDGE('',*,*,#1259,.F.);
#1259 = EDGE_CURVE('',#697,#1252,#1260,.T.);
#1260 = LINE('',#1261,#1262);
#1261 = CARTESIAN_POINT('',(3.45,-6.25,4.2));
#1262 = VECTOR('',#1263,1.);
#1263 = DIRECTION('',(1.224646799147E-16,1.,-1.110223024625E-16));
#1264 = PLANE('',#1265);
#1265 = AXIS2_PLACEMENT_3D('',#1266,#1267,#1268);
#1266 = CARTESIAN_POINT('',(5.45,-6.25,4.2));
#1267 = DIRECTION('',(1.359631073447E-32,1.110223024625E-16,1.));
#1268 = DIRECTION('',(-1.,1.224646799147E-16,6.927121900793E-45));
#1269 = ADVANCED_FACE('',(#1270,#1336,#1370,#1404),#1438,.T.);
#1270 = FACE_BOUND('',#1271,.T.);
#1271 = EDGE_LOOP('',(#1272,#1273,#1274,#1275,#1281,#1282,#1288,#1289,
    #1290,#1291,#1299,#1307,#1313,#1314,#1322,#1330));
#1272 = ORIENTED_EDGE('',*,*,#936,.T.);
#1273 = ORIENTED_EDGE('',*,*,#327,.T.);
#1274 = ORIENTED_EDGE('',*,*,#1164,.T.);
#1275 = ORIENTED_EDGE('',*,*,#1276,.T.);
#1276 = EDGE_CURVE('',#1165,#1189,#1277,.T.);
#1277 = LINE('',#1278,#1279);
#1278 = CARTESIAN_POINT('',(5.45,-2.05,4.2));
#1279 = VECTOR('',#1280,1.);
#1280 = DIRECTION('',(-1.,1.224646799147E-16,0.));
#1281 = ORIENTED_EDGE('',*,*,#1196,.T.);
#1282 = ORIENTED_EDGE('',*,*,#1283,.T.);
#1283 = EDGE_CURVE('',#1197,#1221,#1284,.T.);
#1284 = LINE('',#1285,#1286);
#1285 = CARTESIAN_POINT('',(5.45,-2.05,4.2));
#1286 = VECTOR('',#1287,1.);
#1287 = DIRECTION('',(-1.,1.224646799147E-16,0.));
#1288 = ORIENTED_EDGE('',*,*,#1228,.T.);
#1289 = ORIENTED_EDGE('',*,*,#969,.T.);
#1290 = ORIENTED_EDGE('',*,*,#872,.T.);
#1291 = ORIENTED_EDGE('',*,*,#1292,.F.);
#1292 = EDGE_CURVE('',#1293,#873,#1295,.T.);
#1293 = VERTEX_POINT('',#1294);
#1294 = CARTESIAN_POINT('',(0.8,-2.05,1.1));
#1295 = LINE('',#1296,#1297);
#1296 = CARTESIAN_POINT('',(0.8,-2.05,1.1));
#1297 = VECTOR('',#1298,1.);
#1298 = DIRECTION('',(-1.359631073447E-32,-1.110223024625E-16,-1.));
#1299 = ORIENTED_EDGE('',*,*,#1300,.F.);
#1300 = EDGE_CURVE('',#1301,#1293,#1303,.T.);
#1301 = VERTEX_POINT('',#1302);
#1302 = CARTESIAN_POINT('',(1.2,-2.05,1.1));
#1303 = LINE('',#1304,#1305);
#1304 = CARTESIAN_POINT('',(1.2,-2.05,1.1));
#1305 = VECTOR('',#1306,1.);
#1306 = DIRECTION('',(-1.,1.224646799147E-16,0.));
#1307 = ORIENTED_EDGE('',*,*,#1308,.F.);
#1308 = EDGE_CURVE('',#897,#1301,#1309,.T.);
#1309 = LINE('',#1310,#1311);
#1310 = CARTESIAN_POINT('',(1.2,-2.05,0.8));
#1311 = VECTOR('',#1312,1.);
#1312 = DIRECTION('',(1.359631073447E-32,1.110223024625E-16,1.));
#1313 = ORIENTED_EDGE('',*,*,#904,.T.);
#1314 = ORIENTED_EDGE('',*,*,#1315,.F.);
#1315 = EDGE_CURVE('',#1316,#905,#1318,.T.);
#1316 = VERTEX_POINT('',#1317);
#1317 = CARTESIAN_POINT('',(2.8,-2.05,1.1));
#1318 = LINE('',#1319,#1320);
#1319 = CARTESIAN_POINT('',(2.8,-2.05,1.1));
#1320 = VECTOR('',#1321,1.);
#1321 = DIRECTION('',(-1.359631073447E-32,-1.110223024625E-16,-1.));
#1322 = ORIENTED_EDGE('',*,*,#1323,.F.);
#1323 = EDGE_CURVE('',#1324,#1316,#1326,.T.);
#1324 = VERTEX_POINT('',#1325);
#1325 = CARTESIAN_POINT('',(3.2,-2.05,1.1));
#1326 = LINE('',#1327,#1328);
#1327 = CARTESIAN_POINT('',(3.2,-2.05,1.1));
#1328 = VECTOR('',#1329,1.);
#1329 = DIRECTION('',(-1.,1.224646799147E-16,0.));
#1330 = ORIENTED_EDGE('',*,*,#1331,.F.);
#1331 = EDGE_CURVE('',#929,#1324,#1332,.T.);
#1332 = LINE('',#1333,#1334);
#1333 = CARTESIAN_POINT('',(3.2,-2.05,0.8));
#1334 = VECTOR('',#1335,1.);
#1335 = DIRECTION('',(1.359631073447E-32,1.110223024625E-16,1.));
#1336 = FACE_BOUND('',#1337,.T.);
#1337 = EDGE_LOOP('',(#1338,#1348,#1356,#1364));
#1338 = ORIENTED_EDGE('',*,*,#1339,.F.);
#1339 = EDGE_CURVE('',#1340,#1342,#1344,.T.);
#1340 = VERTEX_POINT('',#1341);
#1341 = CARTESIAN_POINT('',(1.75,-2.05,3.35));
#1342 = VERTEX_POINT('',#1343);
#1343 = CARTESIAN_POINT('',(1.75,-2.05,2.85));
#1344 = LINE('',#1345,#1346);
#1345 = CARTESIAN_POINT('',(1.75,-2.05,1.911519607843));
#1346 = VECTOR('',#1347,1.);
#1347 = DIRECTION('',(-1.359631073447E-32,-1.110223024625E-16,-1.));
#1348 = ORIENTED_EDGE('',*,*,#1349,.T.);
#1349 = EDGE_CURVE('',#1340,#1350,#1352,.T.);
#1350 = VERTEX_POINT('',#1351);
#1351 = CARTESIAN_POINT('',(2.25,-2.05,3.35));
#1352 = LINE('',#1353,#1354);
#1353 = CARTESIAN_POINT('',(2.125,-2.05,3.35));
#1354 = VECTOR('',#1355,1.);
#1355 = DIRECTION('',(1.,-1.224646799147E-16,0.));
#1356 = ORIENTED_EDGE('',*,*,#1357,.T.);
#1357 = EDGE_CURVE('',#1350,#1358,#1360,.T.);
#1358 = VERTEX_POINT('',#1359);
#1359 = CARTESIAN_POINT('',(2.25,-2.05,2.85));
#1360 = LINE('',#1361,#1362);
#1361 = CARTESIAN_POINT('',(2.25,-2.05,1.911519607843));
#1362 = VECTOR('',#1363,1.);
#1363 = DIRECTION('',(-1.359631073447E-32,-1.110223024625E-16,-1.));
#1364 = ORIENTED_EDGE('',*,*,#1365,.T.);
#1365 = EDGE_CURVE('',#1358,#1342,#1366,.T.);
#1366 = LINE('',#1367,#1368);
#1367 = CARTESIAN_POINT('',(2.125,-2.05,2.85));
#1368 = VECTOR('',#1369,1.);
#1369 = DIRECTION('',(-1.,1.224646799147E-16,0.));
#1370 = FACE_BOUND('',#1371,.T.);
#1371 = EDGE_LOOP('',(#1372,#1382,#1390,#1398));
#1372 = ORIENTED_EDGE('',*,*,#1373,.T.);
#1373 = EDGE_CURVE('',#1374,#1376,#1378,.T.);
#1374 = VERTEX_POINT('',#1375);
#1375 = CARTESIAN_POINT('',(4.25,-2.05,3.35));
#1376 = VERTEX_POINT('',#1377);
#1377 = CARTESIAN_POINT('',(4.25,-2.05,2.85));
#1378 = LINE('',#1379,#1380);
#1379 = CARTESIAN_POINT('',(4.25,-2.05,1.901106711288));
#1380 = VECTOR('',#1381,1.);
#1381 = DIRECTION('',(-1.359631073447E-32,-1.110223024625E-16,-1.));
#1382 = ORIENTED_EDGE('',*,*,#1383,.T.);
#1383 = EDGE_CURVE('',#1376,#1384,#1386,.T.);
#1384 = VERTEX_POINT('',#1385);
#1385 = CARTESIAN_POINT('',(3.75,-2.05,2.85));
#1386 = LINE('',#1387,#1388);
#1387 = CARTESIAN_POINT('',(3.125,-2.05,2.85));
#1388 = VECTOR('',#1389,1.);
#1389 = DIRECTION('',(-1.,1.224646799147E-16,0.));
#1390 = ORIENTED_EDGE('',*,*,#1391,.F.);
#1391 = EDGE_CURVE('',#1392,#1384,#1394,.T.);
#1392 = VERTEX_POINT('',#1393);
#1393 = CARTESIAN_POINT('',(3.75,-2.05,3.35));
#1394 = LINE('',#1395,#1396);
#1395 = CARTESIAN_POINT('',(3.75,-2.05,1.901106711288));
#1396 = VECTOR('',#1397,1.);
#1397 = DIRECTION('',(-1.359631073447E-32,-1.110223024625E-16,-1.));
#1398 = ORIENTED_EDGE('',*,*,#1399,.T.);
#1399 = EDGE_CURVE('',#1392,#1374,#1400,.T.);
#1400 = LINE('',#1401,#1402);
#1401 = CARTESIAN_POINT('',(3.125,-2.05,3.35));
#1402 = VECTOR('',#1403,1.);
#1403 = DIRECTION('',(1.,-1.224646799147E-16,0.));
#1404 = FACE_BOUND('',#1405,.T.);
#1405 = EDGE_LOOP('',(#1406,#1416,#1424,#1432));
#1406 = ORIENTED_EDGE('',*,*,#1407,.F.);
#1407 = EDGE_CURVE('',#1408,#1410,#1412,.T.);
#1408 = VERTEX_POINT('',#1409);
#1409 = CARTESIAN_POINT('',(-0.25,-2.05,3.35));
#1410 = VERTEX_POINT('',#1411);
#1411 = CARTESIAN_POINT('',(-0.25,-2.05,2.85));
#1412 = LINE('',#1413,#1414);
#1413 = CARTESIAN_POINT('',(-0.25,-2.05,1.901106711288));
#1414 = VECTOR('',#1415,1.);
#1415 = DIRECTION('',(-1.359631073447E-32,-1.110223024625E-16,-1.));
#1416 = ORIENTED_EDGE('',*,*,#1417,.T.);
#1417 = EDGE_CURVE('',#1408,#1418,#1420,.T.);
#1418 = VERTEX_POINT('',#1419);
#1419 = CARTESIAN_POINT('',(0.25,-2.05,3.35));
#1420 = LINE('',#1421,#1422);
#1421 = CARTESIAN_POINT('',(1.125,-2.05,3.35));
#1422 = VECTOR('',#1423,1.);
#1423 = DIRECTION('',(1.,-1.224646799147E-16,0.));
#1424 = ORIENTED_EDGE('',*,*,#1425,.T.);
#1425 = EDGE_CURVE('',#1418,#1426,#1428,.T.);
#1426 = VERTEX_POINT('',#1427);
#1427 = CARTESIAN_POINT('',(0.25,-2.05,2.85));
#1428 = LINE('',#1429,#1430);
#1429 = CARTESIAN_POINT('',(0.25,-2.05,1.901106711288));
#1430 = VECTOR('',#1431,1.);
#1431 = DIRECTION('',(-1.359631073447E-32,-1.110223024625E-16,-1.));
#1432 = ORIENTED_EDGE('',*,*,#1433,.T.);
#1433 = EDGE_CURVE('',#1426,#1410,#1434,.T.);
#1434 = LINE('',#1435,#1436);
#1435 = CARTESIAN_POINT('',(1.125,-2.05,2.85));
#1436 = VECTOR('',#1437,1.);
#1437 = DIRECTION('',(-1.,1.224646799147E-16,0.));
#1438 = PLANE('',#1439);
#1439 = AXIS2_PLACEMENT_3D('',#1440,#1441,#1442);
#1440 = CARTESIAN_POINT('',(2.,-2.05,2.5));
#1441 = DIRECTION('',(-1.224646799147E-16,-1.,1.110223024625E-16));
#1442 = DIRECTION('',(-1.359631073447E-32,-1.110223024625E-16,-1.));
#1443 = ADVANCED_FACE('',(#1444),#1478,.F.);
#1444 = FACE_BOUND('',#1445,.F.);
#1445 = EDGE_LOOP('',(#1446,#1447,#1455,#1463,#1471,#1477));
#1446 = ORIENTED_EDGE('',*,*,#464,.T.);
#1447 = ORIENTED_EDGE('',*,*,#1448,.T.);
#1448 = EDGE_CURVE('',#467,#1449,#1451,.T.);
#1449 = VERTEX_POINT('',#1450);
#1450 = CARTESIAN_POINT('',(4.75,-0.4,4.2));
#1451 = LINE('',#1452,#1453);
#1452 = CARTESIAN_POINT('',(4.75,-1.335399017773,4.2));
#1453 = VECTOR('',#1454,1.);
#1454 = DIRECTION('',(-1.224646799147E-16,-1.,1.110223024625E-16));
#1455 = ORIENTED_EDGE('',*,*,#1456,.T.);
#1456 = EDGE_CURVE('',#1449,#1457,#1459,.T.);
#1457 = VERTEX_POINT('',#1458);
#1458 = CARTESIAN_POINT('',(4.75,-0.35,3.6));
#1459 = LINE('',#1460,#1461);
#1460 = CARTESIAN_POINT('',(4.75,-0.45,4.8));
#1461 = VECTOR('',#1462,1.);
#1462 = DIRECTION('',(1.017013810865E-17,8.304547985373E-02,
    -0.996545758245));
#1463 = ORIENTED_EDGE('',*,*,#1464,.T.);
#1464 = EDGE_CURVE('',#1457,#1465,#1467,.T.);
#1465 = VERTEX_POINT('',#1466);
#1466 = CARTESIAN_POINT('',(4.75,-0.35,2.6));
#1467 = LINE('',#1468,#1469);
#1468 = CARTESIAN_POINT('',(4.75,-0.35,3.6));
#1469 = VECTOR('',#1470,1.);
#1470 = DIRECTION('',(-1.359631073447E-32,-1.110223024625E-16,-1.));
#1471 = ORIENTED_EDGE('',*,*,#1472,.T.);
#1472 = EDGE_CURVE('',#1465,#756,#1473,.T.);
#1473 = LINE('',#1474,#1475);
#1474 = CARTESIAN_POINT('',(4.75,-0.35,2.6));
#1475 = VECTOR('',#1476,1.);
#1476 = DIRECTION('',(-5.319525767383E-18,-4.343722427631E-02,
    -0.999056158355));
#1477 = ORIENTED_EDGE('',*,*,#755,.T.);
#1478 = PLANE('',#1479);
#1479 = AXIS2_PLACEMENT_3D('',#1480,#1481,#1482);
#1480 = CARTESIAN_POINT('',(4.75,-0.320798035545,2.550475523299));
#1481 = DIRECTION('',(1.,-1.224646799147E-16,0.));
#1482 = DIRECTION('',(1.224646799147E-16,1.,-1.110223024625E-16));
#1483 = ADVANCED_FACE('',(#1484),#1509,.T.);
#1484 = FACE_BOUND('',#1485,.T.);
#1485 = EDGE_LOOP('',(#1486,#1487,#1493,#1494,#1495,#1503));
#1486 = ORIENTED_EDGE('',*,*,#1276,.F.);
#1487 = ORIENTED_EDGE('',*,*,#1488,.T.);
#1488 = EDGE_CURVE('',#1165,#499,#1489,.T.);
#1489 = LINE('',#1490,#1491);
#1490 = CARTESIAN_POINT('',(5.4,-4.45,4.2));
#1491 = VECTOR('',#1492,1.);
#1492 = DIRECTION('',(1.224646799147E-16,1.,-1.110223024625E-16));
#1493 = ORIENTED_EDGE('',*,*,#506,.T.);
#1494 = ORIENTED_EDGE('',*,*,#1448,.T.);
#1495 = ORIENTED_EDGE('',*,*,#1496,.T.);
#1496 = EDGE_CURVE('',#1449,#1497,#1499,.T.);
#1497 = VERTEX_POINT('',#1498);
#1498 = CARTESIAN_POINT('',(4.4,-0.4,4.2));
#1499 = LINE('',#1500,#1501);
#1500 = CARTESIAN_POINT('',(4.825,-0.4,4.2));
#1501 = VECTOR('',#1502,1.);
#1502 = DIRECTION('',(-1.,1.224646799147E-16,0.));
#1503 = ORIENTED_EDGE('',*,*,#1504,.T.);
#1504 = EDGE_CURVE('',#1497,#1189,#1505,.T.);
#1505 = LINE('',#1506,#1507);
#1506 = CARTESIAN_POINT('',(4.4,-0.25,4.2));
#1507 = VECTOR('',#1508,1.);
#1508 = DIRECTION('',(-1.224646799147E-16,-1.,1.110223024625E-16));
#1509 = PLANE('',#1510);
#1510 = AXIS2_PLACEMENT_3D('',#1511,#1512,#1513);
#1511 = CARTESIAN_POINT('',(4.9,-2.35,4.2));
#1512 = DIRECTION('',(1.359631073447E-32,1.110223024625E-16,1.));
#1513 = DIRECTION('',(1.224646799147E-16,1.,-1.110223024625E-16));
#1514 = ADVANCED_FACE('',(#1515),#1527,.F.);
#1515 = FACE_BOUND('',#1516,.T.);
#1516 = EDGE_LOOP('',(#1517,#1518,#1519,#1520,#1521));
#1517 = ORIENTED_EDGE('',*,*,#674,.T.);
#1518 = ORIENTED_EDGE('',*,*,#498,.T.);
#1519 = ORIENTED_EDGE('',*,*,#1488,.F.);
#1520 = ORIENTED_EDGE('',*,*,#1172,.F.);
#1521 = ORIENTED_EDGE('',*,*,#1522,.F.);
#1522 = EDGE_CURVE('',#667,#1173,#1523,.T.);
#1523 = LINE('',#1524,#1525);
#1524 = CARTESIAN_POINT('',(5.4,-4.45,4.8));
#1525 = VECTOR('',#1526,1.);
#1526 = DIRECTION('',(-1.359631073447E-32,-1.110223024625E-16,-1.));
#1527 = PLANE('',#1528);
#1528 = AXIS2_PLACEMENT_3D('',#1529,#1530,#1531);
#1529 = CARTESIAN_POINT('',(5.4,-4.45,4.8));
#1530 = DIRECTION('',(1.,-1.224646799147E-16,0.));
#1531 = DIRECTION('',(1.224646799147E-16,1.,-1.110223024625E-16));
#1532 = ADVANCED_FACE('',(#1533),#1544,.F.);
#1533 = FACE_BOUND('',#1534,.F.);
#1534 = EDGE_LOOP('',(#1535,#1536,#1542,#1543));
#1535 = ORIENTED_EDGE('',*,*,#666,.F.);
#1536 = ORIENTED_EDGE('',*,*,#1537,.T.);
#1537 = EDGE_CURVE('',#659,#1181,#1538,.T.);
#1538 = LINE('',#1539,#1540);
#1539 = CARTESIAN_POINT('',(4.4,-4.45,4.8));
#1540 = VECTOR('',#1541,1.);
#1541 = DIRECTION('',(-1.359631073447E-32,-1.110223024625E-16,-1.));
#1542 = ORIENTED_EDGE('',*,*,#1180,.T.);
#1543 = ORIENTED_EDGE('',*,*,#1522,.F.);
#1544 = PLANE('',#1545);
#1545 = AXIS2_PLACEMENT_3D('',#1546,#1547,#1548);
#1546 = CARTESIAN_POINT('',(4.4,-4.45,4.8));
#1547 = DIRECTION('',(-1.224646799147E-16,-1.,1.110223024625E-16));
#1548 = DIRECTION('',(1.,-1.224646799147E-16,0.));
#1549 = ADVANCED_FACE('',(#1550),#1562,.F.);
#1550 = FACE_BOUND('',#1551,.T.);
#1551 = EDGE_LOOP('',(#1552,#1553,#1554,#1555,#1556));
#1552 = ORIENTED_EDGE('',*,*,#658,.T.);
#1553 = ORIENTED_EDGE('',*,*,#1537,.T.);
#1554 = ORIENTED_EDGE('',*,*,#1188,.F.);
#1555 = ORIENTED_EDGE('',*,*,#1504,.F.);
#1556 = ORIENTED_EDGE('',*,*,#1557,.F.);
#1557 = EDGE_CURVE('',#651,#1497,#1558,.T.);
#1558 = LINE('',#1559,#1560);
#1559 = CARTESIAN_POINT('',(4.4,-0.449310344828,4.791724137931));
#1560 = VECTOR('',#1561,1.);
#1561 = DIRECTION('',(1.017013810865E-17,8.304547985373E-02,
    -0.996545758245));
#1562 = PLANE('',#1563);
#1563 = AXIS2_PLACEMENT_3D('',#1564,#1565,#1566);
#1564 = CARTESIAN_POINT('',(4.4,-0.25,4.8));
#1565 = DIRECTION('',(-1.,1.224646799147E-16,0.));
#1566 = DIRECTION('',(-1.224646799147E-16,-1.,1.110223024625E-16));
#1567 = ADVANCED_FACE('',(#1568),#1588,.F.);
#1568 = FACE_BOUND('',#1569,.F.);
#1569 = EDGE_LOOP('',(#1570,#1571,#1572,#1580,#1586,#1587));
#1570 = ORIENTED_EDGE('',*,*,#1557,.F.);
#1571 = ORIENTED_EDGE('',*,*,#650,.T.);
#1572 = ORIENTED_EDGE('',*,*,#1573,.T.);
#1573 = EDGE_CURVE('',#643,#1574,#1576,.T.);
#1574 = VERTEX_POINT('',#1575);
#1575 = CARTESIAN_POINT('',(3.25,-0.35,3.6));
#1576 = LINE('',#1577,#1578);
#1577 = CARTESIAN_POINT('',(3.25,-0.45,4.8));
#1578 = VECTOR('',#1579,1.);
#1579 = DIRECTION('',(1.017013810865E-17,8.304547985373E-02,
    -0.996545758245));
#1580 = ORIENTED_EDGE('',*,*,#1581,.F.);
#1581 = EDGE_CURVE('',#1457,#1574,#1582,.T.);
#1582 = LINE('',#1583,#1584);
#1583 = CARTESIAN_POINT('',(4.75,-0.35,3.6));
#1584 = VECTOR('',#1585,1.);
#1585 = DIRECTION('',(-1.,1.224646799147E-16,0.));
#1586 = ORIENTED_EDGE('',*,*,#1456,.F.);
#1587 = ORIENTED_EDGE('',*,*,#1496,.T.);
#1588 = PLANE('',#1589);
#1589 = AXIS2_PLACEMENT_3D('',#1590,#1591,#1592);
#1590 = CARTESIAN_POINT('',(4.75,-0.45,4.8));
#1591 = DIRECTION('',(-1.220416573038E-16,-0.996545758245,
    -8.304547985373E-02));
#1592 = DIRECTION('',(1.017013810865E-17,8.304547985373E-02,
    -0.996545758245));
#1593 = ADVANCED_FACE('',(#1594),#1619,.T.);
#1594 = FACE_BOUND('',#1595,.T.);
#1595 = EDGE_LOOP('',(#1596,#1597,#1598,#1606,#1612,#1613));
#1596 = ORIENTED_EDGE('',*,*,#642,.T.);
#1597 = ORIENTED_EDGE('',*,*,#1573,.T.);
#1598 = ORIENTED_EDGE('',*,*,#1599,.T.);
#1599 = EDGE_CURVE('',#1574,#1600,#1602,.T.);
#1600 = VERTEX_POINT('',#1601);
#1601 = CARTESIAN_POINT('',(3.25,-0.35,2.6));
#1602 = LINE('',#1603,#1604);
#1603 = CARTESIAN_POINT('',(3.25,-0.35,3.6));
#1604 = VECTOR('',#1605,1.);
#1605 = DIRECTION('',(-1.359631073447E-32,-1.110223024625E-16,-1.));
#1606 = ORIENTED_EDGE('',*,*,#1607,.T.);
#1607 = EDGE_CURVE('',#1600,#764,#1608,.T.);
#1608 = LINE('',#1609,#1610);
#1609 = CARTESIAN_POINT('',(3.25,-0.35,2.6));
#1610 = VECTOR('',#1611,1.);
#1611 = DIRECTION('',(-5.319525767383E-18,-4.343722427631E-02,
    -0.999056158355));
#1612 = ORIENTED_EDGE('',*,*,#771,.T.);
#1613 = ORIENTED_EDGE('',*,*,#1614,.T.);
#1614 = EDGE_CURVE('',#772,#635,#1615,.T.);
#1615 = LINE('',#1616,#1617);
#1616 = CARTESIAN_POINT('',(3.25,-0.25,0.3));
#1617 = VECTOR('',#1618,1.);
#1618 = DIRECTION('',(1.359631073447E-32,1.110223024625E-16,1.));
#1619 = PLANE('',#1620);
#1620 = AXIS2_PLACEMENT_3D('',#1621,#1622,#1623);
#1621 = CARTESIAN_POINT('',(3.25,-0.320798035545,2.550475523299));
#1622 = DIRECTION('',(1.,-1.224646799147E-16,0.));
#1623 = DIRECTION('',(1.224646799147E-16,1.,-1.110223024625E-16));
#1624 = ADVANCED_FACE('',(#1625),#1636,.F.);
#1625 = FACE_BOUND('',#1626,.F.);
#1626 = EDGE_LOOP('',(#1627,#1628,#1629,#1630));
#1627 = ORIENTED_EDGE('',*,*,#779,.T.);
#1628 = ORIENTED_EDGE('',*,*,#1614,.T.);
#1629 = ORIENTED_EDGE('',*,*,#634,.T.);
#1630 = ORIENTED_EDGE('',*,*,#1631,.F.);
#1631 = EDGE_CURVE('',#780,#627,#1632,.T.);
#1632 = LINE('',#1633,#1634);
#1633 = CARTESIAN_POINT('',(2.75,-0.25,0.3));
#1634 = VECTOR('',#1635,1.);
#1635 = DIRECTION('',(1.359631073447E-32,1.110223024625E-16,1.));
#1636 = PLANE('',#1637);
#1637 = AXIS2_PLACEMENT_3D('',#1638,#1639,#1640);
#1638 = CARTESIAN_POINT('',(2.,-0.25,2.55));
#1639 = DIRECTION('',(-1.224646799147E-16,-1.,1.110223024625E-16));
#1640 = DIRECTION('',(-1.,1.224646799147E-16,0.));
#1641 = ADVANCED_FACE('',(#1642),#1669,.F.);
#1642 = FACE_BOUND('',#1643,.F.);
#1643 = EDGE_LOOP('',(#1644,#1645,#1653,#1661,#1667,#1668));
#1644 = ORIENTED_EDGE('',*,*,#626,.T.);
#1645 = ORIENTED_EDGE('',*,*,#1646,.T.);
#1646 = EDGE_CURVE('',#619,#1647,#1649,.T.);
#1647 = VERTEX_POINT('',#1648);
#1648 = CARTESIAN_POINT('',(2.75,-0.35,3.6));
#1649 = LINE('',#1650,#1651);
#1650 = CARTESIAN_POINT('',(2.75,-0.45,4.8));
#1651 = VECTOR('',#1652,1.);
#1652 = DIRECTION('',(1.017013810865E-17,8.304547985373E-02,
    -0.996545758245));
#1653 = ORIENTED_EDGE('',*,*,#1654,.T.);
#1654 = EDGE_CURVE('',#1647,#1655,#1657,.T.);
#1655 = VERTEX_POINT('',#1656);
#1656 = CARTESIAN_POINT('',(2.75,-0.35,2.6));
#1657 = LINE('',#1658,#1659);
#1658 = CARTESIAN_POINT('',(2.75,-0.35,3.6));
#1659 = VECTOR('',#1660,1.);
#1660 = DIRECTION('',(-1.359631073447E-32,-1.110223024625E-16,-1.));
#1661 = ORIENTED_EDGE('',*,*,#1662,.T.);
#1662 = EDGE_CURVE('',#1655,#788,#1663,.T.);
#1663 = LINE('',#1664,#1665);
#1664 = CARTESIAN_POINT('',(2.75,-0.35,2.6));
#1665 = VECTOR('',#1666,1.);
#1666 = DIRECTION('',(-5.319525767383E-18,-4.343722427631E-02,
    -0.999056158355));
#1667 = ORIENTED_EDGE('',*,*,#787,.T.);
#1668 = ORIENTED_EDGE('',*,*,#1631,.T.);
#1669 = PLANE('',#1670);
#1670 = AXIS2_PLACEMENT_3D('',#1671,#1672,#1673);
#1671 = CARTESIAN_POINT('',(2.75,-0.320798035545,2.550475523299));
#1672 = DIRECTION('',(1.,-1.224646799147E-16,0.));
#1673 = DIRECTION('',(1.224646799147E-16,1.,-1.110223024625E-16));
#1674 = ADVANCED_FACE('',(#1675),#1693,.F.);
#1675 = FACE_BOUND('',#1676,.F.);
#1676 = EDGE_LOOP('',(#1677,#1678,#1686,#1692));
#1677 = ORIENTED_EDGE('',*,*,#618,.T.);
#1678 = ORIENTED_EDGE('',*,*,#1679,.T.);
#1679 = EDGE_CURVE('',#611,#1680,#1682,.T.);
#1680 = VERTEX_POINT('',#1681);
#1681 = CARTESIAN_POINT('',(1.25,-0.35,3.6));
#1682 = LINE('',#1683,#1684);
#1683 = CARTESIAN_POINT('',(1.25,-0.45,4.8));
#1684 = VECTOR('',#1685,1.);
#1685 = DIRECTION('',(1.017013810865E-17,8.304547985373E-02,
    -0.996545758245));
#1686 = ORIENTED_EDGE('',*,*,#1687,.F.);
#1687 = EDGE_CURVE('',#1647,#1680,#1688,.T.);
#1688 = LINE('',#1689,#1690);
#1689 = CARTESIAN_POINT('',(2.75,-0.35,3.6));
#1690 = VECTOR('',#1691,1.);
#1691 = DIRECTION('',(-1.,1.224646799147E-16,0.));
#1692 = ORIENTED_EDGE('',*,*,#1646,.F.);
#1693 = PLANE('',#1694);
#1694 = AXIS2_PLACEMENT_3D('',#1695,#1696,#1697);
#1695 = CARTESIAN_POINT('',(2.75,-0.45,4.8));
#1696 = DIRECTION('',(-1.220416573038E-16,-0.996545758245,
    -8.304547985373E-02));
#1697 = DIRECTION('',(1.017013810865E-17,8.304547985373E-02,
    -0.996545758245));
#1698 = ADVANCED_FACE('',(#1699),#1724,.T.);
#1699 = FACE_BOUND('',#1700,.T.);
#1700 = EDGE_LOOP('',(#1701,#1702,#1703,#1711,#1717,#1718));
#1701 = ORIENTED_EDGE('',*,*,#610,.T.);
#1702 = ORIENTED_EDGE('',*,*,#1679,.T.);
#1703 = ORIENTED_EDGE('',*,*,#1704,.T.);
#1704 = EDGE_CURVE('',#1680,#1705,#1707,.T.);
#1705 = VERTEX_POINT('',#1706);
#1706 = CARTESIAN_POINT('',(1.25,-0.35,2.6));
#1707 = LINE('',#1708,#1709);
#1708 = CARTESIAN_POINT('',(1.25,-0.35,3.6));
#1709 = VECTOR('',#1710,1.);
#1710 = DIRECTION('',(-1.359631073447E-32,-1.110223024625E-16,-1.));
#1711 = ORIENTED_EDGE('',*,*,#1712,.T.);
#1712 = EDGE_CURVE('',#1705,#796,#1713,.T.);
#1713 = LINE('',#1714,#1715);
#1714 = CARTESIAN_POINT('',(1.25,-0.35,2.6));
#1715 = VECTOR('',#1716,1.);
#1716 = DIRECTION('',(-5.319525767383E-18,-4.343722427631E-02,
    -0.999056158355));
#1717 = ORIENTED_EDGE('',*,*,#803,.T.);
#1718 = ORIENTED_EDGE('',*,*,#1719,.T.);
#1719 = EDGE_CURVE('',#804,#603,#1720,.T.);
#1720 = LINE('',#1721,#1722);
#1721 = CARTESIAN_POINT('',(1.25,-0.25,0.3));
#1722 = VECTOR('',#1723,1.);
#1723 = DIRECTION('',(1.359631073447E-32,1.110223024625E-16,1.));
#1724 = PLANE('',#1725);
#1725 = AXIS2_PLACEMENT_3D('',#1726,#1727,#1728);
#1726 = CARTESIAN_POINT('',(1.25,-0.320798035545,2.550475523299));
#1727 = DIRECTION('',(1.,-1.224646799147E-16,0.));
#1728 = DIRECTION('',(1.224646799147E-16,1.,-1.110223024625E-16));
#1729 = ADVANCED_FACE('',(#1730),#1741,.F.);
#1730 = FACE_BOUND('',#1731,.F.);
#1731 = EDGE_LOOP('',(#1732,#1738,#1739,#1740));
#1732 = ORIENTED_EDGE('',*,*,#1733,.F.);
#1733 = EDGE_CURVE('',#812,#595,#1734,.T.);
#1734 = LINE('',#1735,#1736);
#1735 = CARTESIAN_POINT('',(0.75,-0.25,0.3));
#1736 = VECTOR('',#1737,1.);
#1737 = DIRECTION('',(1.359631073447E-32,1.110223024625E-16,1.));
#1738 = ORIENTED_EDGE('',*,*,#811,.T.);
#1739 = ORIENTED_EDGE('',*,*,#1719,.T.);
#1740 = ORIENTED_EDGE('',*,*,#602,.T.);
#1741 = PLANE('',#1742);
#1742 = AXIS2_PLACEMENT_3D('',#1743,#1744,#1745);
#1743 = CARTESIAN_POINT('',(2.,-0.25,2.55));
#1744 = DIRECTION('',(-1.224646799147E-16,-1.,1.110223024625E-16));
#1745 = DIRECTION('',(-1.,1.224646799147E-16,0.));
#1746 = ADVANCED_FACE('',(#1747),#1774,.F.);
#1747 = FACE_BOUND('',#1748,.F.);
#1748 = EDGE_LOOP('',(#1749,#1750,#1758,#1766,#1772,#1773));
#1749 = ORIENTED_EDGE('',*,*,#594,.T.);
#1750 = ORIENTED_EDGE('',*,*,#1751,.T.);
#1751 = EDGE_CURVE('',#587,#1752,#1754,.T.);
#1752 = VERTEX_POINT('',#1753);
#1753 = CARTESIAN_POINT('',(0.75,-0.35,3.6));
#1754 = LINE('',#1755,#1756);
#1755 = CARTESIAN_POINT('',(0.75,-0.45,4.8));
#1756 = VECTOR('',#1757,1.);
#1757 = DIRECTION('',(1.017013810865E-17,8.304547985373E-02,
    -0.996545758245));
#1758 = ORIENTED_EDGE('',*,*,#1759,.T.);
#1759 = EDGE_CURVE('',#1752,#1760,#1762,.T.);
#1760 = VERTEX_POINT('',#1761);
#1761 = CARTESIAN_POINT('',(0.75,-0.35,2.6));
#1762 = LINE('',#1763,#1764);
#1763 = CARTESIAN_POINT('',(0.75,-0.35,3.6));
#1764 = VECTOR('',#1765,1.);
#1765 = DIRECTION('',(-1.359631073447E-32,-1.110223024625E-16,-1.));
#1766 = ORIENTED_EDGE('',*,*,#1767,.T.);
#1767 = EDGE_CURVE('',#1760,#820,#1768,.T.);
#1768 = LINE('',#1769,#1770);
#1769 = CARTESIAN_POINT('',(0.75,-0.35,2.6));
#1770 = VECTOR('',#1771,1.);
#1771 = DIRECTION('',(-5.319525767383E-18,-4.343722427631E-02,
    -0.999056158355));
#1772 = ORIENTED_EDGE('',*,*,#819,.T.);
#1773 = ORIENTED_EDGE('',*,*,#1733,.T.);
#1774 = PLANE('',#1775);
#1775 = AXIS2_PLACEMENT_3D('',#1776,#1777,#1778);
#1776 = CARTESIAN_POINT('',(0.75,-0.320798035545,2.550475523299));
#1777 = DIRECTION('',(1.,-1.224646799147E-16,0.));
#1778 = DIRECTION('',(1.224646799147E-16,1.,-1.110223024625E-16));
#1779 = ADVANCED_FACE('',(#1780),#1814,.F.);
#1780 = FACE_BOUND('',#1781,.F.);
#1781 = EDGE_LOOP('',(#1782,#1783,#1784,#1792,#1800,#1808));
#1782 = ORIENTED_EDGE('',*,*,#1751,.F.);
#1783 = ORIENTED_EDGE('',*,*,#586,.T.);
#1784 = ORIENTED_EDGE('',*,*,#1785,.T.);
#1785 = EDGE_CURVE('',#579,#1786,#1788,.T.);
#1786 = VERTEX_POINT('',#1787);
#1787 = CARTESIAN_POINT('',(-0.4,-0.4,4.2));
#1788 = LINE('',#1789,#1790);
#1789 = CARTESIAN_POINT('',(-0.4,-0.449310344828,4.791724137931));
#1790 = VECTOR('',#1791,1.);
#1791 = DIRECTION('',(1.017013810865E-17,8.304547985373E-02,
    -0.996545758245));
#1792 = ORIENTED_EDGE('',*,*,#1793,.F.);
#1793 = EDGE_CURVE('',#1794,#1786,#1796,.T.);
#1794 = VERTEX_POINT('',#1795);
#1795 = CARTESIAN_POINT('',(-0.75,-0.4,4.2));
#1796 = LINE('',#1797,#1798);
#1797 = CARTESIAN_POINT('',(-7.5E-02,-0.4,4.2));
#1798 = VECTOR('',#1799,1.);
#1799 = DIRECTION('',(1.,-1.224646799147E-16,-7.914683180688E-31));
#1800 = ORIENTED_EDGE('',*,*,#1801,.T.);
#1801 = EDGE_CURVE('',#1794,#1802,#1804,.T.);
#1802 = VERTEX_POINT('',#1803);
#1803 = CARTESIAN_POINT('',(-0.75,-0.35,3.6));
#1804 = LINE('',#1805,#1806);
#1805 = CARTESIAN_POINT('',(-0.75,-0.45,4.8));
#1806 = VECTOR('',#1807,1.);
#1807 = DIRECTION('',(1.017013810865E-17,8.304547985373E-02,
    -0.996545758245));
#1808 = ORIENTED_EDGE('',*,*,#1809,.F.);
#1809 = EDGE_CURVE('',#1752,#1802,#1810,.T.);
#1810 = LINE('',#1811,#1812);
#1811 = CARTESIAN_POINT('',(0.75,-0.35,3.6));
#1812 = VECTOR('',#1813,1.);
#1813 = DIRECTION('',(-1.,1.224646799147E-16,0.));
#1814 = PLANE('',#1815);
#1815 = AXIS2_PLACEMENT_3D('',#1816,#1817,#1818);
#1816 = CARTESIAN_POINT('',(0.75,-0.45,4.8));
#1817 = DIRECTION('',(-1.220416573038E-16,-0.996545758245,
    -8.304547985373E-02));
#1818 = DIRECTION('',(1.017013810865E-17,8.304547985373E-02,
    -0.996545758245));
#1819 = ADVANCED_FACE('',(#1820),#1837,.T.);
#1820 = FACE_BOUND('',#1821,.T.);
#1821 = EDGE_LOOP('',(#1822,#1823,#1824,#1830,#1831));
#1822 = ORIENTED_EDGE('',*,*,#578,.F.);
#1823 = ORIENTED_EDGE('',*,*,#1785,.T.);
#1824 = ORIENTED_EDGE('',*,*,#1825,.T.);
#1825 = EDGE_CURVE('',#1786,#1197,#1826,.T.);
#1826 = LINE('',#1827,#1828);
#1827 = CARTESIAN_POINT('',(-0.4,-0.25,4.2));
#1828 = VECTOR('',#1829,1.);
#1829 = DIRECTION('',(-1.224646799147E-16,-1.,1.110223024625E-16));
#1830 = ORIENTED_EDGE('',*,*,#1204,.T.);
#1831 = ORIENTED_EDGE('',*,*,#1832,.F.);
#1832 = EDGE_CURVE('',#571,#1205,#1833,.T.);
#1833 = LINE('',#1834,#1835);
#1834 = CARTESIAN_POINT('',(-0.4,-4.45,4.8));
#1835 = VECTOR('',#1836,1.);
#1836 = DIRECTION('',(-1.359631073447E-32,-1.110223024625E-16,-1.));
#1837 = PLANE('',#1838);
#1838 = AXIS2_PLACEMENT_3D('',#1839,#1840,#1841);
#1839 = CARTESIAN_POINT('',(-0.4,-0.25,4.8));
#1840 = DIRECTION('',(-1.,1.224646799147E-16,0.));
#1841 = DIRECTION('',(-1.224646799147E-16,-1.,1.110223024625E-16));
#1842 = ADVANCED_FACE('',(#1843),#1886,.T.);
#1843 = FACE_BOUND('',#1844,.T.);
#1844 = EDGE_LOOP('',(#1845,#1846,#1847,#1848,#1856,#1864,#1872,#1880));
#1845 = ORIENTED_EDGE('',*,*,#570,.F.);
#1846 = ORIENTED_EDGE('',*,*,#1832,.T.);
#1847 = ORIENTED_EDGE('',*,*,#1212,.T.);
#1848 = ORIENTED_EDGE('',*,*,#1849,.F.);
#1849 = EDGE_CURVE('',#1850,#1213,#1852,.T.);
#1850 = VERTEX_POINT('',#1851);
#1851 = CARTESIAN_POINT('',(-1.4,-4.45,4.8));
#1852 = LINE('',#1853,#1854);
#1853 = CARTESIAN_POINT('',(-1.4,-4.45,4.8));
#1854 = VECTOR('',#1855,1.);
#1855 = DIRECTION('',(-1.359631073447E-32,-1.110223024625E-16,-1.));
#1856 = ORIENTED_EDGE('',*,*,#1857,.F.);
#1857 = EDGE_CURVE('',#1858,#1850,#1860,.T.);
#1858 = VERTEX_POINT('',#1859);
#1859 = CARTESIAN_POINT('',(-0.95,-4.45,4.8));
#1860 = LINE('',#1861,#1862);
#1861 = CARTESIAN_POINT('',(-0.4,-4.45,4.8));
#1862 = VECTOR('',#1863,1.);
#1863 = DIRECTION('',(-1.,1.224646799147E-16,0.));
#1864 = ORIENTED_EDGE('',*,*,#1865,.F.);
#1865 = EDGE_CURVE('',#1866,#1858,#1868,.T.);
#1866 = VERTEX_POINT('',#1867);
#1867 = CARTESIAN_POINT('',(-0.95,-4.45,4.85));
#1868 = LINE('',#1869,#1870);
#1869 = CARTESIAN_POINT('',(-0.95,-4.45,4.85));
#1870 = VECTOR('',#1871,1.);
#1871 = DIRECTION('',(-1.359631073447E-32,-1.110223024625E-16,-1.));
#1872 = ORIENTED_EDGE('',*,*,#1873,.F.);
#1873 = EDGE_CURVE('',#1874,#1866,#1876,.T.);
#1874 = VERTEX_POINT('',#1875);
#1875 = CARTESIAN_POINT('',(-0.45,-4.45,4.85));
#1876 = LINE('',#1877,#1878);
#1877 = CARTESIAN_POINT('',(-0.45,-4.45,4.85));
#1878 = VECTOR('',#1879,1.);
#1879 = DIRECTION('',(-1.,1.224646799147E-16,0.));
#1880 = ORIENTED_EDGE('',*,*,#1881,.F.);
#1881 = EDGE_CURVE('',#563,#1874,#1882,.T.);
#1882 = LINE('',#1883,#1884);
#1883 = CARTESIAN_POINT('',(-0.45,-4.45,4.8));
#1884 = VECTOR('',#1885,1.);
#1885 = DIRECTION('',(1.359631073447E-32,1.110223024625E-16,1.));
#1886 = PLANE('',#1887);
#1887 = AXIS2_PLACEMENT_3D('',#1888,#1889,#1890);
#1888 = CARTESIAN_POINT('',(-0.893939393939,-4.45,4.517424242424));
#1889 = DIRECTION('',(1.224646799147E-16,1.,-1.110223024625E-16));
#1890 = DIRECTION('',(1.,-1.224646799147E-16,1.557302394923E-45));
#1891 = ADVANCED_FACE('',(#1892),#1910,.F.);
#1892 = FACE_BOUND('',#1893,.F.);
#1893 = EDGE_LOOP('',(#1894,#1895,#1903,#1909));
#1894 = ORIENTED_EDGE('',*,*,#562,.T.);
#1895 = ORIENTED_EDGE('',*,*,#1896,.T.);
#1896 = EDGE_CURVE('',#555,#1897,#1899,.T.);
#1897 = VERTEX_POINT('',#1898);
#1898 = CARTESIAN_POINT('',(-0.45,-6.25,4.85));
#1899 = LINE('',#1900,#1901);
#1900 = CARTESIAN_POINT('',(-0.45,-6.25,4.8));
#1901 = VECTOR('',#1902,1.);
#1902 = DIRECTION('',(1.359631073447E-32,1.110223024625E-16,1.));
#1903 = ORIENTED_EDGE('',*,*,#1904,.F.);
#1904 = EDGE_CURVE('',#1874,#1897,#1905,.T.);
#1905 = LINE('',#1906,#1907);
#1906 = CARTESIAN_POINT('',(-0.45,-4.45,4.85));
#1907 = VECTOR('',#1908,1.);
#1908 = DIRECTION('',(-1.224646799147E-16,-1.,1.110223024625E-16));
#1909 = ORIENTED_EDGE('',*,*,#1881,.F.);
#1910 = PLANE('',#1911);
#1911 = AXIS2_PLACEMENT_3D('',#1912,#1913,#1914);
#1912 = CARTESIAN_POINT('',(-0.45,-4.45,4.8));
#1913 = DIRECTION('',(-1.,1.224646799147E-16,0.));
#1914 = DIRECTION('',(1.359631073446E-32,1.110223024625E-16,1.));
#1915 = ADVANCED_FACE('',(#1916),#1957,.T.);
#1916 = FACE_BOUND('',#1917,.T.);
#1917 = EDGE_LOOP('',(#1918,#1924,#1925,#1926,#1934,#1942,#1948,#1949,
    #1955,#1956));
#1918 = ORIENTED_EDGE('',*,*,#1919,.F.);
#1919 = EDGE_CURVE('',#547,#1236,#1920,.T.);
#1920 = LINE('',#1921,#1922);
#1921 = CARTESIAN_POINT('',(0.55,-6.25,4.8));
#1922 = VECTOR('',#1923,1.);
#1923 = DIRECTION('',(-1.359631073447E-32,-1.110223024625E-16,-1.));
#1924 = ORIENTED_EDGE('',*,*,#554,.T.);
#1925 = ORIENTED_EDGE('',*,*,#1896,.T.);
#1926 = ORIENTED_EDGE('',*,*,#1927,.T.);
#1927 = EDGE_CURVE('',#1897,#1928,#1930,.T.);
#1928 = VERTEX_POINT('',#1929);
#1929 = CARTESIAN_POINT('',(-0.95,-6.25,4.85));
#1930 = LINE('',#1931,#1932);
#1931 = CARTESIAN_POINT('',(-0.45,-6.25,4.85));
#1932 = VECTOR('',#1933,1.);
#1933 = DIRECTION('',(-1.,1.224646799147E-16,0.));
#1934 = ORIENTED_EDGE('',*,*,#1935,.T.);
#1935 = EDGE_CURVE('',#1928,#1936,#1938,.T.);
#1936 = VERTEX_POINT('',#1937);
#1937 = CARTESIAN_POINT('',(-0.95,-6.25,4.8));
#1938 = LINE('',#1939,#1940);
#1939 = CARTESIAN_POINT('',(-0.95,-6.25,4.85));
#1940 = VECTOR('',#1941,1.);
#1941 = DIRECTION('',(-1.359631073447E-32,-1.110223024625E-16,-1.));
#1942 = ORIENTED_EDGE('',*,*,#1943,.T.);
#1943 = EDGE_CURVE('',#1936,#1084,#1944,.T.);
#1944 = LINE('',#1945,#1946);
#1945 = CARTESIAN_POINT('',(5.95,-6.25,4.8));
#1946 = VECTOR('',#1947,1.);
#1947 = DIRECTION('',(-1.,1.224646799147E-16,0.));
#1948 = ORIENTED_EDGE('',*,*,#1083,.T.);
#1949 = ORIENTED_EDGE('',*,*,#1950,.F.);
#1950 = EDGE_CURVE('',#954,#1076,#1951,.T.);
#1951 = LINE('',#1952,#1953);
#1952 = CARTESIAN_POINT('',(5.95,-6.25,3.3));
#1953 = VECTOR('',#1954,1.);
#1954 = DIRECTION('',(-1.,1.224646799147E-16,0.));
#1955 = ORIENTED_EDGE('',*,*,#951,.F.);
#1956 = ORIENTED_EDGE('',*,*,#1235,.F.);
#1957 = PLANE('',#1958);
#1958 = AXIS2_PLACEMENT_3D('',#1959,#1960,#1961);
#1959 = CARTESIAN_POINT('',(-0.922222222222,-6.25,4.28487654321));
#1960 = DIRECTION('',(8.559605107782E-17,-1.,8.677730044361E-17));
#1961 = DIRECTION('',(-1.,-8.559605107782E-17,2.309938140683E-32));
#1962 = ADVANCED_FACE('',(#1963),#1974,.F.);
#1963 = FACE_BOUND('',#1964,.F.);
#1964 = EDGE_LOOP('',(#1965,#1966,#1972,#1973));
#1965 = ORIENTED_EDGE('',*,*,#546,.F.);
#1966 = ORIENTED_EDGE('',*,*,#1967,.T.);
#1967 = EDGE_CURVE('',#539,#1244,#1968,.T.);
#1968 = LINE('',#1969,#1970);
#1969 = CARTESIAN_POINT('',(0.55,-2.35,4.8));
#1970 = VECTOR('',#1971,1.);
#1971 = DIRECTION('',(-1.359631073447E-32,-1.110223024625E-16,-1.));
#1972 = ORIENTED_EDGE('',*,*,#1243,.T.);
#1973 = ORIENTED_EDGE('',*,*,#1919,.F.);
#1974 = PLANE('',#1975);
#1975 = AXIS2_PLACEMENT_3D('',#1976,#1977,#1978);
#1976 = CARTESIAN_POINT('',(0.55,-2.35,4.8));
#1977 = DIRECTION('',(-1.,1.224646799147E-16,0.));
#1978 = DIRECTION('',(-1.224646799147E-16,-1.,1.110223024625E-16));
#1979 = ADVANCED_FACE('',(#1980),#1991,.F.);
#1980 = FACE_BOUND('',#1981,.F.);
#1981 = EDGE_LOOP('',(#1982,#1983,#1989,#1990));
#1982 = ORIENTED_EDGE('',*,*,#538,.F.);
#1983 = ORIENTED_EDGE('',*,*,#1984,.T.);
#1984 = EDGE_CURVE('',#531,#1252,#1985,.T.);
#1985 = LINE('',#1986,#1987);
#1986 = CARTESIAN_POINT('',(3.45,-2.35,4.8));
#1987 = VECTOR('',#1988,1.);
#1988 = DIRECTION('',(-1.359631073447E-32,-1.110223024625E-16,-1.));
#1989 = ORIENTED_EDGE('',*,*,#1251,.T.);
#1990 = ORIENTED_EDGE('',*,*,#1967,.F.);
#1991 = PLANE('',#1992);
#1992 = AXIS2_PLACEMENT_3D('',#1993,#1994,#1995);
#1993 = CARTESIAN_POINT('',(3.45,-2.35,4.8));
#1994 = DIRECTION('',(2.755988902079E-16,1.,-1.110223024625E-16));
#1995 = DIRECTION('',(-1.,2.755988902079E-16,-1.700131261252E-32));
#1996 = ADVANCED_FACE('',(#1997),#2003,.F.);
#1997 = FACE_BOUND('',#1998,.F.);
#1998 = EDGE_LOOP('',(#1999,#2000,#2001,#2002));
#1999 = ORIENTED_EDGE('',*,*,#530,.F.);
#2000 = ORIENTED_EDGE('',*,*,#696,.T.);
#2001 = ORIENTED_EDGE('',*,*,#1259,.T.);
#2002 = ORIENTED_EDGE('',*,*,#1984,.F.);
#2003 = PLANE('',#2004);
#2004 = AXIS2_PLACEMENT_3D('',#2005,#2006,#2007);
#2005 = CARTESIAN_POINT('',(3.45,-6.25,4.8));
#2006 = DIRECTION('',(1.,-1.224646799147E-16,-0.));
#2007 = DIRECTION('',(1.224646799147E-16,1.,-1.679568165459E-16));
#2008 = ADVANCED_FACE('',(#2009),#2050,.F.);
#2009 = FACE_BOUND('',#2010,.F.);
#2010 = EDGE_LOOP('',(#2011,#2021,#2027,#2028,#2034,#2035,#2036,#2044));
#2011 = ORIENTED_EDGE('',*,*,#2012,.F.);
#2012 = EDGE_CURVE('',#2013,#2015,#2017,.T.);
#2013 = VERTEX_POINT('',#2014);
#2014 = CARTESIAN_POINT('',(-1.4,-0.25,4.8));
#2015 = VERTEX_POINT('',#2016);
#2016 = CARTESIAN_POINT('',(-1.4,-0.25,4.2));
#2017 = LINE('',#2018,#2019);
#2018 = CARTESIAN_POINT('',(-1.4,-0.25,4.8));
#2019 = VECTOR('',#2020,1.);
#2020 = DIRECTION('',(-1.359631073447E-32,-1.110223024625E-16,-1.));
#2021 = ORIENTED_EDGE('',*,*,#2022,.T.);
#2022 = EDGE_CURVE('',#2013,#1033,#2023,.T.);
#2023 = LINE('',#2024,#2025);
#2024 = CARTESIAN_POINT('',(5.95,-0.25,4.8));
#2025 = VECTOR('',#2026,1.);
#2026 = DIRECTION('',(-1.,1.224646799147E-16,0.));
#2027 = ORIENTED_EDGE('',*,*,#1032,.T.);
#2028 = ORIENTED_EDGE('',*,*,#2029,.F.);
#2029 = EDGE_CURVE('',#1130,#1035,#2030,.T.);
#2030 = LINE('',#2031,#2032);
#2031 = CARTESIAN_POINT('',(-0.95,-0.25,4.1));
#2032 = VECTOR('',#2033,1.);
#2033 = DIRECTION('',(-1.,1.224646799147E-16,0.));
#2034 = ORIENTED_EDGE('',*,*,#1129,.F.);
#2035 = ORIENTED_EDGE('',*,*,#731,.T.);
#2036 = ORIENTED_EDGE('',*,*,#2037,.T.);
#2037 = EDGE_CURVE('',#734,#2038,#2040,.T.);
#2038 = VERTEX_POINT('',#2039);
#2039 = CARTESIAN_POINT('',(-0.75,-0.25,4.2));
#2040 = LINE('',#2041,#2042);
#2041 = CARTESIAN_POINT('',(-0.75,-0.25,0.3));
#2042 = VECTOR('',#2043,1.);
#2043 = DIRECTION('',(1.359631073447E-32,1.110223024625E-16,1.));
#2044 = ORIENTED_EDGE('',*,*,#2045,.F.);
#2045 = EDGE_CURVE('',#2015,#2038,#2046,.T.);
#2046 = LINE('',#2047,#2048);
#2047 = CARTESIAN_POINT('',(-1.4,-0.25,4.2));
#2048 = VECTOR('',#2049,1.);
#2049 = DIRECTION('',(1.,-1.224646799147E-16,0.));
#2050 = PLANE('',#2051);
#2051 = AXIS2_PLACEMENT_3D('',#2052,#2053,#2054);
#2052 = CARTESIAN_POINT('',(2.,-0.25,2.55));
#2053 = DIRECTION('',(-1.224646799147E-16,-1.,1.110223024625E-16));
#2054 = DIRECTION('',(-1.,1.224646799147E-16,0.));
#2055 = ADVANCED_FACE('',(#2056),#2081,.T.);
#2056 = FACE_BOUND('',#2057,.T.);
#2057 = EDGE_LOOP('',(#2058,#2059,#2065,#2066,#2074,#2080));
#2058 = ORIENTED_EDGE('',*,*,#2037,.T.);
#2059 = ORIENTED_EDGE('',*,*,#2060,.F.);
#2060 = EDGE_CURVE('',#1794,#2038,#2061,.T.);
#2061 = LINE('',#2062,#2063);
#2062 = CARTESIAN_POINT('',(-0.75,-1.335399017773,4.2));
#2063 = VECTOR('',#2064,1.);
#2064 = DIRECTION('',(1.224646799147E-16,1.,-1.110223024625E-16));
#2065 = ORIENTED_EDGE('',*,*,#1801,.T.);
#2066 = ORIENTED_EDGE('',*,*,#2067,.T.);
#2067 = EDGE_CURVE('',#1802,#2068,#2070,.T.);
#2068 = VERTEX_POINT('',#2069);
#2069 = CARTESIAN_POINT('',(-0.75,-0.35,2.6));
#2070 = LINE('',#2071,#2072);
#2071 = CARTESIAN_POINT('',(-0.75,-0.35,3.6));
#2072 = VECTOR('',#2073,1.);
#2073 = DIRECTION('',(-1.359631073447E-32,-1.110223024625E-16,-1.));
#2074 = ORIENTED_EDGE('',*,*,#2075,.T.);
#2075 = EDGE_CURVE('',#2068,#828,#2076,.T.);
#2076 = LINE('',#2077,#2078);
#2077 = CARTESIAN_POINT('',(-0.75,-0.35,2.6));
#2078 = VECTOR('',#2079,1.);
#2079 = DIRECTION('',(-5.319525767383E-18,-4.343722427631E-02,
    -0.999056158355));
#2080 = ORIENTED_EDGE('',*,*,#835,.T.);
#2081 = PLANE('',#2082);
#2082 = AXIS2_PLACEMENT_3D('',#2083,#2084,#2085);
#2083 = CARTESIAN_POINT('',(-0.75,-0.320798035545,2.550475523299));
#2084 = DIRECTION('',(1.,-1.224646799147E-16,0.));
#2085 = DIRECTION('',(1.224646799147E-16,1.,-1.110223024625E-16));
#2086 = ADVANCED_FACE('',(#2087),#2098,.F.);
#2087 = FACE_BOUND('',#2088,.F.);
#2088 = EDGE_LOOP('',(#2089,#2095,#2096,#2097));
#2089 = ORIENTED_EDGE('',*,*,#2090,.T.);
#2090 = EDGE_CURVE('',#1760,#2068,#2091,.T.);
#2091 = LINE('',#2092,#2093);
#2092 = CARTESIAN_POINT('',(0.75,-0.35,2.6));
#2093 = VECTOR('',#2094,1.);
#2094 = DIRECTION('',(-1.,1.224646799147E-16,0.));
#2095 = ORIENTED_EDGE('',*,*,#2075,.T.);
#2096 = ORIENTED_EDGE('',*,*,#827,.F.);
#2097 = ORIENTED_EDGE('',*,*,#1767,.F.);
#2098 = PLANE('',#2099);
#2099 = AXIS2_PLACEMENT_3D('',#2100,#2101,#2102);
#2100 = CARTESIAN_POINT('',(0.75,-0.35,2.6));
#2101 = DIRECTION('',(-1.223490926498E-16,-0.999056158355,
    4.343722427631E-02));
#2102 = DIRECTION('',(-5.319525767383E-18,-4.343722427631E-02,
    -0.999056158355));
#2103 = ADVANCED_FACE('',(#2104),#2115,.F.);
#2104 = FACE_BOUND('',#2105,.F.);
#2105 = EDGE_LOOP('',(#2106,#2112,#2113,#2114));
#2106 = ORIENTED_EDGE('',*,*,#2107,.T.);
#2107 = EDGE_CURVE('',#1655,#1705,#2108,.T.);
#2108 = LINE('',#2109,#2110);
#2109 = CARTESIAN_POINT('',(2.75,-0.35,2.6));
#2110 = VECTOR('',#2111,1.);
#2111 = DIRECTION('',(-1.,1.224646799147E-16,0.));
#2112 = ORIENTED_EDGE('',*,*,#1712,.T.);
#2113 = ORIENTED_EDGE('',*,*,#795,.F.);
#2114 = ORIENTED_EDGE('',*,*,#1662,.F.);
#2115 = PLANE('',#2116);
#2116 = AXIS2_PLACEMENT_3D('',#2117,#2118,#2119);
#2117 = CARTESIAN_POINT('',(2.75,-0.35,2.6));
#2118 = DIRECTION('',(-1.223490926498E-16,-0.999056158355,
    4.343722427631E-02));
#2119 = DIRECTION('',(-5.319525767383E-18,-4.343722427631E-02,
    -0.999056158355));
#2120 = ADVANCED_FACE('',(#2121),#2132,.F.);
#2121 = FACE_BOUND('',#2122,.F.);
#2122 = EDGE_LOOP('',(#2123,#2129,#2130,#2131));
#2123 = ORIENTED_EDGE('',*,*,#2124,.T.);
#2124 = EDGE_CURVE('',#1465,#1600,#2125,.T.);
#2125 = LINE('',#2126,#2127);
#2126 = CARTESIAN_POINT('',(4.75,-0.35,2.6));
#2127 = VECTOR('',#2128,1.);
#2128 = DIRECTION('',(-1.,1.224646799147E-16,0.));
#2129 = ORIENTED_EDGE('',*,*,#1607,.T.);
#2130 = ORIENTED_EDGE('',*,*,#763,.F.);
#2131 = ORIENTED_EDGE('',*,*,#1472,.F.);
#2132 = PLANE('',#2133);
#2133 = AXIS2_PLACEMENT_3D('',#2134,#2135,#2136);
#2134 = CARTESIAN_POINT('',(4.75,-0.35,2.6));
#2135 = DIRECTION('',(-1.223490926498E-16,-0.999056158355,
    4.343722427631E-02));
#2136 = DIRECTION('',(-5.319525767383E-18,-4.343722427631E-02,
    -0.999056158355));
#2137 = ADVANCED_FACE('',(#2138),#2156,.F.);
#2138 = FACE_BOUND('',#2139,.F.);
#2139 = EDGE_LOOP('',(#2140,#2141,#2149,#2155));
#2140 = ORIENTED_EDGE('',*,*,#928,.T.);
#2141 = ORIENTED_EDGE('',*,*,#2142,.T.);
#2142 = EDGE_CURVE('',#921,#2143,#2145,.T.);
#2143 = VERTEX_POINT('',#2144);
#2144 = CARTESIAN_POINT('',(3.2,-3.95,1.1));
#2145 = LINE('',#2146,#2147);
#2146 = CARTESIAN_POINT('',(3.2,-3.95,0.8));
#2147 = VECTOR('',#2148,1.);
#2148 = DIRECTION('',(1.359631073447E-32,1.110223024625E-16,1.));
#2149 = ORIENTED_EDGE('',*,*,#2150,.F.);
#2150 = EDGE_CURVE('',#1324,#2143,#2151,.T.);
#2151 = LINE('',#2152,#2153);
#2152 = CARTESIAN_POINT('',(3.2,-2.05,1.1));
#2153 = VECTOR('',#2154,1.);
#2154 = DIRECTION('',(-1.224646799147E-16,-1.,1.110223024625E-16));
#2155 = ORIENTED_EDGE('',*,*,#1331,.F.);
#2156 = PLANE('',#2157);
#2157 = AXIS2_PLACEMENT_3D('',#2158,#2159,#2160);
#2158 = CARTESIAN_POINT('',(3.2,-2.05,0.8));
#2159 = DIRECTION('',(-1.,1.224646799147E-16,0.));
#2160 = DIRECTION('',(1.359631073446E-32,1.110223024625E-16,1.));
#2161 = ADVANCED_FACE('',(#2162),#2180,.T.);
#2162 = FACE_BOUND('',#2163,.T.);
#2163 = EDGE_LOOP('',(#2164,#2172,#2178,#2179));
#2164 = ORIENTED_EDGE('',*,*,#2165,.T.);
#2165 = EDGE_CURVE('',#2143,#2166,#2168,.T.);
#2166 = VERTEX_POINT('',#2167);
#2167 = CARTESIAN_POINT('',(2.8,-3.95,1.1));
#2168 = LINE('',#2169,#2170);
#2169 = CARTESIAN_POINT('',(3.2,-3.95,1.1));
#2170 = VECTOR('',#2171,1.);
#2171 = DIRECTION('',(-1.,1.224646799147E-16,0.));
#2172 = ORIENTED_EDGE('',*,*,#2173,.T.);
#2173 = EDGE_CURVE('',#2166,#913,#2174,.T.);
#2174 = LINE('',#2175,#2176);
#2175 = CARTESIAN_POINT('',(2.8,-3.95,1.1));
#2176 = VECTOR('',#2177,1.);
#2177 = DIRECTION('',(-1.359631073447E-32,-1.110223024625E-16,-1.));
#2178 = ORIENTED_EDGE('',*,*,#920,.T.);
#2179 = ORIENTED_EDGE('',*,*,#2142,.T.);
#2180 = PLANE('',#2181);
#2181 = AXIS2_PLACEMENT_3D('',#2182,#2183,#2184);
#2182 = CARTESIAN_POINT('',(3.,-3.95,0.95));
#2183 = DIRECTION('',(-1.224646799147E-16,-1.,1.110223024625E-16));
#2184 = DIRECTION('',(-1.,1.224646799147E-16,0.));
#2185 = ADVANCED_FACE('',(#2186),#2197,.F.);
#2186 = FACE_BOUND('',#2187,.F.);
#2187 = EDGE_LOOP('',(#2188,#2194,#2195,#2196));
#2188 = ORIENTED_EDGE('',*,*,#2189,.T.);
#2189 = EDGE_CURVE('',#1316,#2166,#2190,.T.);
#2190 = LINE('',#2191,#2192);
#2191 = CARTESIAN_POINT('',(2.8,-2.05,1.1));
#2192 = VECTOR('',#2193,1.);
#2193 = DIRECTION('',(-1.224646799147E-16,-1.,1.110223024625E-16));
#2194 = ORIENTED_EDGE('',*,*,#2173,.T.);
#2195 = ORIENTED_EDGE('',*,*,#912,.F.);
#2196 = ORIENTED_EDGE('',*,*,#1315,.F.);
#2197 = PLANE('',#2198);
#2198 = AXIS2_PLACEMENT_3D('',#2199,#2200,#2201);
#2199 = CARTESIAN_POINT('',(2.8,-2.05,1.1));
#2200 = DIRECTION('',(1.,-1.224646799147E-16,0.));
#2201 = DIRECTION('',(-1.359631073446E-32,-1.110223024625E-16,-1.));
#2202 = ADVANCED_FACE('',(#2203),#2221,.F.);
#2203 = FACE_BOUND('',#2204,.F.);
#2204 = EDGE_LOOP('',(#2205,#2206,#2214,#2220));
#2205 = ORIENTED_EDGE('',*,*,#896,.T.);
#2206 = ORIENTED_EDGE('',*,*,#2207,.T.);
#2207 = EDGE_CURVE('',#889,#2208,#2210,.T.);
#2208 = VERTEX_POINT('',#2209);
#2209 = CARTESIAN_POINT('',(1.2,-3.95,1.1));
#2210 = LINE('',#2211,#2212);
#2211 = CARTESIAN_POINT('',(1.2,-3.95,0.8));
#2212 = VECTOR('',#2213,1.);
#2213 = DIRECTION('',(1.359631073447E-32,1.110223024625E-16,1.));
#2214 = ORIENTED_EDGE('',*,*,#2215,.F.);
#2215 = EDGE_CURVE('',#1301,#2208,#2216,.T.);
#2216 = LINE('',#2217,#2218);
#2217 = CARTESIAN_POINT('',(1.2,-2.05,1.1));
#2218 = VECTOR('',#2219,1.);
#2219 = DIRECTION('',(-1.224646799147E-16,-1.,1.110223024625E-16));
#2220 = ORIENTED_EDGE('',*,*,#1308,.F.);
#2221 = PLANE('',#2222);
#2222 = AXIS2_PLACEMENT_3D('',#2223,#2224,#2225);
#2223 = CARTESIAN_POINT('',(1.2,-2.05,0.8));
#2224 = DIRECTION('',(-1.,1.224646799147E-16,0.));
#2225 = DIRECTION('',(1.359631073446E-32,1.110223024625E-16,1.));
#2226 = ADVANCED_FACE('',(#2227),#2245,.T.);
#2227 = FACE_BOUND('',#2228,.T.);
#2228 = EDGE_LOOP('',(#2229,#2237,#2243,#2244));
#2229 = ORIENTED_EDGE('',*,*,#2230,.T.);
#2230 = EDGE_CURVE('',#2208,#2231,#2233,.T.);
#2231 = VERTEX_POINT('',#2232);
#2232 = CARTESIAN_POINT('',(0.8,-3.95,1.1));
#2233 = LINE('',#2234,#2235);
#2234 = CARTESIAN_POINT('',(1.2,-3.95,1.1));
#2235 = VECTOR('',#2236,1.);
#2236 = DIRECTION('',(-1.,1.224646799147E-16,0.));
#2237 = ORIENTED_EDGE('',*,*,#2238,.T.);
#2238 = EDGE_CURVE('',#2231,#881,#2239,.T.);
#2239 = LINE('',#2240,#2241);
#2240 = CARTESIAN_POINT('',(0.8,-3.95,1.1));
#2241 = VECTOR('',#2242,1.);
#2242 = DIRECTION('',(-1.359631073447E-32,-1.110223024625E-16,-1.));
#2243 = ORIENTED_EDGE('',*,*,#888,.T.);
#2244 = ORIENTED_EDGE('',*,*,#2207,.T.);
#2245 = PLANE('',#2246);
#2246 = AXIS2_PLACEMENT_3D('',#2247,#2248,#2249);
#2247 = CARTESIAN_POINT('',(1.,-3.95,0.95));
#2248 = DIRECTION('',(-1.224646799147E-16,-1.,1.110223024625E-16));
#2249 = DIRECTION('',(-1.,1.224646799147E-16,0.));
#2250 = ADVANCED_FACE('',(#2251),#2262,.F.);
#2251 = FACE_BOUND('',#2252,.F.);
#2252 = EDGE_LOOP('',(#2253,#2259,#2260,#2261));
#2253 = ORIENTED_EDGE('',*,*,#2254,.T.);
#2254 = EDGE_CURVE('',#1293,#2231,#2255,.T.);
#2255 = LINE('',#2256,#2257);
#2256 = CARTESIAN_POINT('',(0.8,-2.05,1.1));
#2257 = VECTOR('',#2258,1.);
#2258 = DIRECTION('',(-1.224646799147E-16,-1.,1.110223024625E-16));
#2259 = ORIENTED_EDGE('',*,*,#2238,.T.);
#2260 = ORIENTED_EDGE('',*,*,#880,.F.);
#2261 = ORIENTED_EDGE('',*,*,#1292,.F.);
#2262 = PLANE('',#2263);
#2263 = AXIS2_PLACEMENT_3D('',#2264,#2265,#2266);
#2264 = CARTESIAN_POINT('',(0.8,-2.05,1.1));
#2265 = DIRECTION('',(1.,-1.224646799147E-16,0.));
#2266 = DIRECTION('',(-1.359631073446E-32,-1.110223024625E-16,-1.));
#2267 = ADVANCED_FACE('',(#2268),#2279,.T.);
#2268 = FACE_BOUND('',#2269,.T.);
#2269 = EDGE_LOOP('',(#2270,#2271,#2272,#2273));
#2270 = ORIENTED_EDGE('',*,*,#994,.T.);
#2271 = ORIENTED_EDGE('',*,*,#1950,.T.);
#2272 = ORIENTED_EDGE('',*,*,#1075,.T.);
#2273 = ORIENTED_EDGE('',*,*,#2274,.F.);
#2274 = EDGE_CURVE('',#986,#1067,#2275,.T.);
#2275 = LINE('',#2276,#2277);
#2276 = CARTESIAN_POINT('',(5.95,-4.65,3.3));
#2277 = VECTOR('',#2278,1.);
#2278 = DIRECTION('',(-1.,1.224646799147E-16,0.));
#2279 = PLANE('',#2280);
#2280 = AXIS2_PLACEMENT_3D('',#2281,#2282,#2283);
#2281 = CARTESIAN_POINT('',(5.95,-6.25,3.3));
#2282 = DIRECTION('',(-1.359631073447E-32,-1.110223024625E-16,-1.));
#2283 = DIRECTION('',(1.224646799147E-16,1.,-1.110223024625E-16));
#2284 = ADVANCED_FACE('',(#2285),#2291,.F.);
#2285 = FACE_BOUND('',#2286,.F.);
#2286 = EDGE_LOOP('',(#2287,#2288,#2289,#2290));
#2287 = ORIENTED_EDGE('',*,*,#1009,.T.);
#2288 = ORIENTED_EDGE('',*,*,#1066,.T.);
#2289 = ORIENTED_EDGE('',*,*,#2274,.F.);
#2290 = ORIENTED_EDGE('',*,*,#985,.F.);
#2291 = CYLINDRICAL_SURFACE('',#2292,0.4);
#2292 = AXIS2_PLACEMENT_3D('',#2293,#2294,#2295);
#2293 = CARTESIAN_POINT('',(5.95,-4.65,2.9));
#2294 = DIRECTION('',(1.,-1.224646799147E-16,0.));
#2295 = DIRECTION('',(1.359631073446E-32,1.110223024625E-16,1.));
#2296 = ADVANCED_FACE('',(#2297),#2308,.F.);
#2297 = FACE_BOUND('',#2298,.F.);
#2298 = EDGE_LOOP('',(#2299,#2300,#2301,#2307));
#2299 = ORIENTED_EDGE('',*,*,#2029,.T.);
#2300 = ORIENTED_EDGE('',*,*,#1042,.T.);
#2301 = ORIENTED_EDGE('',*,*,#2302,.F.);
#2302 = EDGE_CURVE('',#1138,#1043,#2303,.T.);
#2303 = LINE('',#2304,#2305);
#2304 = CARTESIAN_POINT('',(-0.95,1.35,3.2));
#2305 = VECTOR('',#2306,1.);
#2306 = DIRECTION('',(-1.,1.224646799147E-16,0.));
#2307 = ORIENTED_EDGE('',*,*,#1137,.F.);
#2308 = PLANE('',#2309);
#2309 = AXIS2_PLACEMENT_3D('',#2310,#2311,#2312);
#2310 = CARTESIAN_POINT('',(-0.95,-0.25,4.1));
#2311 = DIRECTION('',(-6.003968578616E-17,-0.490261239633,
    -0.871575537124));
#2312 = DIRECTION('',(1.067372191754E-16,0.871575537124,-0.490261239633)
  );
#2313 = ADVANCED_FACE('',(#2314),#2320,.F.);
#2314 = FACE_BOUND('',#2315,.F.);
#2315 = EDGE_LOOP('',(#2316,#2317,#2318,#2319));
#2316 = ORIENTED_EDGE('',*,*,#2302,.T.);
#2317 = ORIENTED_EDGE('',*,*,#1050,.T.);
#2318 = ORIENTED_EDGE('',*,*,#1105,.F.);
#2319 = ORIENTED_EDGE('',*,*,#1145,.F.);
#2320 = PLANE('',#2321);
#2321 = AXIS2_PLACEMENT_3D('',#2322,#2323,#2324);
#2322 = CARTESIAN_POINT('',(-0.95,1.35,3.2));
#2323 = DIRECTION('',(-1.224646799147E-16,-1.,0.));
#2324 = DIRECTION('',(-0.,0.,-1.));
#2325 = ADVANCED_FACE('',(#2326),#2344,.F.);
#2326 = FACE_BOUND('',#2327,.F.);
#2327 = EDGE_LOOP('',(#2328,#2329,#2335,#2336,#2342,#2343));
#2328 = ORIENTED_EDGE('',*,*,#2022,.F.);
#2329 = ORIENTED_EDGE('',*,*,#2330,.F.);
#2330 = EDGE_CURVE('',#1850,#2013,#2331,.T.);
#2331 = LINE('',#2332,#2333);
#2332 = CARTESIAN_POINT('',(-1.4,-4.45,4.8));
#2333 = VECTOR('',#2334,1.);
#2334 = DIRECTION('',(1.224646799147E-16,1.,-1.110223024625E-16));
#2335 = ORIENTED_EDGE('',*,*,#1857,.F.);
#2336 = ORIENTED_EDGE('',*,*,#2337,.T.);
#2337 = EDGE_CURVE('',#1858,#1936,#2338,.T.);
#2338 = LINE('',#2339,#2340);
#2339 = CARTESIAN_POINT('',(-0.95,-4.45,4.8));
#2340 = VECTOR('',#2341,1.);
#2341 = DIRECTION('',(-1.224646799147E-16,-1.,1.110223024625E-16));
#2342 = ORIENTED_EDGE('',*,*,#1943,.T.);
#2343 = ORIENTED_EDGE('',*,*,#1091,.F.);
#2344 = PLANE('',#2345);
#2345 = AXIS2_PLACEMENT_3D('',#2346,#2347,#2348);
#2346 = CARTESIAN_POINT('',(5.95,-0.25,4.8));
#2347 = DIRECTION('',(-1.359631073447E-32,-1.110223024625E-16,-1.));
#2348 = DIRECTION('',(-1.,1.224646799147E-16,6.927121900793E-45));
#2349 = ADVANCED_FACE('',(#2350),#2362,.T.);
#2350 = FACE_BOUND('',#2351,.T.);
#2351 = EDGE_LOOP('',(#2352,#2353,#2354,#2355,#2361));
#2352 = ORIENTED_EDGE('',*,*,#2330,.F.);
#2353 = ORIENTED_EDGE('',*,*,#1849,.T.);
#2354 = ORIENTED_EDGE('',*,*,#1220,.T.);
#2355 = ORIENTED_EDGE('',*,*,#2356,.T.);
#2356 = EDGE_CURVE('',#1221,#2015,#2357,.T.);
#2357 = LINE('',#2358,#2359);
#2358 = CARTESIAN_POINT('',(-1.4,-4.45,4.2));
#2359 = VECTOR('',#2360,1.);
#2360 = DIRECTION('',(1.224646799147E-16,1.,-1.110223024625E-16));
#2361 = ORIENTED_EDGE('',*,*,#2012,.F.);
#2362 = PLANE('',#2363);
#2363 = AXIS2_PLACEMENT_3D('',#2364,#2365,#2366);
#2364 = CARTESIAN_POINT('',(-1.4,-4.45,4.8));
#2365 = DIRECTION('',(1.,-1.224646799147E-16,0.));
#2366 = DIRECTION('',(1.224646799147E-16,1.,-1.110223024625E-16));
#2367 = ADVANCED_FACE('',(#2368),#2374,.F.);
#2368 = FACE_BOUND('',#2369,.F.);
#2369 = EDGE_LOOP('',(#2370,#2371,#2372,#2373));
#2370 = ORIENTED_EDGE('',*,*,#2150,.T.);
#2371 = ORIENTED_EDGE('',*,*,#2165,.T.);
#2372 = ORIENTED_EDGE('',*,*,#2189,.F.);
#2373 = ORIENTED_EDGE('',*,*,#1323,.F.);
#2374 = PLANE('',#2375);
#2375 = AXIS2_PLACEMENT_3D('',#2376,#2377,#2378);
#2376 = CARTESIAN_POINT('',(3.2,-2.05,1.1));
#2377 = DIRECTION('',(-1.359631073447E-32,-1.110223024625E-16,-1.));
#2378 = DIRECTION('',(-1.,1.224646799147E-16,6.927121900793E-45));
#2379 = ADVANCED_FACE('',(#2380),#2388,.F.);
#2380 = FACE_BOUND('',#2381,.F.);
#2381 = EDGE_LOOP('',(#2382,#2383,#2384,#2385,#2386,#2387));
#2382 = ORIENTED_EDGE('',*,*,#1283,.T.);
#2383 = ORIENTED_EDGE('',*,*,#2356,.T.);
#2384 = ORIENTED_EDGE('',*,*,#2045,.T.);
#2385 = ORIENTED_EDGE('',*,*,#2060,.F.);
#2386 = ORIENTED_EDGE('',*,*,#1793,.T.);
#2387 = ORIENTED_EDGE('',*,*,#1825,.T.);
#2388 = PLANE('',#2389);
#2389 = AXIS2_PLACEMENT_3D('',#2390,#2391,#2392);
#2390 = CARTESIAN_POINT('',(-0.9,-2.35,4.2));
#2391 = DIRECTION('',(-8.050646288033E-31,-1.110223024625E-16,-1.));
#2392 = DIRECTION('',(-1.,1.224646799147E-16,7.914683180688E-31));
#2393 = ADVANCED_FACE('',(#2394),#2400,.F.);
#2394 = FACE_BOUND('',#2395,.F.);
#2395 = EDGE_LOOP('',(#2396,#2397,#2398,#2399));
#2396 = ORIENTED_EDGE('',*,*,#2215,.T.);
#2397 = ORIENTED_EDGE('',*,*,#2230,.T.);
#2398 = ORIENTED_EDGE('',*,*,#2254,.F.);
#2399 = ORIENTED_EDGE('',*,*,#1300,.F.);
#2400 = PLANE('',#2401);
#2401 = AXIS2_PLACEMENT_3D('',#2402,#2403,#2404);
#2402 = CARTESIAN_POINT('',(1.2,-2.05,1.1));
#2403 = DIRECTION('',(-1.359631073447E-32,-1.110223024625E-16,-1.));
#2404 = DIRECTION('',(-1.,1.224646799147E-16,6.927121900793E-45));
#2405 = ADVANCED_FACE('',(#2406),#2431,.T.);
#2406 = FACE_BOUND('',#2407,.T.);
#2407 = EDGE_LOOP('',(#2408,#2418,#2424,#2425));
#2408 = ORIENTED_EDGE('',*,*,#2409,.T.);
#2409 = EDGE_CURVE('',#2410,#2412,#2414,.T.);
#2410 = VERTEX_POINT('',#2411);
#2411 = CARTESIAN_POINT('',(1.75,-5.55,2.85));
#2412 = VERTEX_POINT('',#2413);
#2413 = CARTESIAN_POINT('',(1.75,-5.55,3.35));
#2414 = LINE('',#2415,#2416);
#2415 = CARTESIAN_POINT('',(1.75,-5.55,2.85));
#2416 = VECTOR('',#2417,1.);
#2417 = DIRECTION('',(0.,0.,1.));
#2418 = ORIENTED_EDGE('',*,*,#2419,.T.);
#2419 = EDGE_CURVE('',#2412,#1340,#2420,.T.);
#2420 = LINE('',#2421,#2422);
#2421 = CARTESIAN_POINT('',(1.75,-5.75,3.35));
#2422 = VECTOR('',#2423,1.);
#2423 = DIRECTION('',(1.224646799147E-16,1.,0.));
#2424 = ORIENTED_EDGE('',*,*,#1339,.T.);
#2425 = ORIENTED_EDGE('',*,*,#2426,.T.);
#2426 = EDGE_CURVE('',#1342,#2410,#2427,.T.);
#2427 = LINE('',#2428,#2429);
#2428 = CARTESIAN_POINT('',(1.75,-0.25,2.85));
#2429 = VECTOR('',#2430,1.);
#2430 = DIRECTION('',(-1.224646799147E-16,-1.,0.));
#2431 = PLANE('',#2432);
#2432 = AXIS2_PLACEMENT_3D('',#2433,#2434,#2435);
#2433 = CARTESIAN_POINT('',(1.75,-1.401960784314,1.323039215686));
#2434 = DIRECTION('',(-1.,1.224646799147E-16,0.));
#2435 = DIRECTION('',(0.,0.,1.));
#2436 = ADVANCED_FACE('',(#2437),#2455,.F.);
#2437 = FACE_BOUND('',#2438,.F.);
#2438 = EDGE_LOOP('',(#2439,#2447,#2448,#2449));
#2439 = ORIENTED_EDGE('',*,*,#2440,.F.);
#2440 = EDGE_CURVE('',#1358,#2441,#2443,.T.);
#2441 = VERTEX_POINT('',#2442);
#2442 = CARTESIAN_POINT('',(2.25,-5.55,2.85));
#2443 = LINE('',#2444,#2445);
#2444 = CARTESIAN_POINT('',(2.25,-0.25,2.85));
#2445 = VECTOR('',#2446,1.);
#2446 = DIRECTION('',(-1.224646799147E-16,-1.,0.));
#2447 = ORIENTED_EDGE('',*,*,#1365,.T.);
#2448 = ORIENTED_EDGE('',*,*,#2426,.T.);
#2449 = ORIENTED_EDGE('',*,*,#2450,.F.);
#2450 = EDGE_CURVE('',#2441,#2410,#2451,.T.);
#2451 = LINE('',#2452,#2453);
#2452 = CARTESIAN_POINT('',(2.25,-5.55,2.85));
#2453 = VECTOR('',#2454,1.);
#2454 = DIRECTION('',(-1.,1.224646799147E-16,0.));
#2455 = PLANE('',#2456);
#2456 = AXIS2_PLACEMENT_3D('',#2457,#2458,#2459);
#2457 = CARTESIAN_POINT('',(2.25,-0.25,2.85));
#2458 = DIRECTION('',(0.,0.,1.));
#2459 = DIRECTION('',(-1.224646799147E-16,-1.,0.));
#2460 = ADVANCED_FACE('',(#2461),#2479,.F.);
#2461 = FACE_BOUND('',#2462,.F.);
#2462 = EDGE_LOOP('',(#2463,#2471,#2477,#2478));
#2463 = ORIENTED_EDGE('',*,*,#2464,.T.);
#2464 = EDGE_CURVE('',#2441,#2465,#2467,.T.);
#2465 = VERTEX_POINT('',#2466);
#2466 = CARTESIAN_POINT('',(2.25,-5.55,3.35));
#2467 = LINE('',#2468,#2469);
#2468 = CARTESIAN_POINT('',(2.25,-5.55,2.85));
#2469 = VECTOR('',#2470,1.);
#2470 = DIRECTION('',(0.,0.,1.));
#2471 = ORIENTED_EDGE('',*,*,#2472,.T.);
#2472 = EDGE_CURVE('',#2465,#1350,#2473,.T.);
#2473 = LINE('',#2474,#2475);
#2474 = CARTESIAN_POINT('',(2.25,-5.75,3.35));
#2475 = VECTOR('',#2476,1.);
#2476 = DIRECTION('',(1.224646799147E-16,1.,0.));
#2477 = ORIENTED_EDGE('',*,*,#1357,.T.);
#2478 = ORIENTED_EDGE('',*,*,#2440,.T.);
#2479 = PLANE('',#2480);
#2480 = AXIS2_PLACEMENT_3D('',#2481,#2482,#2483);
#2481 = CARTESIAN_POINT('',(2.25,-1.401960784314,1.323039215686));
#2482 = DIRECTION('',(-1.,1.224646799147E-16,0.));
#2483 = DIRECTION('',(0.,0.,1.));
#2484 = ADVANCED_FACE('',(#2485),#2496,.F.);
#2485 = FACE_BOUND('',#2486,.F.);
#2486 = EDGE_LOOP('',(#2487,#2488,#2494,#2495));
#2487 = ORIENTED_EDGE('',*,*,#2472,.F.);
#2488 = ORIENTED_EDGE('',*,*,#2489,.T.);
#2489 = EDGE_CURVE('',#2465,#2412,#2490,.T.);
#2490 = LINE('',#2491,#2492);
#2491 = CARTESIAN_POINT('',(2.25,-5.55,3.35));
#2492 = VECTOR('',#2493,1.);
#2493 = DIRECTION('',(-1.,1.224646799147E-16,0.));
#2494 = ORIENTED_EDGE('',*,*,#2419,.T.);
#2495 = ORIENTED_EDGE('',*,*,#1349,.T.);
#2496 = PLANE('',#2497);
#2497 = AXIS2_PLACEMENT_3D('',#2498,#2499,#2500);
#2498 = CARTESIAN_POINT('',(2.25,-5.75,3.35));
#2499 = DIRECTION('',(-0.,0.,-1.));
#2500 = DIRECTION('',(1.224646799147E-16,1.,0.));
#2501 = ADVANCED_FACE('',(#2502),#2527,.F.);
#2502 = FACE_BOUND('',#2503,.F.);
#2503 = EDGE_LOOP('',(#2504,#2514,#2520,#2521));
#2504 = ORIENTED_EDGE('',*,*,#2505,.T.);
#2505 = EDGE_CURVE('',#2506,#2508,#2510,.T.);
#2506 = VERTEX_POINT('',#2507);
#2507 = CARTESIAN_POINT('',(4.25,-5.55,2.85));
#2508 = VERTEX_POINT('',#2509);
#2509 = CARTESIAN_POINT('',(4.25,-5.55,3.35));
#2510 = LINE('',#2511,#2512);
#2511 = CARTESIAN_POINT('',(4.25,-5.55,2.85));
#2512 = VECTOR('',#2513,1.);
#2513 = DIRECTION('',(0.,0.,1.));
#2514 = ORIENTED_EDGE('',*,*,#2515,.T.);
#2515 = EDGE_CURVE('',#2508,#1374,#2516,.T.);
#2516 = LINE('',#2517,#2518);
#2517 = CARTESIAN_POINT('',(4.25,-5.75,3.35));
#2518 = VECTOR('',#2519,1.);
#2519 = DIRECTION('',(1.224646799147E-16,1.,0.));
#2520 = ORIENTED_EDGE('',*,*,#1373,.T.);
#2521 = ORIENTED_EDGE('',*,*,#2522,.T.);
#2522 = EDGE_CURVE('',#1376,#2506,#2523,.T.);
#2523 = LINE('',#2524,#2525);
#2524 = CARTESIAN_POINT('',(4.25,-0.25,2.85));
#2525 = VECTOR('',#2526,1.);
#2526 = DIRECTION('',(-1.224646799147E-16,-1.,0.));
#2527 = PLANE('',#2528);
#2528 = AXIS2_PLACEMENT_3D('',#2529,#2530,#2531);
#2529 = CARTESIAN_POINT('',(4.25,-1.421959173294,1.302213422577));
#2530 = DIRECTION('',(-1.,1.224646799147E-16,0.));
#2531 = DIRECTION('',(0.,0.,1.));
#2532 = ADVANCED_FACE('',(#2533),#2551,.F.);
#2533 = FACE_BOUND('',#2534,.F.);
#2534 = EDGE_LOOP('',(#2535,#2536,#2544,#2550));
#2535 = ORIENTED_EDGE('',*,*,#2515,.F.);
#2536 = ORIENTED_EDGE('',*,*,#2537,.T.);
#2537 = EDGE_CURVE('',#2508,#2538,#2540,.T.);
#2538 = VERTEX_POINT('',#2539);
#2539 = CARTESIAN_POINT('',(3.75,-5.55,3.35));
#2540 = LINE('',#2541,#2542);
#2541 = CARTESIAN_POINT('',(4.25,-5.55,3.35));
#2542 = VECTOR('',#2543,1.);
#2543 = DIRECTION('',(-1.,1.224646799147E-16,0.));
#2544 = ORIENTED_EDGE('',*,*,#2545,.T.);
#2545 = EDGE_CURVE('',#2538,#1392,#2546,.T.);
#2546 = LINE('',#2547,#2548);
#2547 = CARTESIAN_POINT('',(3.75,-5.75,3.35));
#2548 = VECTOR('',#2549,1.);
#2549 = DIRECTION('',(1.224646799147E-16,1.,0.));
#2550 = ORIENTED_EDGE('',*,*,#1399,.T.);
#2551 = PLANE('',#2552);
#2552 = AXIS2_PLACEMENT_3D('',#2553,#2554,#2555);
#2553 = CARTESIAN_POINT('',(4.25,-5.75,3.35));
#2554 = DIRECTION('',(-0.,0.,-1.));
#2555 = DIRECTION('',(1.224646799147E-16,1.,0.));
#2556 = ADVANCED_FACE('',(#2557),#2575,.T.);
#2557 = FACE_BOUND('',#2558,.T.);
#2558 = EDGE_LOOP('',(#2559,#2567,#2568,#2569));
#2559 = ORIENTED_EDGE('',*,*,#2560,.T.);
#2560 = EDGE_CURVE('',#2561,#2538,#2563,.T.);
#2561 = VERTEX_POINT('',#2562);
#2562 = CARTESIAN_POINT('',(3.75,-5.55,2.85));
#2563 = LINE('',#2564,#2565);
#2564 = CARTESIAN_POINT('',(3.75,-5.55,2.85));
#2565 = VECTOR('',#2566,1.);
#2566 = DIRECTION('',(0.,0.,1.));
#2567 = ORIENTED_EDGE('',*,*,#2545,.T.);
#2568 = ORIENTED_EDGE('',*,*,#1391,.T.);
#2569 = ORIENTED_EDGE('',*,*,#2570,.T.);
#2570 = EDGE_CURVE('',#1384,#2561,#2571,.T.);
#2571 = LINE('',#2572,#2573);
#2572 = CARTESIAN_POINT('',(3.75,-0.25,2.85));
#2573 = VECTOR('',#2574,1.);
#2574 = DIRECTION('',(-1.224646799147E-16,-1.,0.));
#2575 = PLANE('',#2576);
#2576 = AXIS2_PLACEMENT_3D('',#2577,#2578,#2579);
#2577 = CARTESIAN_POINT('',(3.75,-1.421959173294,1.302213422577));
#2578 = DIRECTION('',(-1.,1.224646799147E-16,0.));
#2579 = DIRECTION('',(0.,0.,1.));
#2580 = ADVANCED_FACE('',(#2581),#2592,.F.);
#2581 = FACE_BOUND('',#2582,.F.);
#2582 = EDGE_LOOP('',(#2583,#2584,#2585,#2586));
#2583 = ORIENTED_EDGE('',*,*,#2522,.F.);
#2584 = ORIENTED_EDGE('',*,*,#1383,.T.);
#2585 = ORIENTED_EDGE('',*,*,#2570,.T.);
#2586 = ORIENTED_EDGE('',*,*,#2587,.F.);
#2587 = EDGE_CURVE('',#2506,#2561,#2588,.T.);
#2588 = LINE('',#2589,#2590);
#2589 = CARTESIAN_POINT('',(4.25,-5.55,2.85));
#2590 = VECTOR('',#2591,1.);
#2591 = DIRECTION('',(-1.,1.224646799147E-16,0.));
#2592 = PLANE('',#2593);
#2593 = AXIS2_PLACEMENT_3D('',#2594,#2595,#2596);
#2594 = CARTESIAN_POINT('',(4.25,-0.25,2.85));
#2595 = DIRECTION('',(0.,0.,1.));
#2596 = DIRECTION('',(-1.224646799147E-16,-1.,0.));
#2597 = ADVANCED_FACE('',(#2598),#2623,.T.);
#2598 = FACE_BOUND('',#2599,.T.);
#2599 = EDGE_LOOP('',(#2600,#2610,#2616,#2617));
#2600 = ORIENTED_EDGE('',*,*,#2601,.T.);
#2601 = EDGE_CURVE('',#2602,#2604,#2606,.T.);
#2602 = VERTEX_POINT('',#2603);
#2603 = CARTESIAN_POINT('',(-0.25,-5.55,2.85));
#2604 = VERTEX_POINT('',#2605);
#2605 = CARTESIAN_POINT('',(-0.25,-5.55,3.35));
#2606 = LINE('',#2607,#2608);
#2607 = CARTESIAN_POINT('',(-0.25,-5.55,2.85));
#2608 = VECTOR('',#2609,1.);
#2609 = DIRECTION('',(0.,0.,1.));
#2610 = ORIENTED_EDGE('',*,*,#2611,.T.);
#2611 = EDGE_CURVE('',#2604,#1408,#2612,.T.);
#2612 = LINE('',#2613,#2614);
#2613 = CARTESIAN_POINT('',(-0.25,-5.75,3.35));
#2614 = VECTOR('',#2615,1.);
#2615 = DIRECTION('',(1.224646799147E-16,1.,0.));
#2616 = ORIENTED_EDGE('',*,*,#1407,.T.);
#2617 = ORIENTED_EDGE('',*,*,#2618,.T.);
#2618 = EDGE_CURVE('',#1410,#2602,#2619,.T.);
#2619 = LINE('',#2620,#2621);
#2620 = CARTESIAN_POINT('',(-0.25,-0.25,2.85));
#2621 = VECTOR('',#2622,1.);
#2622 = DIRECTION('',(-1.224646799147E-16,-1.,0.));
#2623 = PLANE('',#2624);
#2624 = AXIS2_PLACEMENT_3D('',#2625,#2626,#2627);
#2625 = CARTESIAN_POINT('',(-0.25,-1.421959173294,1.302213422577));
#2626 = DIRECTION('',(-1.,1.224646799147E-16,0.));
#2627 = DIRECTION('',(0.,0.,1.));
#2628 = ADVANCED_FACE('',(#2629),#2647,.F.);
#2629 = FACE_BOUND('',#2630,.F.);
#2630 = EDGE_LOOP('',(#2631,#2639,#2640,#2641));
#2631 = ORIENTED_EDGE('',*,*,#2632,.F.);
#2632 = EDGE_CURVE('',#1426,#2633,#2635,.T.);
#2633 = VERTEX_POINT('',#2634);
#2634 = CARTESIAN_POINT('',(0.25,-5.55,2.85));
#2635 = LINE('',#2636,#2637);
#2636 = CARTESIAN_POINT('',(0.25,-0.25,2.85));
#2637 = VECTOR('',#2638,1.);
#2638 = DIRECTION('',(-1.224646799147E-16,-1.,0.));
#2639 = ORIENTED_EDGE('',*,*,#1433,.T.);
#2640 = ORIENTED_EDGE('',*,*,#2618,.T.);
#2641 = ORIENTED_EDGE('',*,*,#2642,.F.);
#2642 = EDGE_CURVE('',#2633,#2602,#2643,.T.);
#2643 = LINE('',#2644,#2645);
#2644 = CARTESIAN_POINT('',(0.25,-5.55,2.85));
#2645 = VECTOR('',#2646,1.);
#2646 = DIRECTION('',(-1.,1.224646799147E-16,0.));
#2647 = PLANE('',#2648);
#2648 = AXIS2_PLACEMENT_3D('',#2649,#2650,#2651);
#2649 = CARTESIAN_POINT('',(0.25,-0.25,2.85));
#2650 = DIRECTION('',(0.,0.,1.));
#2651 = DIRECTION('',(-1.224646799147E-16,-1.,0.));
#2652 = ADVANCED_FACE('',(#2653),#2671,.F.);
#2653 = FACE_BOUND('',#2654,.F.);
#2654 = EDGE_LOOP('',(#2655,#2663,#2669,#2670));
#2655 = ORIENTED_EDGE('',*,*,#2656,.T.);
#2656 = EDGE_CURVE('',#2633,#2657,#2659,.T.);
#2657 = VERTEX_POINT('',#2658);
#2658 = CARTESIAN_POINT('',(0.25,-5.55,3.35));
#2659 = LINE('',#2660,#2661);
#2660 = CARTESIAN_POINT('',(0.25,-5.55,2.85));
#2661 = VECTOR('',#2662,1.);
#2662 = DIRECTION('',(0.,0.,1.));
#2663 = ORIENTED_EDGE('',*,*,#2664,.T.);
#2664 = EDGE_CURVE('',#2657,#1418,#2665,.T.);
#2665 = LINE('',#2666,#2667);
#2666 = CARTESIAN_POINT('',(0.25,-5.75,3.35));
#2667 = VECTOR('',#2668,1.);
#2668 = DIRECTION('',(1.224646799147E-16,1.,0.));
#2669 = ORIENTED_EDGE('',*,*,#1425,.T.);
#2670 = ORIENTED_EDGE('',*,*,#2632,.T.);
#2671 = PLANE('',#2672);
#2672 = AXIS2_PLACEMENT_3D('',#2673,#2674,#2675);
#2673 = CARTESIAN_POINT('',(0.25,-1.421959173294,1.302213422577));
#2674 = DIRECTION('',(-1.,1.224646799147E-16,0.));
#2675 = DIRECTION('',(0.,0.,1.));
#2676 = ADVANCED_FACE('',(#2677),#2688,.F.);
#2677 = FACE_BOUND('',#2678,.F.);
#2678 = EDGE_LOOP('',(#2679,#2680,#2686,#2687));
#2679 = ORIENTED_EDGE('',*,*,#2664,.F.);
#2680 = ORIENTED_EDGE('',*,*,#2681,.T.);
#2681 = EDGE_CURVE('',#2657,#2604,#2682,.T.);
#2682 = LINE('',#2683,#2684);
#2683 = CARTESIAN_POINT('',(0.25,-5.55,3.35));
#2684 = VECTOR('',#2685,1.);
#2685 = DIRECTION('',(-1.,1.224646799147E-16,0.));
#2686 = ORIENTED_EDGE('',*,*,#2611,.T.);
#2687 = ORIENTED_EDGE('',*,*,#1417,.T.);
#2688 = PLANE('',#2689);
#2689 = AXIS2_PLACEMENT_3D('',#2690,#2691,#2692);
#2690 = CARTESIAN_POINT('',(0.25,-5.75,3.35));
#2691 = DIRECTION('',(-0.,0.,-1.));
#2692 = DIRECTION('',(1.224646799147E-16,1.,0.));
#2693 = ADVANCED_FACE('',(#2694,#2700),#2734,.F.);
#2694 = FACE_BOUND('',#2695,.F.);
#2695 = EDGE_LOOP('',(#2696,#2697,#2698,#2699));
#2696 = ORIENTED_EDGE('',*,*,#1581,.T.);
#2697 = ORIENTED_EDGE('',*,*,#1599,.T.);
#2698 = ORIENTED_EDGE('',*,*,#2124,.F.);
#2699 = ORIENTED_EDGE('',*,*,#1464,.F.);
#2700 = FACE_BOUND('',#2701,.F.);
#2701 = EDGE_LOOP('',(#2702,#2712,#2720,#2728));
#2702 = ORIENTED_EDGE('',*,*,#2703,.T.);
#2703 = EDGE_CURVE('',#2704,#2706,#2708,.T.);
#2704 = VERTEX_POINT('',#2705);
#2705 = CARTESIAN_POINT('',(4.25,-0.35,3.35));
#2706 = VERTEX_POINT('',#2707);
#2707 = CARTESIAN_POINT('',(4.25,-0.35,2.85));
#2708 = LINE('',#2709,#2710);
#2709 = CARTESIAN_POINT('',(4.25,-0.35,2.451106711288));
#2710 = VECTOR('',#2711,1.);
#2711 = DIRECTION('',(-1.359631073447E-32,-1.110223024625E-16,-1.));
#2712 = ORIENTED_EDGE('',*,*,#2713,.T.);
#2713 = EDGE_CURVE('',#2706,#2714,#2716,.T.);
#2714 = VERTEX_POINT('',#2715);
#2715 = CARTESIAN_POINT('',(3.75,-0.35,2.85));
#2716 = LINE('',#2717,#2718);
#2717 = CARTESIAN_POINT('',(4.5,-0.35,2.85));
#2718 = VECTOR('',#2719,1.);
#2719 = DIRECTION('',(-1.,1.224646799147E-16,0.));
#2720 = ORIENTED_EDGE('',*,*,#2721,.F.);
#2721 = EDGE_CURVE('',#2722,#2714,#2724,.T.);
#2722 = VERTEX_POINT('',#2723);
#2723 = CARTESIAN_POINT('',(3.75,-0.35,3.35));
#2724 = LINE('',#2725,#2726);
#2725 = CARTESIAN_POINT('',(3.75,-0.35,2.451106711288));
#2726 = VECTOR('',#2727,1.);
#2727 = DIRECTION('',(-1.359631073447E-32,-1.110223024625E-16,-1.));
#2728 = ORIENTED_EDGE('',*,*,#2729,.T.);
#2729 = EDGE_CURVE('',#2722,#2704,#2730,.T.);
#2730 = LINE('',#2731,#2732);
#2731 = CARTESIAN_POINT('',(4.5,-0.35,3.35));
#2732 = VECTOR('',#2733,1.);
#2733 = DIRECTION('',(1.,-1.224646799147E-16,0.));
#2734 = PLANE('',#2735);
#2735 = AXIS2_PLACEMENT_3D('',#2736,#2737,#2738);
#2736 = CARTESIAN_POINT('',(4.75,-0.35,3.6));
#2737 = DIRECTION('',(-1.224646799147E-16,-1.,1.110223024625E-16));
#2738 = DIRECTION('',(-1.359631073447E-32,-1.110223024625E-16,-1.));
#2739 = ADVANCED_FACE('',(#2740,#2746),#2780,.F.);
#2740 = FACE_BOUND('',#2741,.F.);
#2741 = EDGE_LOOP('',(#2742,#2743,#2744,#2745));
#2742 = ORIENTED_EDGE('',*,*,#1687,.T.);
#2743 = ORIENTED_EDGE('',*,*,#1704,.T.);
#2744 = ORIENTED_EDGE('',*,*,#2107,.F.);
#2745 = ORIENTED_EDGE('',*,*,#1654,.F.);
#2746 = FACE_BOUND('',#2747,.F.);
#2747 = EDGE_LOOP('',(#2748,#2758,#2766,#2774));
#2748 = ORIENTED_EDGE('',*,*,#2749,.F.);
#2749 = EDGE_CURVE('',#2750,#2752,#2754,.T.);
#2750 = VERTEX_POINT('',#2751);
#2751 = CARTESIAN_POINT('',(1.75,-0.35,3.35));
#2752 = VERTEX_POINT('',#2753);
#2753 = CARTESIAN_POINT('',(1.75,-0.35,2.85));
#2754 = LINE('',#2755,#2756);
#2755 = CARTESIAN_POINT('',(1.75,-0.35,2.461519607843));
#2756 = VECTOR('',#2757,1.);
#2757 = DIRECTION('',(-1.359631073447E-32,-1.110223024625E-16,-1.));
#2758 = ORIENTED_EDGE('',*,*,#2759,.T.);
#2759 = EDGE_CURVE('',#2750,#2760,#2762,.T.);
#2760 = VERTEX_POINT('',#2761);
#2761 = CARTESIAN_POINT('',(2.25,-0.35,3.35));
#2762 = LINE('',#2763,#2764);
#2763 = CARTESIAN_POINT('',(2.5,-0.35,3.35));
#2764 = VECTOR('',#2765,1.);
#2765 = DIRECTION('',(1.,-1.224646799147E-16,0.));
#2766 = ORIENTED_EDGE('',*,*,#2767,.T.);
#2767 = EDGE_CURVE('',#2760,#2768,#2770,.T.);
#2768 = VERTEX_POINT('',#2769);
#2769 = CARTESIAN_POINT('',(2.25,-0.35,2.85));
#2770 = LINE('',#2771,#2772);
#2771 = CARTESIAN_POINT('',(2.25,-0.35,2.461519607843));
#2772 = VECTOR('',#2773,1.);
#2773 = DIRECTION('',(-1.359631073447E-32,-1.110223024625E-16,-1.));
#2774 = ORIENTED_EDGE('',*,*,#2775,.T.);
#2775 = EDGE_CURVE('',#2768,#2752,#2776,.T.);
#2776 = LINE('',#2777,#2778);
#2777 = CARTESIAN_POINT('',(2.5,-0.35,2.85));
#2778 = VECTOR('',#2779,1.);
#2779 = DIRECTION('',(-1.,1.224646799147E-16,0.));
#2780 = PLANE('',#2781);
#2781 = AXIS2_PLACEMENT_3D('',#2782,#2783,#2784);
#2782 = CARTESIAN_POINT('',(2.75,-0.35,3.6));
#2783 = DIRECTION('',(-1.224646799147E-16,-1.,1.110223024625E-16));
#2784 = DIRECTION('',(-1.359631073447E-32,-1.110223024625E-16,-1.));
#2785 = ADVANCED_FACE('',(#2786,#2792),#2826,.F.);
#2786 = FACE_BOUND('',#2787,.F.);
#2787 = EDGE_LOOP('',(#2788,#2789,#2790,#2791));
#2788 = ORIENTED_EDGE('',*,*,#1809,.T.);
#2789 = ORIENTED_EDGE('',*,*,#2067,.T.);
#2790 = ORIENTED_EDGE('',*,*,#2090,.F.);
#2791 = ORIENTED_EDGE('',*,*,#1759,.F.);
#2792 = FACE_BOUND('',#2793,.F.);
#2793 = EDGE_LOOP('',(#2794,#2804,#2812,#2820));
#2794 = ORIENTED_EDGE('',*,*,#2795,.F.);
#2795 = EDGE_CURVE('',#2796,#2798,#2800,.T.);
#2796 = VERTEX_POINT('',#2797);
#2797 = CARTESIAN_POINT('',(-0.25,-0.35,3.35));
#2798 = VERTEX_POINT('',#2799);
#2799 = CARTESIAN_POINT('',(-0.25,-0.35,2.85));
#2800 = LINE('',#2801,#2802);
#2801 = CARTESIAN_POINT('',(-0.25,-0.35,2.451106711288));
#2802 = VECTOR('',#2803,1.);
#2803 = DIRECTION('',(-1.359631073447E-32,-1.110223024625E-16,-1.));
#2804 = ORIENTED_EDGE('',*,*,#2805,.T.);
#2805 = EDGE_CURVE('',#2796,#2806,#2808,.T.);
#2806 = VERTEX_POINT('',#2807);
#2807 = CARTESIAN_POINT('',(0.25,-0.35,3.35));
#2808 = LINE('',#2809,#2810);
#2809 = CARTESIAN_POINT('',(0.5,-0.35,3.35));
#2810 = VECTOR('',#2811,1.);
#2811 = DIRECTION('',(1.,-1.224646799147E-16,0.));
#2812 = ORIENTED_EDGE('',*,*,#2813,.T.);
#2813 = EDGE_CURVE('',#2806,#2814,#2816,.T.);
#2814 = VERTEX_POINT('',#2815);
#2815 = CARTESIAN_POINT('',(0.25,-0.35,2.85));
#2816 = LINE('',#2817,#2818);
#2817 = CARTESIAN_POINT('',(0.25,-0.35,2.451106711288));
#2818 = VECTOR('',#2819,1.);
#2819 = DIRECTION('',(-1.359631073447E-32,-1.110223024625E-16,-1.));
#2820 = ORIENTED_EDGE('',*,*,#2821,.T.);
#2821 = EDGE_CURVE('',#2814,#2798,#2822,.T.);
#2822 = LINE('',#2823,#2824);
#2823 = CARTESIAN_POINT('',(0.5,-0.35,2.85));
#2824 = VECTOR('',#2825,1.);
#2825 = DIRECTION('',(-1.,1.224646799147E-16,0.));
#2826 = PLANE('',#2827);
#2827 = AXIS2_PLACEMENT_3D('',#2828,#2829,#2830);
#2828 = CARTESIAN_POINT('',(0.75,-0.35,3.6));
#2829 = DIRECTION('',(-1.224646799147E-16,-1.,1.110223024625E-16));
#2830 = DIRECTION('',(-1.359631073447E-32,-1.110223024625E-16,-1.));
#2831 = ADVANCED_FACE('',(#2832),#2843,.F.);
#2832 = FACE_BOUND('',#2833,.F.);
#2833 = EDGE_LOOP('',(#2834,#2840,#2841,#2842));
#2834 = ORIENTED_EDGE('',*,*,#2835,.T.);
#2835 = EDGE_CURVE('',#1866,#1928,#2836,.T.);
#2836 = LINE('',#2837,#2838);
#2837 = CARTESIAN_POINT('',(-0.95,-4.45,4.85));
#2838 = VECTOR('',#2839,1.);
#2839 = DIRECTION('',(-1.224646799147E-16,-1.,1.110223024625E-16));
#2840 = ORIENTED_EDGE('',*,*,#1935,.T.);
#2841 = ORIENTED_EDGE('',*,*,#2337,.F.);
#2842 = ORIENTED_EDGE('',*,*,#1865,.F.);
#2843 = PLANE('',#2844);
#2844 = AXIS2_PLACEMENT_3D('',#2845,#2846,#2847);
#2845 = CARTESIAN_POINT('',(-0.95,-4.45,4.85));
#2846 = DIRECTION('',(1.,-1.224646799147E-16,0.));
#2847 = DIRECTION('',(-1.359631073446E-32,-1.110223024625E-16,-1.));
#2848 = ADVANCED_FACE('',(#2849),#2855,.F.);
#2849 = FACE_BOUND('',#2850,.F.);
#2850 = EDGE_LOOP('',(#2851,#2852,#2853,#2854));
#2851 = ORIENTED_EDGE('',*,*,#1904,.T.);
#2852 = ORIENTED_EDGE('',*,*,#1927,.T.);
#2853 = ORIENTED_EDGE('',*,*,#2835,.F.);
#2854 = ORIENTED_EDGE('',*,*,#1873,.F.);
#2855 = PLANE('',#2856);
#2856 = AXIS2_PLACEMENT_3D('',#2857,#2858,#2859);
#2857 = CARTESIAN_POINT('',(-0.45,-4.45,4.85));
#2858 = DIRECTION('',(-1.359631073447E-32,-1.110223024625E-16,-1.));
#2859 = DIRECTION('',(-1.,1.224646799147E-16,6.927121900793E-45));
#2860 = ADVANCED_FACE('',(#2861),#2886,.F.);
#2861 = FACE_BOUND('',#2862,.F.);
#2862 = EDGE_LOOP('',(#2863,#2871,#2872,#2880));
#2863 = ORIENTED_EDGE('',*,*,#2864,.F.);
#2864 = EDGE_CURVE('',#2410,#2865,#2867,.T.);
#2865 = VERTEX_POINT('',#2866);
#2866 = CARTESIAN_POINT('',(1.95,-5.75,3.05));
#2867 = LINE('',#2868,#2869);
#2868 = CARTESIAN_POINT('',(1.9,-5.7,3.));
#2869 = VECTOR('',#2870,1.);
#2870 = DIRECTION('',(0.57735026919,-0.57735026919,0.57735026919));
#2871 = ORIENTED_EDGE('',*,*,#2409,.T.);
#2872 = ORIENTED_EDGE('',*,*,#2873,.T.);
#2873 = EDGE_CURVE('',#2412,#2874,#2876,.T.);
#2874 = VERTEX_POINT('',#2875);
#2875 = CARTESIAN_POINT('',(1.95,-5.75,3.15));
#2876 = LINE('',#2877,#2878);
#2877 = CARTESIAN_POINT('',(1.983333333333,-5.783333333333,
    3.116666666667));
#2878 = VECTOR('',#2879,1.);
#2879 = DIRECTION('',(0.57735026919,-0.57735026919,-0.57735026919));
#2880 = ORIENTED_EDGE('',*,*,#2881,.F.);
#2881 = EDGE_CURVE('',#2865,#2874,#2882,.T.);
#2882 = LINE('',#2883,#2884);
#2883 = CARTESIAN_POINT('',(1.95,-5.75,2.85));
#2884 = VECTOR('',#2885,1.);
#2885 = DIRECTION('',(0.,0.,1.));
#2886 = PLANE('',#2887);
#2887 = AXIS2_PLACEMENT_3D('',#2888,#2889,#2890);
#2888 = CARTESIAN_POINT('',(1.85,-5.65,2.85));
#2889 = DIRECTION('',(0.707106781187,0.707106781187,1.735417226644E-18)
  );
#2890 = DIRECTION('',(-1.227125289148E-18,-1.227125289148E-18,1.));
#2891 = ADVANCED_FACE('',(#2892),#2910,.T.);
#2892 = FACE_BOUND('',#2893,.F.);
#2893 = EDGE_LOOP('',(#2894,#2902,#2903,#2904));
#2894 = ORIENTED_EDGE('',*,*,#2895,.F.);
#2895 = EDGE_CURVE('',#2441,#2896,#2898,.T.);
#2896 = VERTEX_POINT('',#2897);
#2897 = CARTESIAN_POINT('',(2.05,-5.75,3.05));
#2898 = LINE('',#2899,#2900);
#2899 = CARTESIAN_POINT('',(2.183333333333,-5.616666666667,
    2.916666666667));
#2900 = VECTOR('',#2901,1.);
#2901 = DIRECTION('',(-0.57735026919,-0.57735026919,0.57735026919));
#2902 = ORIENTED_EDGE('',*,*,#2450,.T.);
#2903 = ORIENTED_EDGE('',*,*,#2864,.T.);
#2904 = ORIENTED_EDGE('',*,*,#2905,.F.);
#2905 = EDGE_CURVE('',#2896,#2865,#2906,.T.);
#2906 = LINE('',#2907,#2908);
#2907 = CARTESIAN_POINT('',(2.25,-5.75,3.05));
#2908 = VECTOR('',#2909,1.);
#2909 = DIRECTION('',(-1.,1.224646799147E-16,0.));
#2910 = PLANE('',#2911);
#2911 = AXIS2_PLACEMENT_3D('',#2912,#2913,#2914);
#2912 = CARTESIAN_POINT('',(2.25,-5.65,2.95));
#2913 = DIRECTION('',(-8.659560562349E-17,-0.707106781187,
    -0.707106781187));
#2914 = DIRECTION('',(1.,-1.224646799147E-16,2.105272540809E-29));
#2915 = ADVANCED_FACE('',(#2916),#2934,.T.);
#2916 = FACE_BOUND('',#2917,.T.);
#2917 = EDGE_LOOP('',(#2918,#2919,#2920,#2928));
#2918 = ORIENTED_EDGE('',*,*,#2895,.F.);
#2919 = ORIENTED_EDGE('',*,*,#2464,.T.);
#2920 = ORIENTED_EDGE('',*,*,#2921,.T.);
#2921 = EDGE_CURVE('',#2465,#2922,#2924,.T.);
#2922 = VERTEX_POINT('',#2923);
#2923 = CARTESIAN_POINT('',(2.05,-5.75,3.15));
#2924 = LINE('',#2925,#2926);
#2925 = CARTESIAN_POINT('',(2.1,-5.7,3.2));
#2926 = VECTOR('',#2927,1.);
#2927 = DIRECTION('',(-0.57735026919,-0.57735026919,-0.57735026919));
#2928 = ORIENTED_EDGE('',*,*,#2929,.F.);
#2929 = EDGE_CURVE('',#2896,#2922,#2930,.T.);
#2930 = LINE('',#2931,#2932);
#2931 = CARTESIAN_POINT('',(2.05,-5.75,2.85));
#2932 = VECTOR('',#2933,1.);
#2933 = DIRECTION('',(0.,0.,1.));
#2934 = PLANE('',#2935);
#2935 = AXIS2_PLACEMENT_3D('',#2936,#2937,#2938);
#2936 = CARTESIAN_POINT('',(2.15,-5.65,2.85));
#2937 = DIRECTION('',(0.707106781187,-0.707106781187,-1.735417226644E-18
    ));
#2938 = DIRECTION('',(1.227125289148E-18,-1.227125289148E-18,1.));
#2939 = ADVANCED_FACE('',(#2940),#2951,.T.);
#2940 = FACE_BOUND('',#2941,.T.);
#2941 = EDGE_LOOP('',(#2942,#2943,#2944,#2945));
#2942 = ORIENTED_EDGE('',*,*,#2921,.F.);
#2943 = ORIENTED_EDGE('',*,*,#2489,.T.);
#2944 = ORIENTED_EDGE('',*,*,#2873,.T.);
#2945 = ORIENTED_EDGE('',*,*,#2946,.F.);
#2946 = EDGE_CURVE('',#2922,#2874,#2947,.T.);
#2947 = LINE('',#2948,#2949);
#2948 = CARTESIAN_POINT('',(2.25,-5.75,3.15));
#2949 = VECTOR('',#2950,1.);
#2950 = DIRECTION('',(-1.,1.224646799147E-16,0.));
#2951 = PLANE('',#2952);
#2952 = AXIS2_PLACEMENT_3D('',#2953,#2954,#2955);
#2953 = CARTESIAN_POINT('',(2.25,-5.65,3.25));
#2954 = DIRECTION('',(-8.659560562349E-17,-0.707106781187,0.707106781187
    ));
#2955 = DIRECTION('',(-1.,1.224646799147E-16,2.105272540809E-29));
#2956 = ADVANCED_FACE('',(#2957),#2982,.T.);
#2957 = FACE_BOUND('',#2958,.T.);
#2958 = EDGE_LOOP('',(#2959,#2967,#2968,#2976));
#2959 = ORIENTED_EDGE('',*,*,#2960,.F.);
#2960 = EDGE_CURVE('',#2506,#2961,#2963,.T.);
#2961 = VERTEX_POINT('',#2962);
#2962 = CARTESIAN_POINT('',(4.05,-5.75,3.05));
#2963 = LINE('',#2964,#2965);
#2964 = CARTESIAN_POINT('',(4.183333333333,-5.616666666667,
    2.916666666667));
#2965 = VECTOR('',#2966,1.);
#2966 = DIRECTION('',(-0.57735026919,-0.57735026919,0.57735026919));
#2967 = ORIENTED_EDGE('',*,*,#2505,.T.);
#2968 = ORIENTED_EDGE('',*,*,#2969,.F.);
#2969 = EDGE_CURVE('',#2970,#2508,#2972,.T.);
#2970 = VERTEX_POINT('',#2971);
#2971 = CARTESIAN_POINT('',(4.05,-5.75,3.15));
#2972 = LINE('',#2973,#2974);
#2973 = CARTESIAN_POINT('',(4.1,-5.7,3.2));
#2974 = VECTOR('',#2975,1.);
#2975 = DIRECTION('',(0.57735026919,0.57735026919,0.57735026919));
#2976 = ORIENTED_EDGE('',*,*,#2977,.F.);
#2977 = EDGE_CURVE('',#2961,#2970,#2978,.T.);
#2978 = LINE('',#2979,#2980);
#2979 = CARTESIAN_POINT('',(4.05,-5.75,2.85));
#2980 = VECTOR('',#2981,1.);
#2981 = DIRECTION('',(0.,0.,1.));
#2982 = PLANE('',#2983);
#2983 = AXIS2_PLACEMENT_3D('',#2984,#2985,#2986);
#2984 = CARTESIAN_POINT('',(4.15,-5.65,2.85));
#2985 = DIRECTION('',(0.707106781187,-0.707106781187,-1.735417226644E-18
    ));
#2986 = DIRECTION('',(1.227125289148E-18,-1.227125289148E-18,1.));
#2987 = ADVANCED_FACE('',(#2988),#3006,.T.);
#2988 = FACE_BOUND('',#2989,.F.);
#2989 = EDGE_LOOP('',(#2990,#2991,#2999,#3005));
#2990 = ORIENTED_EDGE('',*,*,#2969,.F.);
#2991 = ORIENTED_EDGE('',*,*,#2992,.T.);
#2992 = EDGE_CURVE('',#2970,#2993,#2995,.T.);
#2993 = VERTEX_POINT('',#2994);
#2994 = CARTESIAN_POINT('',(3.95,-5.75,3.15));
#2995 = LINE('',#2996,#2997);
#2996 = CARTESIAN_POINT('',(4.25,-5.75,3.15));
#2997 = VECTOR('',#2998,1.);
#2998 = DIRECTION('',(-1.,1.224646799147E-16,0.));
#2999 = ORIENTED_EDGE('',*,*,#3000,.F.);
#3000 = EDGE_CURVE('',#2538,#2993,#3001,.T.);
#3001 = LINE('',#3002,#3003);
#3002 = CARTESIAN_POINT('',(3.983333333333,-5.783333333333,
    3.116666666667));
#3003 = VECTOR('',#3004,1.);
#3004 = DIRECTION('',(0.57735026919,-0.57735026919,-0.57735026919));
#3005 = ORIENTED_EDGE('',*,*,#2537,.F.);
#3006 = PLANE('',#3007);
#3007 = AXIS2_PLACEMENT_3D('',#3008,#3009,#3010);
#3008 = CARTESIAN_POINT('',(4.25,-5.65,3.25));
#3009 = DIRECTION('',(-8.659560562349E-17,-0.707106781187,0.707106781187
    ));
#3010 = DIRECTION('',(1.,-1.224646799147E-16,-2.105272540809E-29));
#3011 = ADVANCED_FACE('',(#3012),#3030,.F.);
#3012 = FACE_BOUND('',#3013,.F.);
#3013 = EDGE_LOOP('',(#3014,#3022,#3023,#3024));
#3014 = ORIENTED_EDGE('',*,*,#3015,.F.);
#3015 = EDGE_CURVE('',#2561,#3016,#3018,.T.);
#3016 = VERTEX_POINT('',#3017);
#3017 = CARTESIAN_POINT('',(3.95,-5.75,3.05));
#3018 = LINE('',#3019,#3020);
#3019 = CARTESIAN_POINT('',(3.9,-5.7,3.));
#3020 = VECTOR('',#3021,1.);
#3021 = DIRECTION('',(0.57735026919,-0.57735026919,0.57735026919));
#3022 = ORIENTED_EDGE('',*,*,#2560,.T.);
#3023 = ORIENTED_EDGE('',*,*,#3000,.T.);
#3024 = ORIENTED_EDGE('',*,*,#3025,.F.);
#3025 = EDGE_CURVE('',#3016,#2993,#3026,.T.);
#3026 = LINE('',#3027,#3028);
#3027 = CARTESIAN_POINT('',(3.95,-5.75,2.85));
#3028 = VECTOR('',#3029,1.);
#3029 = DIRECTION('',(0.,0.,1.));
#3030 = PLANE('',#3031);
#3031 = AXIS2_PLACEMENT_3D('',#3032,#3033,#3034);
#3032 = CARTESIAN_POINT('',(3.85,-5.65,2.85));
#3033 = DIRECTION('',(0.707106781187,0.707106781187,1.735417226644E-18)
  );
#3034 = DIRECTION('',(-1.227125289148E-18,-1.227125289148E-18,1.));
#3035 = ADVANCED_FACE('',(#3036),#3047,.T.);
#3036 = FACE_BOUND('',#3037,.F.);
#3037 = EDGE_LOOP('',(#3038,#3039,#3040,#3041));
#3038 = ORIENTED_EDGE('',*,*,#2960,.F.);
#3039 = ORIENTED_EDGE('',*,*,#2587,.T.);
#3040 = ORIENTED_EDGE('',*,*,#3015,.T.);
#3041 = ORIENTED_EDGE('',*,*,#3042,.F.);
#3042 = EDGE_CURVE('',#2961,#3016,#3043,.T.);
#3043 = LINE('',#3044,#3045);
#3044 = CARTESIAN_POINT('',(4.25,-5.75,3.05));
#3045 = VECTOR('',#3046,1.);
#3046 = DIRECTION('',(-1.,1.224646799147E-16,0.));
#3047 = PLANE('',#3048);
#3048 = AXIS2_PLACEMENT_3D('',#3049,#3050,#3051);
#3049 = CARTESIAN_POINT('',(4.25,-5.65,2.95));
#3050 = DIRECTION('',(-8.659560562349E-17,-0.707106781187,
    -0.707106781187));
#3051 = DIRECTION('',(1.,-1.224646799147E-16,2.105272540809E-29));
#3052 = ADVANCED_FACE('',(#3053),#3078,.F.);
#3053 = FACE_BOUND('',#3054,.F.);
#3054 = EDGE_LOOP('',(#3055,#3063,#3064,#3072));
#3055 = ORIENTED_EDGE('',*,*,#3056,.F.);
#3056 = EDGE_CURVE('',#2602,#3057,#3059,.T.);
#3057 = VERTEX_POINT('',#3058);
#3058 = CARTESIAN_POINT('',(-5.E-02,-5.75,3.05));
#3059 = LINE('',#3060,#3061);
#3060 = CARTESIAN_POINT('',(-0.1,-5.7,3.));
#3061 = VECTOR('',#3062,1.);
#3062 = DIRECTION('',(0.57735026919,-0.57735026919,0.57735026919));
#3063 = ORIENTED_EDGE('',*,*,#2601,.T.);
#3064 = ORIENTED_EDGE('',*,*,#3065,.T.);
#3065 = EDGE_CURVE('',#2604,#3066,#3068,.T.);
#3066 = VERTEX_POINT('',#3067);
#3067 = CARTESIAN_POINT('',(-5.E-02,-5.75,3.15));
#3068 = LINE('',#3069,#3070);
#3069 = CARTESIAN_POINT('',(-1.666666666667E-02,-5.783333333333,
    3.116666666667));
#3070 = VECTOR('',#3071,1.);
#3071 = DIRECTION('',(0.57735026919,-0.57735026919,-0.57735026919));
#3072 = ORIENTED_EDGE('',*,*,#3073,.F.);
#3073 = EDGE_CURVE('',#3057,#3066,#3074,.T.);
#3074 = LINE('',#3075,#3076);
#3075 = CARTESIAN_POINT('',(-5.E-02,-5.75,2.85));
#3076 = VECTOR('',#3077,1.);
#3077 = DIRECTION('',(0.,0.,1.));
#3078 = PLANE('',#3079);
#3079 = AXIS2_PLACEMENT_3D('',#3080,#3081,#3082);
#3080 = CARTESIAN_POINT('',(-0.15,-5.65,2.85));
#3081 = DIRECTION('',(0.707106781187,0.707106781187,1.735417226644E-18)
  );
#3082 = DIRECTION('',(-1.227125289148E-18,-1.227125289148E-18,1.));
#3083 = ADVANCED_FACE('',(#3084),#3102,.T.);
#3084 = FACE_BOUND('',#3085,.F.);
#3085 = EDGE_LOOP('',(#3086,#3094,#3095,#3096));
#3086 = ORIENTED_EDGE('',*,*,#3087,.F.);
#3087 = EDGE_CURVE('',#2633,#3088,#3090,.T.);
#3088 = VERTEX_POINT('',#3089);
#3089 = CARTESIAN_POINT('',(5.E-02,-5.75,3.05));
#3090 = LINE('',#3091,#3092);
#3091 = CARTESIAN_POINT('',(0.183333333333,-5.616666666667,
    2.916666666667));
#3092 = VECTOR('',#3093,1.);
#3093 = DIRECTION('',(-0.57735026919,-0.57735026919,0.57735026919));
#3094 = ORIENTED_EDGE('',*,*,#2642,.T.);
#3095 = ORIENTED_EDGE('',*,*,#3056,.T.);
#3096 = ORIENTED_EDGE('',*,*,#3097,.F.);
#3097 = EDGE_CURVE('',#3088,#3057,#3098,.T.);
#3098 = LINE('',#3099,#3100);
#3099 = CARTESIAN_POINT('',(0.25,-5.75,3.05));
#3100 = VECTOR('',#3101,1.);
#3101 = DIRECTION('',(-1.,1.224646799147E-16,0.));
#3102 = PLANE('',#3103);
#3103 = AXIS2_PLACEMENT_3D('',#3104,#3105,#3106);
#3104 = CARTESIAN_POINT('',(0.25,-5.65,2.95));
#3105 = DIRECTION('',(-8.659560562349E-17,-0.707106781187,
    -0.707106781187));
#3106 = DIRECTION('',(1.,-1.224646799147E-16,2.105272540809E-29));
#3107 = ADVANCED_FACE('',(#3108),#3126,.T.);
#3108 = FACE_BOUND('',#3109,.T.);
#3109 = EDGE_LOOP('',(#3110,#3111,#3112,#3120));
#3110 = ORIENTED_EDGE('',*,*,#3087,.F.);
#3111 = ORIENTED_EDGE('',*,*,#2656,.T.);
#3112 = ORIENTED_EDGE('',*,*,#3113,.F.);
#3113 = EDGE_CURVE('',#3114,#2657,#3116,.T.);
#3114 = VERTEX_POINT('',#3115);
#3115 = CARTESIAN_POINT('',(5.E-02,-5.75,3.15));
#3116 = LINE('',#3117,#3118);
#3117 = CARTESIAN_POINT('',(0.1,-5.7,3.2));
#3118 = VECTOR('',#3119,1.);
#3119 = DIRECTION('',(0.57735026919,0.57735026919,0.57735026919));
#3120 = ORIENTED_EDGE('',*,*,#3121,.F.);
#3121 = EDGE_CURVE('',#3088,#3114,#3122,.T.);
#3122 = LINE('',#3123,#3124);
#3123 = CARTESIAN_POINT('',(5.E-02,-5.75,2.85));
#3124 = VECTOR('',#3125,1.);
#3125 = DIRECTION('',(0.,0.,1.));
#3126 = PLANE('',#3127);
#3127 = AXIS2_PLACEMENT_3D('',#3128,#3129,#3130);
#3128 = CARTESIAN_POINT('',(0.15,-5.65,2.85));
#3129 = DIRECTION('',(0.707106781187,-0.707106781187,-1.735417226644E-18
    ));
#3130 = DIRECTION('',(1.227125289148E-18,-1.227125289148E-18,1.));
#3131 = ADVANCED_FACE('',(#3132),#3143,.T.);
#3132 = FACE_BOUND('',#3133,.F.);
#3133 = EDGE_LOOP('',(#3134,#3135,#3141,#3142));
#3134 = ORIENTED_EDGE('',*,*,#3113,.F.);
#3135 = ORIENTED_EDGE('',*,*,#3136,.T.);
#3136 = EDGE_CURVE('',#3114,#3066,#3137,.T.);
#3137 = LINE('',#3138,#3139);
#3138 = CARTESIAN_POINT('',(0.25,-5.75,3.15));
#3139 = VECTOR('',#3140,1.);
#3140 = DIRECTION('',(-1.,1.224646799147E-16,0.));
#3141 = ORIENTED_EDGE('',*,*,#3065,.F.);
#3142 = ORIENTED_EDGE('',*,*,#2681,.F.);
#3143 = PLANE('',#3144);
#3144 = AXIS2_PLACEMENT_3D('',#3145,#3146,#3147);
#3145 = CARTESIAN_POINT('',(0.25,-5.65,3.25));
#3146 = DIRECTION('',(-8.659560562349E-17,-0.707106781187,0.707106781187
    ));
#3147 = DIRECTION('',(1.,-1.224646799147E-16,-2.105272540809E-29));
#3148 = ADVANCED_FACE('',(#3149),#3240,.F.);
#3149 = FACE_BOUND('',#3150,.F.);
#3150 = EDGE_LOOP('',(#3151,#3152,#3160,#3169,#3177,#3185,#3193,#3201,
    #3209,#3217,#3225,#3234));
#3151 = ORIENTED_EDGE('',*,*,#2703,.F.);
#3152 = ORIENTED_EDGE('',*,*,#3153,.T.);
#3153 = EDGE_CURVE('',#2704,#3154,#3156,.T.);
#3154 = VERTEX_POINT('',#3155);
#3155 = CARTESIAN_POINT('',(4.25,-0.3,3.35));
#3156 = LINE('',#3157,#3158);
#3157 = CARTESIAN_POINT('',(4.25,-5.75,3.35));
#3158 = VECTOR('',#3159,1.);
#3159 = DIRECTION('',(1.224646799147E-16,1.,0.));
#3160 = ORIENTED_EDGE('',*,*,#3161,.T.);
#3161 = EDGE_CURVE('',#3154,#3162,#3164,.T.);
#3162 = VERTEX_POINT('',#3163);
#3163 = CARTESIAN_POINT('',(4.25,0.25,2.8));
#3164 = CIRCLE('',#3165,0.55);
#3165 = AXIS2_PLACEMENT_3D('',#3166,#3167,#3168);
#3166 = CARTESIAN_POINT('',(4.25,-0.3,2.8));
#3167 = DIRECTION('',(-1.,1.224646799147E-16,0.));
#3168 = DIRECTION('',(0.,0.,1.));
#3169 = ORIENTED_EDGE('',*,*,#3170,.T.);
#3170 = EDGE_CURVE('',#3162,#3171,#3173,.T.);
#3171 = VERTEX_POINT('',#3172);
#3172 = CARTESIAN_POINT('',(4.25,0.25,-0.9));
#3173 = LINE('',#3174,#3175);
#3174 = CARTESIAN_POINT('',(4.25,0.25,3.35));
#3175 = VECTOR('',#3176,1.);
#3176 = DIRECTION('',(-0.,0.,-1.));
#3177 = ORIENTED_EDGE('',*,*,#3178,.T.);
#3178 = EDGE_CURVE('',#3171,#3179,#3181,.T.);
#3179 = VERTEX_POINT('',#3180);
#3180 = CARTESIAN_POINT('',(4.25,-5.E-02,-1.5));
#3181 = LINE('',#3182,#3183);
#3182 = CARTESIAN_POINT('',(4.25,0.25,-0.9));
#3183 = VECTOR('',#3184,1.);
#3184 = DIRECTION('',(-5.476786982641E-17,-0.4472135955,-0.894427191));
#3185 = ORIENTED_EDGE('',*,*,#3186,.T.);
#3186 = EDGE_CURVE('',#3179,#3187,#3189,.T.);
#3187 = VERTEX_POINT('',#3188);
#3188 = CARTESIAN_POINT('',(4.25,0.218421052632,-3.2));
#3189 = LINE('',#3190,#3191);
#3190 = CARTESIAN_POINT('',(4.25,-5.E-02,-1.5));
#3191 = VECTOR('',#3192,1.);
#3192 = DIRECTION('',(1.909990663905E-17,0.155962573473,-0.987762965329)
  );
#3193 = ORIENTED_EDGE('',*,*,#3194,.T.);
#3194 = EDGE_CURVE('',#3187,#3195,#3197,.T.);
#3195 = VERTEX_POINT('',#3196);
#3196 = CARTESIAN_POINT('',(4.25,-0.281578947368,-3.2));
#3197 = LINE('',#3198,#3199);
#3198 = CARTESIAN_POINT('',(4.25,0.25,-3.2));
#3199 = VECTOR('',#3200,1.);
#3200 = DIRECTION('',(-1.224646799147E-16,-1.,0.));
#3201 = ORIENTED_EDGE('',*,*,#3202,.T.);
#3202 = EDGE_CURVE('',#3195,#3203,#3205,.T.);
#3203 = VERTEX_POINT('',#3204);
#3204 = CARTESIAN_POINT('',(4.25,-0.55,-1.5));
#3205 = LINE('',#3206,#3207);
#3206 = CARTESIAN_POINT('',(4.25,-0.25,-3.4));
#3207 = VECTOR('',#3208,1.);
#3208 = DIRECTION('',(-1.909990663905E-17,-0.155962573473,0.987762965329
    ));
#3209 = ORIENTED_EDGE('',*,*,#3210,.T.);
#3210 = EDGE_CURVE('',#3203,#3211,#3213,.T.);
#3211 = VERTEX_POINT('',#3212);
#3212 = CARTESIAN_POINT('',(4.25,-0.25,-0.9));
#3213 = LINE('',#3214,#3215);
#3214 = CARTESIAN_POINT('',(4.25,-0.55,-1.5));
#3215 = VECTOR('',#3216,1.);
#3216 = DIRECTION('',(5.476786982641E-17,0.4472135955,0.894427191));
#3217 = ORIENTED_EDGE('',*,*,#3218,.T.);
#3218 = EDGE_CURVE('',#3211,#3219,#3221,.T.);
#3219 = VERTEX_POINT('',#3220);
#3220 = CARTESIAN_POINT('',(4.25,-0.25,2.8));
#3221 = LINE('',#3222,#3223);
#3222 = CARTESIAN_POINT('',(4.25,-0.25,-0.9));
#3223 = VECTOR('',#3224,1.);
#3224 = DIRECTION('',(0.,0.,1.));
#3225 = ORIENTED_EDGE('',*,*,#3226,.F.);
#3226 = EDGE_CURVE('',#3227,#3219,#3229,.T.);
#3227 = VERTEX_POINT('',#3228);
#3228 = CARTESIAN_POINT('',(4.25,-0.3,2.85));
#3229 = CIRCLE('',#3230,5.E-02);
#3230 = AXIS2_PLACEMENT_3D('',#3231,#3232,#3233);
#3231 = CARTESIAN_POINT('',(4.25,-0.3,2.8));
#3232 = DIRECTION('',(-1.,1.224646799147E-16,0.));
#3233 = DIRECTION('',(0.,0.,1.));
#3234 = ORIENTED_EDGE('',*,*,#3235,.T.);
#3235 = EDGE_CURVE('',#3227,#2706,#3236,.T.);
#3236 = LINE('',#3237,#3238);
#3237 = CARTESIAN_POINT('',(4.25,-0.25,2.85));
#3238 = VECTOR('',#3239,1.);
#3239 = DIRECTION('',(-1.224646799147E-16,-1.,0.));
#3240 = PLANE('',#3241);
#3241 = AXIS2_PLACEMENT_3D('',#3242,#3243,#3244);
#3242 = CARTESIAN_POINT('',(4.25,-1.421959173294,1.302213422577));
#3243 = DIRECTION('',(-1.,1.224646799147E-16,0.));
#3244 = DIRECTION('',(0.,0.,1.));
#3245 = ADVANCED_FACE('',(#3246),#3264,.F.);
#3246 = FACE_BOUND('',#3247,.F.);
#3247 = EDGE_LOOP('',(#3248,#3249,#3250,#3258));
#3248 = ORIENTED_EDGE('',*,*,#3153,.F.);
#3249 = ORIENTED_EDGE('',*,*,#2729,.F.);
#3250 = ORIENTED_EDGE('',*,*,#3251,.T.);
#3251 = EDGE_CURVE('',#2722,#3252,#3254,.T.);
#3252 = VERTEX_POINT('',#3253);
#3253 = CARTESIAN_POINT('',(3.75,-0.3,3.35));
#3254 = LINE('',#3255,#3256);
#3255 = CARTESIAN_POINT('',(3.75,-5.75,3.35));
#3256 = VECTOR('',#3257,1.);
#3257 = DIRECTION('',(1.224646799147E-16,1.,0.));
#3258 = ORIENTED_EDGE('',*,*,#3259,.F.);
#3259 = EDGE_CURVE('',#3154,#3252,#3260,.T.);
#3260 = LINE('',#3261,#3262);
#3261 = CARTESIAN_POINT('',(4.25,-0.3,3.35));
#3262 = VECTOR('',#3263,1.);
#3263 = DIRECTION('',(-1.,1.224646799147E-16,0.));
#3264 = PLANE('',#3265);
#3265 = AXIS2_PLACEMENT_3D('',#3266,#3267,#3268);
#3266 = CARTESIAN_POINT('',(4.25,-5.75,3.35));
#3267 = DIRECTION('',(-0.,0.,-1.));
#3268 = DIRECTION('',(1.224646799147E-16,1.,0.));
#3269 = ADVANCED_FACE('',(#3270),#3354,.T.);
#3270 = FACE_BOUND('',#3271,.T.);
#3271 = EDGE_LOOP('',(#3272,#3273,#3274,#3283,#3291,#3299,#3307,#3315,
    #3323,#3331,#3339,#3348));
#3272 = ORIENTED_EDGE('',*,*,#2721,.F.);
#3273 = ORIENTED_EDGE('',*,*,#3251,.T.);
#3274 = ORIENTED_EDGE('',*,*,#3275,.T.);
#3275 = EDGE_CURVE('',#3252,#3276,#3278,.T.);
#3276 = VERTEX_POINT('',#3277);
#3277 = CARTESIAN_POINT('',(3.75,0.25,2.8));
#3278 = CIRCLE('',#3279,0.55);
#3279 = AXIS2_PLACEMENT_3D('',#3280,#3281,#3282);
#3280 = CARTESIAN_POINT('',(3.75,-0.3,2.8));
#3281 = DIRECTION('',(-1.,1.224646799147E-16,0.));
#3282 = DIRECTION('',(0.,0.,1.));
#3283 = ORIENTED_EDGE('',*,*,#3284,.T.);
#3284 = EDGE_CURVE('',#3276,#3285,#3287,.T.);
#3285 = VERTEX_POINT('',#3286);
#3286 = CARTESIAN_POINT('',(3.75,0.25,-0.9));
#3287 = LINE('',#3288,#3289);
#3288 = CARTESIAN_POINT('',(3.75,0.25,3.35));
#3289 = VECTOR('',#3290,1.);
#3290 = DIRECTION('',(-0.,0.,-1.));
#3291 = ORIENTED_EDGE('',*,*,#3292,.T.);
#3292 = EDGE_CURVE('',#3285,#3293,#3295,.T.);
#3293 = VERTEX_POINT('',#3294);
#3294 = CARTESIAN_POINT('',(3.75,-5.E-02,-1.5));
#3295 = LINE('',#3296,#3297);
#3296 = CARTESIAN_POINT('',(3.75,0.25,-0.9));
#3297 = VECTOR('',#3298,1.);
#3298 = DIRECTION('',(-5.476786982641E-17,-0.4472135955,-0.894427191));
#3299 = ORIENTED_EDGE('',*,*,#3300,.T.);
#3300 = EDGE_CURVE('',#3293,#3301,#3303,.T.);
#3301 = VERTEX_POINT('',#3302);
#3302 = CARTESIAN_POINT('',(3.75,0.218421052632,-3.2));
#3303 = LINE('',#3304,#3305);
#3304 = CARTESIAN_POINT('',(3.75,-5.E-02,-1.5));
#3305 = VECTOR('',#3306,1.);
#3306 = DIRECTION('',(1.909990663905E-17,0.155962573473,-0.987762965329)
  );
#3307 = ORIENTED_EDGE('',*,*,#3308,.T.);
#3308 = EDGE_CURVE('',#3301,#3309,#3311,.T.);
#3309 = VERTEX_POINT('',#3310);
#3310 = CARTESIAN_POINT('',(3.75,-0.281578947368,-3.2));
#3311 = LINE('',#3312,#3313);
#3312 = CARTESIAN_POINT('',(3.75,0.25,-3.2));
#3313 = VECTOR('',#3314,1.);
#3314 = DIRECTION('',(-1.224646799147E-16,-1.,0.));
#3315 = ORIENTED_EDGE('',*,*,#3316,.T.);
#3316 = EDGE_CURVE('',#3309,#3317,#3319,.T.);
#3317 = VERTEX_POINT('',#3318);
#3318 = CARTESIAN_POINT('',(3.75,-0.55,-1.5));
#3319 = LINE('',#3320,#3321);
#3320 = CARTESIAN_POINT('',(3.75,-0.25,-3.4));
#3321 = VECTOR('',#3322,1.);
#3322 = DIRECTION('',(-1.909990663905E-17,-0.155962573473,0.987762965329
    ));
#3323 = ORIENTED_EDGE('',*,*,#3324,.T.);
#3324 = EDGE_CURVE('',#3317,#3325,#3327,.T.);
#3325 = VERTEX_POINT('',#3326);
#3326 = CARTESIAN_POINT('',(3.75,-0.25,-0.9));
#3327 = LINE('',#3328,#3329);
#3328 = CARTESIAN_POINT('',(3.75,-0.55,-1.5));
#3329 = VECTOR('',#3330,1.);
#3330 = DIRECTION('',(5.476786982641E-17,0.4472135955,0.894427191));
#3331 = ORIENTED_EDGE('',*,*,#3332,.T.);
#3332 = EDGE_CURVE('',#3325,#3333,#3335,.T.);
#3333 = VERTEX_POINT('',#3334);
#3334 = CARTESIAN_POINT('',(3.75,-0.25,2.8));
#3335 = LINE('',#3336,#3337);
#3336 = CARTESIAN_POINT('',(3.75,-0.25,-0.9));
#3337 = VECTOR('',#3338,1.);
#3338 = DIRECTION('',(0.,0.,1.));
#3339 = ORIENTED_EDGE('',*,*,#3340,.F.);
#3340 = EDGE_CURVE('',#3341,#3333,#3343,.T.);
#3341 = VERTEX_POINT('',#3342);
#3342 = CARTESIAN_POINT('',(3.75,-0.3,2.85));
#3343 = CIRCLE('',#3344,5.E-02);
#3344 = AXIS2_PLACEMENT_3D('',#3345,#3346,#3347);
#3345 = CARTESIAN_POINT('',(3.75,-0.3,2.8));
#3346 = DIRECTION('',(-1.,1.224646799147E-16,0.));
#3347 = DIRECTION('',(0.,0.,1.));
#3348 = ORIENTED_EDGE('',*,*,#3349,.T.);
#3349 = EDGE_CURVE('',#3341,#2714,#3350,.T.);
#3350 = LINE('',#3351,#3352);
#3351 = CARTESIAN_POINT('',(3.75,-0.25,2.85));
#3352 = VECTOR('',#3353,1.);
#3353 = DIRECTION('',(-1.224646799147E-16,-1.,0.));
#3354 = PLANE('',#3355);
#3355 = AXIS2_PLACEMENT_3D('',#3356,#3357,#3358);
#3356 = CARTESIAN_POINT('',(3.75,-1.421959173294,1.302213422577));
#3357 = DIRECTION('',(-1.,1.224646799147E-16,0.));
#3358 = DIRECTION('',(0.,0.,1.));
#3359 = ADVANCED_FACE('',(#3360),#3371,.F.);
#3360 = FACE_BOUND('',#3361,.F.);
#3361 = EDGE_LOOP('',(#3362,#3363,#3369,#3370));
#3362 = ORIENTED_EDGE('',*,*,#3235,.F.);
#3363 = ORIENTED_EDGE('',*,*,#3364,.T.);
#3364 = EDGE_CURVE('',#3227,#3341,#3365,.T.);
#3365 = LINE('',#3366,#3367);
#3366 = CARTESIAN_POINT('',(4.25,-0.3,2.85));
#3367 = VECTOR('',#3368,1.);
#3368 = DIRECTION('',(-1.,1.224646799147E-16,0.));
#3369 = ORIENTED_EDGE('',*,*,#3349,.T.);
#3370 = ORIENTED_EDGE('',*,*,#2713,.F.);
#3371 = PLANE('',#3372);
#3372 = AXIS2_PLACEMENT_3D('',#3373,#3374,#3375);
#3373 = CARTESIAN_POINT('',(4.25,-0.25,2.85));
#3374 = DIRECTION('',(0.,0.,1.));
#3375 = DIRECTION('',(-1.224646799147E-16,-1.,0.));
#3376 = ADVANCED_FACE('',(#3377),#3436,.T.);
#3377 = FACE_BOUND('',#3378,.T.);
#3378 = EDGE_LOOP('',(#3379,#3380,#3388,#3397,#3405,#3413,#3421,#3430));
#3379 = ORIENTED_EDGE('',*,*,#2749,.F.);
#3380 = ORIENTED_EDGE('',*,*,#3381,.T.);
#3381 = EDGE_CURVE('',#2750,#3382,#3384,.T.);
#3382 = VERTEX_POINT('',#3383);
#3383 = CARTESIAN_POINT('',(1.75,-0.3,3.35));
#3384 = LINE('',#3385,#3386);
#3385 = CARTESIAN_POINT('',(1.75,-5.75,3.35));
#3386 = VECTOR('',#3387,1.);
#3387 = DIRECTION('',(1.224646799147E-16,1.,0.));
#3388 = ORIENTED_EDGE('',*,*,#3389,.T.);
#3389 = EDGE_CURVE('',#3382,#3390,#3392,.T.);
#3390 = VERTEX_POINT('',#3391);
#3391 = CARTESIAN_POINT('',(1.75,0.25,2.8));
#3392 = CIRCLE('',#3393,0.55);
#3393 = AXIS2_PLACEMENT_3D('',#3394,#3395,#3396);
#3394 = CARTESIAN_POINT('',(1.75,-0.3,2.8));
#3395 = DIRECTION('',(-1.,1.224646799147E-16,0.));
#3396 = DIRECTION('',(0.,0.,1.));
#3397 = ORIENTED_EDGE('',*,*,#3398,.T.);
#3398 = EDGE_CURVE('',#3390,#3399,#3401,.T.);
#3399 = VERTEX_POINT('',#3400);
#3400 = CARTESIAN_POINT('',(1.75,0.25,-3.2));
#3401 = LINE('',#3402,#3403);
#3402 = CARTESIAN_POINT('',(1.75,0.25,3.35));
#3403 = VECTOR('',#3404,1.);
#3404 = DIRECTION('',(-0.,0.,-1.));
#3405 = ORIENTED_EDGE('',*,*,#3406,.T.);
#3406 = EDGE_CURVE('',#3399,#3407,#3409,.T.);
#3407 = VERTEX_POINT('',#3408);
#3408 = CARTESIAN_POINT('',(1.75,-0.25,-3.2));
#3409 = LINE('',#3410,#3411);
#3410 = CARTESIAN_POINT('',(1.75,0.25,-3.2));
#3411 = VECTOR('',#3412,1.);
#3412 = DIRECTION('',(-1.224646799147E-16,-1.,0.));
#3413 = ORIENTED_EDGE('',*,*,#3414,.T.);
#3414 = EDGE_CURVE('',#3407,#3415,#3417,.T.);
#3415 = VERTEX_POINT('',#3416);
#3416 = CARTESIAN_POINT('',(1.75,-0.25,2.8));
#3417 = LINE('',#3418,#3419);
#3418 = CARTESIAN_POINT('',(1.75,-0.25,-3.4));
#3419 = VECTOR('',#3420,1.);
#3420 = DIRECTION('',(0.,0.,1.));
#3421 = ORIENTED_EDGE('',*,*,#3422,.F.);
#3422 = EDGE_CURVE('',#3423,#3415,#3425,.T.);
#3423 = VERTEX_POINT('',#3424);
#3424 = CARTESIAN_POINT('',(1.75,-0.3,2.85));
#3425 = CIRCLE('',#3426,5.E-02);
#3426 = AXIS2_PLACEMENT_3D('',#3427,#3428,#3429);
#3427 = CARTESIAN_POINT('',(1.75,-0.3,2.8));
#3428 = DIRECTION('',(-1.,1.224646799147E-16,0.));
#3429 = DIRECTION('',(0.,0.,1.));
#3430 = ORIENTED_EDGE('',*,*,#3431,.T.);
#3431 = EDGE_CURVE('',#3423,#2752,#3432,.T.);
#3432 = LINE('',#3433,#3434);
#3433 = CARTESIAN_POINT('',(1.75,-0.25,2.85));
#3434 = VECTOR('',#3435,1.);
#3435 = DIRECTION('',(-1.224646799147E-16,-1.,0.));
#3436 = PLANE('',#3437);
#3437 = AXIS2_PLACEMENT_3D('',#3438,#3439,#3440);
#3438 = CARTESIAN_POINT('',(1.75,-1.401960784314,1.323039215686));
#3439 = DIRECTION('',(-1.,1.224646799147E-16,0.));
#3440 = DIRECTION('',(0.,0.,1.));
#3441 = ADVANCED_FACE('',(#3442),#3460,.F.);
#3442 = FACE_BOUND('',#3443,.F.);
#3443 = EDGE_LOOP('',(#3444,#3452,#3458,#3459));
#3444 = ORIENTED_EDGE('',*,*,#3445,.F.);
#3445 = EDGE_CURVE('',#3446,#2768,#3448,.T.);
#3446 = VERTEX_POINT('',#3447);
#3447 = CARTESIAN_POINT('',(2.25,-0.3,2.85));
#3448 = LINE('',#3449,#3450);
#3449 = CARTESIAN_POINT('',(2.25,-0.25,2.85));
#3450 = VECTOR('',#3451,1.);
#3451 = DIRECTION('',(-1.224646799147E-16,-1.,0.));
#3452 = ORIENTED_EDGE('',*,*,#3453,.T.);
#3453 = EDGE_CURVE('',#3446,#3423,#3454,.T.);
#3454 = LINE('',#3455,#3456);
#3455 = CARTESIAN_POINT('',(2.25,-0.3,2.85));
#3456 = VECTOR('',#3457,1.);
#3457 = DIRECTION('',(-1.,1.224646799147E-16,0.));
#3458 = ORIENTED_EDGE('',*,*,#3431,.T.);
#3459 = ORIENTED_EDGE('',*,*,#2775,.F.);
#3460 = PLANE('',#3461);
#3461 = AXIS2_PLACEMENT_3D('',#3462,#3463,#3464);
#3462 = CARTESIAN_POINT('',(2.25,-0.25,2.85));
#3463 = DIRECTION('',(0.,0.,1.));
#3464 = DIRECTION('',(-1.224646799147E-16,-1.,0.));
#3465 = ADVANCED_FACE('',(#3466),#3518,.F.);
#3466 = FACE_BOUND('',#3467,.F.);
#3467 = EDGE_LOOP('',(#3468,#3469,#3477,#3486,#3494,#3502,#3510,#3517));
#3468 = ORIENTED_EDGE('',*,*,#2767,.F.);
#3469 = ORIENTED_EDGE('',*,*,#3470,.T.);
#3470 = EDGE_CURVE('',#2760,#3471,#3473,.T.);
#3471 = VERTEX_POINT('',#3472);
#3472 = CARTESIAN_POINT('',(2.25,-0.3,3.35));
#3473 = LINE('',#3474,#3475);
#3474 = CARTESIAN_POINT('',(2.25,-5.75,3.35));
#3475 = VECTOR('',#3476,1.);
#3476 = DIRECTION('',(1.224646799147E-16,1.,0.));
#3477 = ORIENTED_EDGE('',*,*,#3478,.T.);
#3478 = EDGE_CURVE('',#3471,#3479,#3481,.T.);
#3479 = VERTEX_POINT('',#3480);
#3480 = CARTESIAN_POINT('',(2.25,0.25,2.8));
#3481 = CIRCLE('',#3482,0.55);
#3482 = AXIS2_PLACEMENT_3D('',#3483,#3484,#3485);
#3483 = CARTESIAN_POINT('',(2.25,-0.3,2.8));
#3484 = DIRECTION('',(-1.,1.224646799147E-16,0.));
#3485 = DIRECTION('',(0.,0.,1.));
#3486 = ORIENTED_EDGE('',*,*,#3487,.T.);
#3487 = EDGE_CURVE('',#3479,#3488,#3490,.T.);
#3488 = VERTEX_POINT('',#3489);
#3489 = CARTESIAN_POINT('',(2.25,0.25,-3.2));
#3490 = LINE('',#3491,#3492);
#3491 = CARTESIAN_POINT('',(2.25,0.25,3.35));
#3492 = VECTOR('',#3493,1.);
#3493 = DIRECTION('',(-0.,0.,-1.));
#3494 = ORIENTED_EDGE('',*,*,#3495,.T.);
#3495 = EDGE_CURVE('',#3488,#3496,#3498,.T.);
#3496 = VERTEX_POINT('',#3497);
#3497 = CARTESIAN_POINT('',(2.25,-0.25,-3.2));
#3498 = LINE('',#3499,#3500);
#3499 = CARTESIAN_POINT('',(2.25,0.25,-3.2));
#3500 = VECTOR('',#3501,1.);
#3501 = DIRECTION('',(-1.224646799147E-16,-1.,0.));
#3502 = ORIENTED_EDGE('',*,*,#3503,.T.);
#3503 = EDGE_CURVE('',#3496,#3504,#3506,.T.);
#3504 = VERTEX_POINT('',#3505);
#3505 = CARTESIAN_POINT('',(2.25,-0.25,2.8));
#3506 = LINE('',#3507,#3508);
#3507 = CARTESIAN_POINT('',(2.25,-0.25,-3.4));
#3508 = VECTOR('',#3509,1.);
#3509 = DIRECTION('',(0.,0.,1.));
#3510 = ORIENTED_EDGE('',*,*,#3511,.F.);
#3511 = EDGE_CURVE('',#3446,#3504,#3512,.T.);
#3512 = CIRCLE('',#3513,5.E-02);
#3513 = AXIS2_PLACEMENT_3D('',#3514,#3515,#3516);
#3514 = CARTESIAN_POINT('',(2.25,-0.3,2.8));
#3515 = DIRECTION('',(-1.,1.224646799147E-16,0.));
#3516 = DIRECTION('',(0.,0.,1.));
#3517 = ORIENTED_EDGE('',*,*,#3445,.T.);
#3518 = PLANE('',#3519);
#3519 = AXIS2_PLACEMENT_3D('',#3520,#3521,#3522);
#3520 = CARTESIAN_POINT('',(2.25,-1.401960784314,1.323039215686));
#3521 = DIRECTION('',(-1.,1.224646799147E-16,0.));
#3522 = DIRECTION('',(0.,0.,1.));
#3523 = ADVANCED_FACE('',(#3524),#3535,.F.);
#3524 = FACE_BOUND('',#3525,.F.);
#3525 = EDGE_LOOP('',(#3526,#3527,#3528,#3529));
#3526 = ORIENTED_EDGE('',*,*,#3470,.F.);
#3527 = ORIENTED_EDGE('',*,*,#2759,.F.);
#3528 = ORIENTED_EDGE('',*,*,#3381,.T.);
#3529 = ORIENTED_EDGE('',*,*,#3530,.F.);
#3530 = EDGE_CURVE('',#3471,#3382,#3531,.T.);
#3531 = LINE('',#3532,#3533);
#3532 = CARTESIAN_POINT('',(2.25,-0.3,3.35));
#3533 = VECTOR('',#3534,1.);
#3534 = DIRECTION('',(-1.,1.224646799147E-16,0.));
#3535 = PLANE('',#3536);
#3536 = AXIS2_PLACEMENT_3D('',#3537,#3538,#3539);
#3537 = CARTESIAN_POINT('',(2.25,-5.75,3.35));
#3538 = DIRECTION('',(-0.,0.,-1.));
#3539 = DIRECTION('',(1.224646799147E-16,1.,0.));
#3540 = ADVANCED_FACE('',(#3541),#3632,.T.);
#3541 = FACE_BOUND('',#3542,.T.);
#3542 = EDGE_LOOP('',(#3543,#3544,#3552,#3561,#3569,#3577,#3585,#3593,
    #3601,#3609,#3617,#3626));
#3543 = ORIENTED_EDGE('',*,*,#2795,.F.);
#3544 = ORIENTED_EDGE('',*,*,#3545,.T.);
#3545 = EDGE_CURVE('',#2796,#3546,#3548,.T.);
#3546 = VERTEX_POINT('',#3547);
#3547 = CARTESIAN_POINT('',(-0.25,-0.3,3.35));
#3548 = LINE('',#3549,#3550);
#3549 = CARTESIAN_POINT('',(-0.25,-5.75,3.35));
#3550 = VECTOR('',#3551,1.);
#3551 = DIRECTION('',(1.224646799147E-16,1.,0.));
#3552 = ORIENTED_EDGE('',*,*,#3553,.T.);
#3553 = EDGE_CURVE('',#3546,#3554,#3556,.T.);
#3554 = VERTEX_POINT('',#3555);
#3555 = CARTESIAN_POINT('',(-0.25,0.25,2.8));
#3556 = CIRCLE('',#3557,0.55);
#3557 = AXIS2_PLACEMENT_3D('',#3558,#3559,#3560);
#3558 = CARTESIAN_POINT('',(-0.25,-0.3,2.8));
#3559 = DIRECTION('',(-1.,1.224646799147E-16,0.));
#3560 = DIRECTION('',(0.,0.,1.));
#3561 = ORIENTED_EDGE('',*,*,#3562,.T.);
#3562 = EDGE_CURVE('',#3554,#3563,#3565,.T.);
#3563 = VERTEX_POINT('',#3564);
#3564 = CARTESIAN_POINT('',(-0.25,0.25,-0.9));
#3565 = LINE('',#3566,#3567);
#3566 = CARTESIAN_POINT('',(-0.25,0.25,3.35));
#3567 = VECTOR('',#3568,1.);
#3568 = DIRECTION('',(-0.,0.,-1.));
#3569 = ORIENTED_EDGE('',*,*,#3570,.T.);
#3570 = EDGE_CURVE('',#3563,#3571,#3573,.T.);
#3571 = VERTEX_POINT('',#3572);
#3572 = CARTESIAN_POINT('',(-0.25,-5.E-02,-1.5));
#3573 = LINE('',#3574,#3575);
#3574 = CARTESIAN_POINT('',(-0.25,0.25,-0.9));
#3575 = VECTOR('',#3576,1.);
#3576 = DIRECTION('',(-5.476786982641E-17,-0.4472135955,-0.894427191));
#3577 = ORIENTED_EDGE('',*,*,#3578,.T.);
#3578 = EDGE_CURVE('',#3571,#3579,#3581,.T.);
#3579 = VERTEX_POINT('',#3580);
#3580 = CARTESIAN_POINT('',(-0.25,0.218421052632,-3.2));
#3581 = LINE('',#3582,#3583);
#3582 = CARTESIAN_POINT('',(-0.25,-5.E-02,-1.5));
#3583 = VECTOR('',#3584,1.);
#3584 = DIRECTION('',(1.909990663905E-17,0.155962573473,-0.987762965329)
  );
#3585 = ORIENTED_EDGE('',*,*,#3586,.T.);
#3586 = EDGE_CURVE('',#3579,#3587,#3589,.T.);
#3587 = VERTEX_POINT('',#3588);
#3588 = CARTESIAN_POINT('',(-0.25,-0.281578947368,-3.2));
#3589 = LINE('',#3590,#3591);
#3590 = CARTESIAN_POINT('',(-0.25,0.25,-3.2));
#3591 = VECTOR('',#3592,1.);
#3592 = DIRECTION('',(-1.224646799147E-16,-1.,0.));
#3593 = ORIENTED_EDGE('',*,*,#3594,.T.);
#3594 = EDGE_CURVE('',#3587,#3595,#3597,.T.);
#3595 = VERTEX_POINT('',#3596);
#3596 = CARTESIAN_POINT('',(-0.25,-0.55,-1.5));
#3597 = LINE('',#3598,#3599);
#3598 = CARTESIAN_POINT('',(-0.25,-0.25,-3.4));
#3599 = VECTOR('',#3600,1.);
#3600 = DIRECTION('',(-1.909990663905E-17,-0.155962573473,0.987762965329
    ));
#3601 = ORIENTED_EDGE('',*,*,#3602,.T.);
#3602 = EDGE_CURVE('',#3595,#3603,#3605,.T.);
#3603 = VERTEX_POINT('',#3604);
#3604 = CARTESIAN_POINT('',(-0.25,-0.25,-0.9));
#3605 = LINE('',#3606,#3607);
#3606 = CARTESIAN_POINT('',(-0.25,-0.55,-1.5));
#3607 = VECTOR('',#3608,1.);
#3608 = DIRECTION('',(5.476786982641E-17,0.4472135955,0.894427191));
#3609 = ORIENTED_EDGE('',*,*,#3610,.T.);
#3610 = EDGE_CURVE('',#3603,#3611,#3613,.T.);
#3611 = VERTEX_POINT('',#3612);
#3612 = CARTESIAN_POINT('',(-0.25,-0.25,2.8));
#3613 = LINE('',#3614,#3615);
#3614 = CARTESIAN_POINT('',(-0.25,-0.25,-0.9));
#3615 = VECTOR('',#3616,1.);
#3616 = DIRECTION('',(0.,0.,1.));
#3617 = ORIENTED_EDGE('',*,*,#3618,.F.);
#3618 = EDGE_CURVE('',#3619,#3611,#3621,.T.);
#3619 = VERTEX_POINT('',#3620);
#3620 = CARTESIAN_POINT('',(-0.25,-0.3,2.85));
#3621 = CIRCLE('',#3622,5.E-02);
#3622 = AXIS2_PLACEMENT_3D('',#3623,#3624,#3625);
#3623 = CARTESIAN_POINT('',(-0.25,-0.3,2.8));
#3624 = DIRECTION('',(-1.,1.224646799147E-16,0.));
#3625 = DIRECTION('',(0.,0.,1.));
#3626 = ORIENTED_EDGE('',*,*,#3627,.T.);
#3627 = EDGE_CURVE('',#3619,#2798,#3628,.T.);
#3628 = LINE('',#3629,#3630);
#3629 = CARTESIAN_POINT('',(-0.25,-0.25,2.85));
#3630 = VECTOR('',#3631,1.);
#3631 = DIRECTION('',(-1.224646799147E-16,-1.,0.));
#3632 = PLANE('',#3633);
#3633 = AXIS2_PLACEMENT_3D('',#3634,#3635,#3636);
#3634 = CARTESIAN_POINT('',(-0.25,-1.421959173294,1.302213422577));
#3635 = DIRECTION('',(-1.,1.224646799147E-16,0.));
#3636 = DIRECTION('',(0.,0.,1.));
#3637 = ADVANCED_FACE('',(#3638),#3656,.F.);
#3638 = FACE_BOUND('',#3639,.F.);
#3639 = EDGE_LOOP('',(#3640,#3648,#3654,#3655));
#3640 = ORIENTED_EDGE('',*,*,#3641,.F.);
#3641 = EDGE_CURVE('',#3642,#2814,#3644,.T.);
#3642 = VERTEX_POINT('',#3643);
#3643 = CARTESIAN_POINT('',(0.25,-0.3,2.85));
#3644 = LINE('',#3645,#3646);
#3645 = CARTESIAN_POINT('',(0.25,-0.25,2.85));
#3646 = VECTOR('',#3647,1.);
#3647 = DIRECTION('',(-1.224646799147E-16,-1.,0.));
#3648 = ORIENTED_EDGE('',*,*,#3649,.T.);
#3649 = EDGE_CURVE('',#3642,#3619,#3650,.T.);
#3650 = LINE('',#3651,#3652);
#3651 = CARTESIAN_POINT('',(0.25,-0.3,2.85));
#3652 = VECTOR('',#3653,1.);
#3653 = DIRECTION('',(-1.,1.224646799147E-16,0.));
#3654 = ORIENTED_EDGE('',*,*,#3627,.T.);
#3655 = ORIENTED_EDGE('',*,*,#2821,.F.);
#3656 = PLANE('',#3657);
#3657 = AXIS2_PLACEMENT_3D('',#3658,#3659,#3660);
#3658 = CARTESIAN_POINT('',(0.25,-0.25,2.85));
#3659 = DIRECTION('',(0.,0.,1.));
#3660 = DIRECTION('',(-1.224646799147E-16,-1.,0.));
#3661 = ADVANCED_FACE('',(#3662),#3746,.F.);
#3662 = FACE_BOUND('',#3663,.F.);
#3663 = EDGE_LOOP('',(#3664,#3665,#3673,#3682,#3690,#3698,#3706,#3714,
    #3722,#3730,#3738,#3745));
#3664 = ORIENTED_EDGE('',*,*,#2813,.F.);
#3665 = ORIENTED_EDGE('',*,*,#3666,.T.);
#3666 = EDGE_CURVE('',#2806,#3667,#3669,.T.);
#3667 = VERTEX_POINT('',#3668);
#3668 = CARTESIAN_POINT('',(0.25,-0.3,3.35));
#3669 = LINE('',#3670,#3671);
#3670 = CARTESIAN_POINT('',(0.25,-5.75,3.35));
#3671 = VECTOR('',#3672,1.);
#3672 = DIRECTION('',(1.224646799147E-16,1.,0.));
#3673 = ORIENTED_EDGE('',*,*,#3674,.T.);
#3674 = EDGE_CURVE('',#3667,#3675,#3677,.T.);
#3675 = VERTEX_POINT('',#3676);
#3676 = CARTESIAN_POINT('',(0.25,0.25,2.8));
#3677 = CIRCLE('',#3678,0.55);
#3678 = AXIS2_PLACEMENT_3D('',#3679,#3680,#3681);
#3679 = CARTESIAN_POINT('',(0.25,-0.3,2.8));
#3680 = DIRECTION('',(-1.,1.224646799147E-16,0.));
#3681 = DIRECTION('',(0.,0.,1.));
#3682 = ORIENTED_EDGE('',*,*,#3683,.T.);
#3683 = EDGE_CURVE('',#3675,#3684,#3686,.T.);
#3684 = VERTEX_POINT('',#3685);
#3685 = CARTESIAN_POINT('',(0.25,0.25,-0.9));
#3686 = LINE('',#3687,#3688);
#3687 = CARTESIAN_POINT('',(0.25,0.25,3.35));
#3688 = VECTOR('',#3689,1.);
#3689 = DIRECTION('',(-0.,0.,-1.));
#3690 = ORIENTED_EDGE('',*,*,#3691,.T.);
#3691 = EDGE_CURVE('',#3684,#3692,#3694,.T.);
#3692 = VERTEX_POINT('',#3693);
#3693 = CARTESIAN_POINT('',(0.25,-5.E-02,-1.5));
#3694 = LINE('',#3695,#3696);
#3695 = CARTESIAN_POINT('',(0.25,0.25,-0.9));
#3696 = VECTOR('',#3697,1.);
#3697 = DIRECTION('',(-5.476786982641E-17,-0.4472135955,-0.894427191));
#3698 = ORIENTED_EDGE('',*,*,#3699,.T.);
#3699 = EDGE_CURVE('',#3692,#3700,#3702,.T.);
#3700 = VERTEX_POINT('',#3701);
#3701 = CARTESIAN_POINT('',(0.25,0.218421052632,-3.2));
#3702 = LINE('',#3703,#3704);
#3703 = CARTESIAN_POINT('',(0.25,-5.E-02,-1.5));
#3704 = VECTOR('',#3705,1.);
#3705 = DIRECTION('',(1.909990663905E-17,0.155962573473,-0.987762965329)
  );
#3706 = ORIENTED_EDGE('',*,*,#3707,.T.);
#3707 = EDGE_CURVE('',#3700,#3708,#3710,.T.);
#3708 = VERTEX_POINT('',#3709);
#3709 = CARTESIAN_POINT('',(0.25,-0.281578947368,-3.2));
#3710 = LINE('',#3711,#3712);
#3711 = CARTESIAN_POINT('',(0.25,0.25,-3.2));
#3712 = VECTOR('',#3713,1.);
#3713 = DIRECTION('',(-1.224646799147E-16,-1.,0.));
#3714 = ORIENTED_EDGE('',*,*,#3715,.T.);
#3715 = EDGE_CURVE('',#3708,#3716,#3718,.T.);
#3716 = VERTEX_POINT('',#3717);
#3717 = CARTESIAN_POINT('',(0.25,-0.55,-1.5));
#3718 = LINE('',#3719,#3720);
#3719 = CARTESIAN_POINT('',(0.25,-0.25,-3.4));
#3720 = VECTOR('',#3721,1.);
#3721 = DIRECTION('',(-1.909990663905E-17,-0.155962573473,0.987762965329
    ));
#3722 = ORIENTED_EDGE('',*,*,#3723,.T.);
#3723 = EDGE_CURVE('',#3716,#3724,#3726,.T.);
#3724 = VERTEX_POINT('',#3725);
#3725 = CARTESIAN_POINT('',(0.25,-0.25,-0.9));
#3726 = LINE('',#3727,#3728);
#3727 = CARTESIAN_POINT('',(0.25,-0.55,-1.5));
#3728 = VECTOR('',#3729,1.);
#3729 = DIRECTION('',(5.476786982641E-17,0.4472135955,0.894427191));
#3730 = ORIENTED_EDGE('',*,*,#3731,.T.);
#3731 = EDGE_CURVE('',#3724,#3732,#3734,.T.);
#3732 = VERTEX_POINT('',#3733);
#3733 = CARTESIAN_POINT('',(0.25,-0.25,2.8));
#3734 = LINE('',#3735,#3736);
#3735 = CARTESIAN_POINT('',(0.25,-0.25,-0.9));
#3736 = VECTOR('',#3737,1.);
#3737 = DIRECTION('',(0.,0.,1.));
#3738 = ORIENTED_EDGE('',*,*,#3739,.F.);
#3739 = EDGE_CURVE('',#3642,#3732,#3740,.T.);
#3740 = CIRCLE('',#3741,5.E-02);
#3741 = AXIS2_PLACEMENT_3D('',#3742,#3743,#3744);
#3742 = CARTESIAN_POINT('',(0.25,-0.3,2.8));
#3743 = DIRECTION('',(-1.,1.224646799147E-16,0.));
#3744 = DIRECTION('',(0.,0.,1.));
#3745 = ORIENTED_EDGE('',*,*,#3641,.T.);
#3746 = PLANE('',#3747);
#3747 = AXIS2_PLACEMENT_3D('',#3748,#3749,#3750);
#3748 = CARTESIAN_POINT('',(0.25,-1.421959173294,1.302213422577));
#3749 = DIRECTION('',(-1.,1.224646799147E-16,0.));
#3750 = DIRECTION('',(0.,0.,1.));
#3751 = ADVANCED_FACE('',(#3752),#3763,.F.);
#3752 = FACE_BOUND('',#3753,.F.);
#3753 = EDGE_LOOP('',(#3754,#3755,#3756,#3757));
#3754 = ORIENTED_EDGE('',*,*,#3666,.F.);
#3755 = ORIENTED_EDGE('',*,*,#2805,.F.);
#3756 = ORIENTED_EDGE('',*,*,#3545,.T.);
#3757 = ORIENTED_EDGE('',*,*,#3758,.F.);
#3758 = EDGE_CURVE('',#3667,#3546,#3759,.T.);
#3759 = LINE('',#3760,#3761);
#3760 = CARTESIAN_POINT('',(0.25,-0.3,3.35));
#3761 = VECTOR('',#3762,1.);
#3762 = DIRECTION('',(-1.,1.224646799147E-16,0.));
#3763 = PLANE('',#3764);
#3764 = AXIS2_PLACEMENT_3D('',#3765,#3766,#3767);
#3765 = CARTESIAN_POINT('',(0.25,-5.75,3.35));
#3766 = DIRECTION('',(-0.,0.,-1.));
#3767 = DIRECTION('',(1.224646799147E-16,1.,0.));
#3768 = ADVANCED_FACE('',(#3769),#3775,.F.);
#3769 = FACE_BOUND('',#3770,.F.);
#3770 = EDGE_LOOP('',(#3771,#3772,#3773,#3774));
#3771 = ORIENTED_EDGE('',*,*,#2946,.F.);
#3772 = ORIENTED_EDGE('',*,*,#2929,.F.);
#3773 = ORIENTED_EDGE('',*,*,#2905,.T.);
#3774 = ORIENTED_EDGE('',*,*,#2881,.T.);
#3775 = PLANE('',#3776);
#3776 = AXIS2_PLACEMENT_3D('',#3777,#3778,#3779);
#3777 = CARTESIAN_POINT('',(2.25,-5.75,2.85));
#3778 = DIRECTION('',(1.224646799147E-16,1.,0.));
#3779 = DIRECTION('',(0.,-0.,1.));
#3780 = ADVANCED_FACE('',(#3781),#3787,.F.);
#3781 = FACE_BOUND('',#3782,.F.);
#3782 = EDGE_LOOP('',(#3783,#3784,#3785,#3786));
#3783 = ORIENTED_EDGE('',*,*,#3042,.T.);
#3784 = ORIENTED_EDGE('',*,*,#3025,.T.);
#3785 = ORIENTED_EDGE('',*,*,#2992,.F.);
#3786 = ORIENTED_EDGE('',*,*,#2977,.F.);
#3787 = PLANE('',#3788);
#3788 = AXIS2_PLACEMENT_3D('',#3789,#3790,#3791);
#3789 = CARTESIAN_POINT('',(4.25,-5.75,2.85));
#3790 = DIRECTION('',(1.224646799147E-16,1.,0.));
#3791 = DIRECTION('',(0.,-0.,1.));
#3792 = ADVANCED_FACE('',(#3793),#3799,.F.);
#3793 = FACE_BOUND('',#3794,.F.);
#3794 = EDGE_LOOP('',(#3795,#3796,#3797,#3798));
#3795 = ORIENTED_EDGE('',*,*,#3097,.T.);
#3796 = ORIENTED_EDGE('',*,*,#3073,.T.);
#3797 = ORIENTED_EDGE('',*,*,#3136,.F.);
#3798 = ORIENTED_EDGE('',*,*,#3121,.F.);
#3799 = PLANE('',#3800);
#3800 = AXIS2_PLACEMENT_3D('',#3801,#3802,#3803);
#3801 = CARTESIAN_POINT('',(0.25,-5.75,2.85));
#3802 = DIRECTION('',(1.224646799147E-16,1.,0.));
#3803 = DIRECTION('',(0.,-0.,1.));
#3804 = ADVANCED_FACE('',(#3805),#3816,.F.);
#3805 = FACE_BOUND('',#3806,.F.);
#3806 = EDGE_LOOP('',(#3807,#3808,#3814,#3815));
#3807 = ORIENTED_EDGE('',*,*,#3226,.T.);
#3808 = ORIENTED_EDGE('',*,*,#3809,.T.);
#3809 = EDGE_CURVE('',#3219,#3333,#3810,.T.);
#3810 = LINE('',#3811,#3812);
#3811 = CARTESIAN_POINT('',(4.25,-0.25,2.8));
#3812 = VECTOR('',#3813,1.);
#3813 = DIRECTION('',(-1.,1.224646799147E-16,0.));
#3814 = ORIENTED_EDGE('',*,*,#3340,.F.);
#3815 = ORIENTED_EDGE('',*,*,#3364,.F.);
#3816 = CYLINDRICAL_SURFACE('',#3817,5.E-02);
#3817 = AXIS2_PLACEMENT_3D('',#3818,#3819,#3820);
#3818 = CARTESIAN_POINT('',(4.25,-0.3,2.8));
#3819 = DIRECTION('',(-1.,1.224646799147E-16,0.));
#3820 = DIRECTION('',(0.,0.,1.));
#3821 = ADVANCED_FACE('',(#3822),#3833,.F.);
#3822 = FACE_BOUND('',#3823,.F.);
#3823 = EDGE_LOOP('',(#3824,#3825,#3831,#3832));
#3824 = ORIENTED_EDGE('',*,*,#3218,.F.);
#3825 = ORIENTED_EDGE('',*,*,#3826,.T.);
#3826 = EDGE_CURVE('',#3211,#3325,#3827,.T.);
#3827 = LINE('',#3828,#3829);
#3828 = CARTESIAN_POINT('',(4.25,-0.25,-0.9));
#3829 = VECTOR('',#3830,1.);
#3830 = DIRECTION('',(-1.,1.224646799147E-16,0.));
#3831 = ORIENTED_EDGE('',*,*,#3332,.T.);
#3832 = ORIENTED_EDGE('',*,*,#3809,.F.);
#3833 = PLANE('',#3834);
#3834 = AXIS2_PLACEMENT_3D('',#3835,#3836,#3837);
#3835 = CARTESIAN_POINT('',(4.25,-0.25,-0.9));
#3836 = DIRECTION('',(1.224646799147E-16,1.,0.));
#3837 = DIRECTION('',(0.,-0.,1.));
#3838 = ADVANCED_FACE('',(#3839),#3850,.F.);
#3839 = FACE_BOUND('',#3840,.F.);
#3840 = EDGE_LOOP('',(#3841,#3847,#3848,#3849));
#3841 = ORIENTED_EDGE('',*,*,#3842,.T.);
#3842 = EDGE_CURVE('',#3203,#3317,#3843,.T.);
#3843 = LINE('',#3844,#3845);
#3844 = CARTESIAN_POINT('',(4.25,-0.55,-1.5));
#3845 = VECTOR('',#3846,1.);
#3846 = DIRECTION('',(-1.,1.224646799147E-16,0.));
#3847 = ORIENTED_EDGE('',*,*,#3324,.T.);
#3848 = ORIENTED_EDGE('',*,*,#3826,.F.);
#3849 = ORIENTED_EDGE('',*,*,#3210,.F.);
#3850 = PLANE('',#3851);
#3851 = AXIS2_PLACEMENT_3D('',#3852,#3853,#3854);
#3852 = CARTESIAN_POINT('',(4.25,-0.55,-1.5));
#3853 = DIRECTION('',(1.095357396528E-16,0.894427191,-0.4472135955));
#3854 = DIRECTION('',(5.476786982641E-17,0.4472135955,0.894427191));
#3855 = ADVANCED_FACE('',(#3856),#3883,.F.);
#3856 = FACE_BOUND('',#3857,.F.);
#3857 = EDGE_LOOP('',(#3858,#3859,#3867,#3875,#3881,#3882));
#3858 = ORIENTED_EDGE('',*,*,#3202,.F.);
#3859 = ORIENTED_EDGE('',*,*,#3860,.F.);
#3860 = EDGE_CURVE('',#3861,#3195,#3863,.T.);
#3861 = VERTEX_POINT('',#3862);
#3862 = CARTESIAN_POINT('',(4.247552593066,-0.281192514695,
    -3.202447406934));
#3863 = LINE('',#3864,#3865);
#3864 = CARTESIAN_POINT('',(4.1292749658,-0.262517099863,-3.3207250342)
  );
#3865 = VECTOR('',#3866,1.);
#3866 = DIRECTION('',(0.702740385383,-0.110959008218,0.702740385383));
#3867 = ORIENTED_EDGE('',*,*,#3868,.T.);
#3868 = EDGE_CURVE('',#3861,#3869,#3871,.T.);
#3869 = VERTEX_POINT('',#3870);
#3870 = CARTESIAN_POINT('',(3.752447406934,-0.281192514695,
    -3.202447406934));
#3871 = LINE('',#3872,#3873);
#3872 = CARTESIAN_POINT('',(4.25,-0.281192514695,-3.202447406934));
#3873 = VECTOR('',#3874,1.);
#3874 = DIRECTION('',(-1.,1.224646799147E-16,0.));
#3875 = ORIENTED_EDGE('',*,*,#3876,.T.);
#3876 = EDGE_CURVE('',#3869,#3309,#3877,.T.);
#3877 = LINE('',#3878,#3879);
#3878 = CARTESIAN_POINT('',(3.994186046512,-0.243023255814,
    -3.444186046512));
#3879 = VECTOR('',#3880,1.);
#3880 = DIRECTION('',(-0.702740385383,-0.110959008218,0.702740385383));
#3881 = ORIENTED_EDGE('',*,*,#3316,.T.);
#3882 = ORIENTED_EDGE('',*,*,#3842,.F.);
#3883 = PLANE('',#3884);
#3884 = AXIS2_PLACEMENT_3D('',#3885,#3886,#3887);
#3885 = CARTESIAN_POINT('',(4.25,-0.25,-3.4));
#3886 = DIRECTION('',(1.209660753807E-16,0.987762965329,0.155962573473)
  );
#3887 = DIRECTION('',(-1.909990663905E-17,-0.155962573473,0.987762965329
    ));
#3888 = ADVANCED_FACE('',(#3889),#3923,.T.);
#3889 = FACE_BOUND('',#3890,.F.);
#3890 = EDGE_LOOP('',(#3891,#3901,#3909,#3915,#3916,#3917));
#3891 = ORIENTED_EDGE('',*,*,#3892,.F.);
#3892 = EDGE_CURVE('',#3893,#3895,#3897,.T.);
#3893 = VERTEX_POINT('',#3894);
#3894 = CARTESIAN_POINT('',(4.05,5.E-02,-3.4));
#3895 = VERTEX_POINT('',#3896);
#3896 = CARTESIAN_POINT('',(4.247552593066,0.218807485305,
    -3.202447406934));
#3897 = LINE('',#3898,#3899);
#3898 = CARTESIAN_POINT('',(4.185852405654,0.166085051658,
    -3.264147594346));
#3899 = VECTOR('',#3900,1.);
#3900 = DIRECTION('',(0.605209817607,0.517148096144,0.605209817607));
#3901 = ORIENTED_EDGE('',*,*,#3902,.T.);
#3902 = EDGE_CURVE('',#3893,#3903,#3905,.T.);
#3903 = VERTEX_POINT('',#3904);
#3904 = CARTESIAN_POINT('',(4.05,-5.E-02,-3.4));
#3905 = LINE('',#3906,#3907);
#3906 = CARTESIAN_POINT('',(4.05,0.25,-3.4));
#3907 = VECTOR('',#3908,1.);
#3908 = DIRECTION('',(-1.224646799147E-16,-1.,0.));
#3909 = ORIENTED_EDGE('',*,*,#3910,.T.);
#3910 = EDGE_CURVE('',#3903,#3861,#3911,.T.);
#3911 = LINE('',#3912,#3913);
#3912 = CARTESIAN_POINT('',(4.09198936903,-9.913946036316E-02,
    -3.35801063097));
#3913 = VECTOR('',#3914,1.);
#3914 = DIRECTION('',(0.544770019249,-0.63753529491,0.544770019249));
#3915 = ORIENTED_EDGE('',*,*,#3860,.T.);
#3916 = ORIENTED_EDGE('',*,*,#3194,.F.);
#3917 = ORIENTED_EDGE('',*,*,#3918,.F.);
#3918 = EDGE_CURVE('',#3895,#3187,#3919,.T.);
#3919 = LINE('',#3920,#3921);
#3920 = CARTESIAN_POINT('',(4.629616963064,0.158481532148,
    -2.820383036936));
#3921 = VECTOR('',#3922,1.);
#3922 = DIRECTION('',(0.702740385383,-0.110959008218,0.702740385383));
#3923 = PLANE('',#3924);
#3924 = AXIS2_PLACEMENT_3D('',#3925,#3926,#3927);
#3925 = CARTESIAN_POINT('',(4.15,0.25,-3.3));
#3926 = DIRECTION('',(0.707106781187,-8.486018839685E-17,-0.707106781187
    ));
#3927 = DIRECTION('',(1.212375546256E-16,1.,1.227125289196E-18));
#3928 = ADVANCED_FACE('',(#3929),#3954,.F.);
#3929 = FACE_BOUND('',#3930,.F.);
#3930 = EDGE_LOOP('',(#3931,#3932,#3938,#3939,#3947,#3953));
#3931 = ORIENTED_EDGE('',*,*,#3186,.F.);
#3932 = ORIENTED_EDGE('',*,*,#3933,.T.);
#3933 = EDGE_CURVE('',#3179,#3293,#3934,.T.);
#3934 = LINE('',#3935,#3936);
#3935 = CARTESIAN_POINT('',(4.25,-5.E-02,-1.5));
#3936 = VECTOR('',#3937,1.);
#3937 = DIRECTION('',(-1.,1.224646799147E-16,0.));
#3938 = ORIENTED_EDGE('',*,*,#3300,.T.);
#3939 = ORIENTED_EDGE('',*,*,#3940,.F.);
#3940 = EDGE_CURVE('',#3941,#3301,#3943,.T.);
#3941 = VERTEX_POINT('',#3942);
#3942 = CARTESIAN_POINT('',(3.752447406934,0.218807485305,
    -3.202447406934));
#3943 = LINE('',#3944,#3945);
#3944 = CARTESIAN_POINT('',(3.493844049248,0.177975376197,
    -2.943844049248));
#3945 = VECTOR('',#3946,1.);
#3946 = DIRECTION('',(-0.702740385383,-0.110959008218,0.702740385383));
#3947 = ORIENTED_EDGE('',*,*,#3948,.F.);
#3948 = EDGE_CURVE('',#3895,#3941,#3949,.T.);
#3949 = LINE('',#3950,#3951);
#3950 = CARTESIAN_POINT('',(4.25,0.218807485305,-3.202447406934));
#3951 = VECTOR('',#3952,1.);
#3952 = DIRECTION('',(-1.,1.224646799147E-16,0.));
#3953 = ORIENTED_EDGE('',*,*,#3918,.T.);
#3954 = PLANE('',#3955);
#3955 = AXIS2_PLACEMENT_3D('',#3956,#3957,#3958);
#3956 = CARTESIAN_POINT('',(4.25,-5.E-02,-1.5));
#3957 = DIRECTION('',(-1.209660753807E-16,-0.987762965329,
    -0.155962573473));
#3958 = DIRECTION('',(1.909990663905E-17,0.155962573473,-0.987762965329)
  );
#3959 = ADVANCED_FACE('',(#3960),#3971,.F.);
#3960 = FACE_BOUND('',#3961,.F.);
#3961 = EDGE_LOOP('',(#3962,#3968,#3969,#3970));
#3962 = ORIENTED_EDGE('',*,*,#3963,.T.);
#3963 = EDGE_CURVE('',#3171,#3285,#3964,.T.);
#3964 = LINE('',#3965,#3966);
#3965 = CARTESIAN_POINT('',(4.25,0.25,-0.9));
#3966 = VECTOR('',#3967,1.);
#3967 = DIRECTION('',(-1.,1.224646799147E-16,0.));
#3968 = ORIENTED_EDGE('',*,*,#3292,.T.);
#3969 = ORIENTED_EDGE('',*,*,#3933,.F.);
#3970 = ORIENTED_EDGE('',*,*,#3178,.F.);
#3971 = PLANE('',#3972);
#3972 = AXIS2_PLACEMENT_3D('',#3973,#3974,#3975);
#3973 = CARTESIAN_POINT('',(4.25,0.25,-0.9));
#3974 = DIRECTION('',(-1.095357396528E-16,-0.894427191,0.4472135955));
#3975 = DIRECTION('',(-5.476786982641E-17,-0.4472135955,-0.894427191));
#3976 = ADVANCED_FACE('',(#3977),#3988,.F.);
#3977 = FACE_BOUND('',#3978,.F.);
#3978 = EDGE_LOOP('',(#3979,#3980,#3986,#3987));
#3979 = ORIENTED_EDGE('',*,*,#3170,.F.);
#3980 = ORIENTED_EDGE('',*,*,#3981,.T.);
#3981 = EDGE_CURVE('',#3162,#3276,#3982,.T.);
#3982 = LINE('',#3983,#3984);
#3983 = CARTESIAN_POINT('',(4.25,0.25,2.8));
#3984 = VECTOR('',#3985,1.);
#3985 = DIRECTION('',(-1.,1.224646799147E-16,0.));
#3986 = ORIENTED_EDGE('',*,*,#3284,.T.);
#3987 = ORIENTED_EDGE('',*,*,#3963,.F.);
#3988 = PLANE('',#3989);
#3989 = AXIS2_PLACEMENT_3D('',#3990,#3991,#3992);
#3990 = CARTESIAN_POINT('',(4.25,0.25,3.35));
#3991 = DIRECTION('',(-1.224646799147E-16,-1.,0.));
#3992 = DIRECTION('',(-0.,0.,-1.));
#3993 = ADVANCED_FACE('',(#3994),#4000,.T.);
#3994 = FACE_BOUND('',#3995,.T.);
#3995 = EDGE_LOOP('',(#3996,#3997,#3998,#3999));
#3996 = ORIENTED_EDGE('',*,*,#3161,.T.);
#3997 = ORIENTED_EDGE('',*,*,#3981,.T.);
#3998 = ORIENTED_EDGE('',*,*,#3275,.F.);
#3999 = ORIENTED_EDGE('',*,*,#3259,.F.);
#4000 = CYLINDRICAL_SURFACE('',#4001,0.55);
#4001 = AXIS2_PLACEMENT_3D('',#4002,#4003,#4004);
#4002 = CARTESIAN_POINT('',(4.25,-0.3,2.8));
#4003 = DIRECTION('',(-1.,1.224646799147E-16,0.));
#4004 = DIRECTION('',(0.,0.,1.));
#4005 = ADVANCED_FACE('',(#4006),#4033,.F.);
#4006 = FACE_BOUND('',#4007,.T.);
#4007 = EDGE_LOOP('',(#4008,#4016,#4024,#4030,#4031,#4032));
#4008 = ORIENTED_EDGE('',*,*,#4009,.F.);
#4009 = EDGE_CURVE('',#4010,#3941,#4012,.T.);
#4010 = VERTEX_POINT('',#4011);
#4011 = CARTESIAN_POINT('',(3.95,5.E-02,-3.4));
#4012 = LINE('',#4013,#4014);
#4013 = CARTESIAN_POINT('',(3.905717325178,8.783927542193E-02,
    -3.355717325178));
#4014 = VECTOR('',#4015,1.);
#4015 = DIRECTION('',(-0.605209817607,0.517148096144,0.605209817607));
#4016 = ORIENTED_EDGE('',*,*,#4017,.T.);
#4017 = EDGE_CURVE('',#4010,#4018,#4020,.T.);
#4018 = VERTEX_POINT('',#4019);
#4019 = CARTESIAN_POINT('',(3.95,-5.E-02,-3.4));
#4020 = LINE('',#4021,#4022);
#4021 = CARTESIAN_POINT('',(3.95,0.25,-3.4));
#4022 = VECTOR('',#4023,1.);
#4023 = DIRECTION('',(-1.224646799147E-16,-1.,0.));
#4024 = ORIENTED_EDGE('',*,*,#4025,.T.);
#4025 = EDGE_CURVE('',#4018,#3869,#4026,.T.);
#4026 = LINE('',#4027,#4028);
#4027 = CARTESIAN_POINT('',(3.982204224438,-1.231193164325E-02,
    -3.432204224438));
#4028 = VECTOR('',#4029,1.);
#4029 = DIRECTION('',(-0.544770019249,-0.63753529491,0.544770019249));
#4030 = ORIENTED_EDGE('',*,*,#3876,.T.);
#4031 = ORIENTED_EDGE('',*,*,#3308,.F.);
#4032 = ORIENTED_EDGE('',*,*,#3940,.F.);
#4033 = PLANE('',#4034);
#4034 = AXIS2_PLACEMENT_3D('',#4035,#4036,#4037);
#4035 = CARTESIAN_POINT('',(3.85,0.25,-3.3));
#4036 = DIRECTION('',(0.707106781187,-8.833102285013E-17,0.707106781187)
  );
#4037 = DIRECTION('',(1.236918052038E-16,1.,1.227125289097E-18));
#4038 = ADVANCED_FACE('',(#4039),#4050,.F.);
#4039 = FACE_BOUND('',#4040,.F.);
#4040 = EDGE_LOOP('',(#4041,#4042,#4048,#4049));
#4041 = ORIENTED_EDGE('',*,*,#3511,.T.);
#4042 = ORIENTED_EDGE('',*,*,#4043,.T.);
#4043 = EDGE_CURVE('',#3504,#3415,#4044,.T.);
#4044 = LINE('',#4045,#4046);
#4045 = CARTESIAN_POINT('',(2.25,-0.25,2.8));
#4046 = VECTOR('',#4047,1.);
#4047 = DIRECTION('',(-1.,1.224646799147E-16,0.));
#4048 = ORIENTED_EDGE('',*,*,#3422,.F.);
#4049 = ORIENTED_EDGE('',*,*,#3453,.F.);
#4050 = CYLINDRICAL_SURFACE('',#4051,5.E-02);
#4051 = AXIS2_PLACEMENT_3D('',#4052,#4053,#4054);
#4052 = CARTESIAN_POINT('',(2.25,-0.3,2.8));
#4053 = DIRECTION('',(-1.,1.224646799147E-16,0.));
#4054 = DIRECTION('',(0.,0.,1.));
#4055 = ADVANCED_FACE('',(#4056),#4067,.F.);
#4056 = FACE_BOUND('',#4057,.F.);
#4057 = EDGE_LOOP('',(#4058,#4059,#4065,#4066));
#4058 = ORIENTED_EDGE('',*,*,#3503,.F.);
#4059 = ORIENTED_EDGE('',*,*,#4060,.T.);
#4060 = EDGE_CURVE('',#3496,#3407,#4061,.T.);
#4061 = LINE('',#4062,#4063);
#4062 = CARTESIAN_POINT('',(2.25,-0.25,-3.2));
#4063 = VECTOR('',#4064,1.);
#4064 = DIRECTION('',(-1.,1.224646799147E-16,0.));
#4065 = ORIENTED_EDGE('',*,*,#3414,.T.);
#4066 = ORIENTED_EDGE('',*,*,#4043,.F.);
#4067 = PLANE('',#4068);
#4068 = AXIS2_PLACEMENT_3D('',#4069,#4070,#4071);
#4069 = CARTESIAN_POINT('',(2.25,-0.25,-3.4));
#4070 = DIRECTION('',(1.224646799147E-16,1.,0.));
#4071 = DIRECTION('',(0.,-0.,1.));
#4072 = ADVANCED_FACE('',(#4073),#4098,.F.);
#4073 = FACE_BOUND('',#4074,.T.);
#4074 = EDGE_LOOP('',(#4075,#4083,#4091,#4097));
#4075 = ORIENTED_EDGE('',*,*,#4076,.F.);
#4076 = EDGE_CURVE('',#4077,#3399,#4079,.T.);
#4077 = VERTEX_POINT('',#4078);
#4078 = CARTESIAN_POINT('',(1.95,5.E-02,-3.4));
#4079 = LINE('',#4080,#4081);
#4080 = CARTESIAN_POINT('',(1.9,0.1,-3.35));
#4081 = VECTOR('',#4082,1.);
#4082 = DIRECTION('',(-0.57735026919,0.57735026919,0.57735026919));
#4083 = ORIENTED_EDGE('',*,*,#4084,.T.);
#4084 = EDGE_CURVE('',#4077,#4085,#4087,.T.);
#4085 = VERTEX_POINT('',#4086);
#4086 = CARTESIAN_POINT('',(1.95,-5.E-02,-3.4));
#4087 = LINE('',#4088,#4089);
#4088 = CARTESIAN_POINT('',(1.95,0.25,-3.4));
#4089 = VECTOR('',#4090,1.);
#4090 = DIRECTION('',(-1.224646799147E-16,-1.,0.));
#4091 = ORIENTED_EDGE('',*,*,#4092,.T.);
#4092 = EDGE_CURVE('',#4085,#3407,#4093,.T.);
#4093 = LINE('',#4094,#4095);
#4094 = CARTESIAN_POINT('',(1.983333333333,-1.666666666667E-02,
    -3.433333333333));
#4095 = VECTOR('',#4096,1.);
#4096 = DIRECTION('',(-0.57735026919,-0.57735026919,0.57735026919));
#4097 = ORIENTED_EDGE('',*,*,#3406,.F.);
#4098 = PLANE('',#4099);
#4099 = AXIS2_PLACEMENT_3D('',#4100,#4101,#4102);
#4100 = CARTESIAN_POINT('',(1.85,0.25,-3.3));
#4101 = DIRECTION('',(0.707106781187,-8.833102285013E-17,0.707106781187)
  );
#4102 = DIRECTION('',(1.236918052038E-16,1.,1.227125289097E-18));
#4103 = ADVANCED_FACE('',(#4104),#4120,.F.);
#4104 = FACE_BOUND('',#4105,.F.);
#4105 = EDGE_LOOP('',(#4106,#4107,#4113,#4114));
#4106 = ORIENTED_EDGE('',*,*,#3487,.F.);
#4107 = ORIENTED_EDGE('',*,*,#4108,.T.);
#4108 = EDGE_CURVE('',#3479,#3390,#4109,.T.);
#4109 = LINE('',#4110,#4111);
#4110 = CARTESIAN_POINT('',(2.25,0.25,2.8));
#4111 = VECTOR('',#4112,1.);
#4112 = DIRECTION('',(-1.,1.224646799147E-16,0.));
#4113 = ORIENTED_EDGE('',*,*,#3398,.T.);
#4114 = ORIENTED_EDGE('',*,*,#4115,.F.);
#4115 = EDGE_CURVE('',#3488,#3399,#4116,.T.);
#4116 = LINE('',#4117,#4118);
#4117 = CARTESIAN_POINT('',(2.25,0.25,-3.2));
#4118 = VECTOR('',#4119,1.);
#4119 = DIRECTION('',(-1.,1.224646799147E-16,0.));
#4120 = PLANE('',#4121);
#4121 = AXIS2_PLACEMENT_3D('',#4122,#4123,#4124);
#4122 = CARTESIAN_POINT('',(2.25,0.25,3.35));
#4123 = DIRECTION('',(-1.224646799147E-16,-1.,0.));
#4124 = DIRECTION('',(-0.,0.,-1.));
#4125 = ADVANCED_FACE('',(#4126),#4132,.T.);
#4126 = FACE_BOUND('',#4127,.T.);
#4127 = EDGE_LOOP('',(#4128,#4129,#4130,#4131));
#4128 = ORIENTED_EDGE('',*,*,#3478,.T.);
#4129 = ORIENTED_EDGE('',*,*,#4108,.T.);
#4130 = ORIENTED_EDGE('',*,*,#3389,.F.);
#4131 = ORIENTED_EDGE('',*,*,#3530,.F.);
#4132 = CYLINDRICAL_SURFACE('',#4133,0.55);
#4133 = AXIS2_PLACEMENT_3D('',#4134,#4135,#4136);
#4134 = CARTESIAN_POINT('',(2.25,-0.3,2.8));
#4135 = DIRECTION('',(-1.,1.224646799147E-16,0.));
#4136 = DIRECTION('',(0.,0.,1.));
#4137 = ADVANCED_FACE('',(#4138),#4163,.T.);
#4138 = FACE_BOUND('',#4139,.F.);
#4139 = EDGE_LOOP('',(#4140,#4148,#4156,#4162));
#4140 = ORIENTED_EDGE('',*,*,#4141,.F.);
#4141 = EDGE_CURVE('',#4142,#3488,#4144,.T.);
#4142 = VERTEX_POINT('',#4143);
#4143 = CARTESIAN_POINT('',(2.05,5.E-02,-3.4));
#4144 = LINE('',#4145,#4146);
#4145 = CARTESIAN_POINT('',(2.183333333333,0.183333333333,
    -3.266666666667));
#4146 = VECTOR('',#4147,1.);
#4147 = DIRECTION('',(0.57735026919,0.57735026919,0.57735026919));
#4148 = ORIENTED_EDGE('',*,*,#4149,.T.);
#4149 = EDGE_CURVE('',#4142,#4150,#4152,.T.);
#4150 = VERTEX_POINT('',#4151);
#4151 = CARTESIAN_POINT('',(2.05,-5.E-02,-3.4));
#4152 = LINE('',#4153,#4154);
#4153 = CARTESIAN_POINT('',(2.05,0.25,-3.4));
#4154 = VECTOR('',#4155,1.);
#4155 = DIRECTION('',(-1.224646799147E-16,-1.,0.));
#4156 = ORIENTED_EDGE('',*,*,#4157,.T.);
#4157 = EDGE_CURVE('',#4150,#3496,#4158,.T.);
#4158 = LINE('',#4159,#4160);
#4159 = CARTESIAN_POINT('',(2.1,-0.1,-3.35));
#4160 = VECTOR('',#4161,1.);
#4161 = DIRECTION('',(0.57735026919,-0.57735026919,0.57735026919));
#4162 = ORIENTED_EDGE('',*,*,#3495,.F.);
#4163 = PLANE('',#4164);
#4164 = AXIS2_PLACEMENT_3D('',#4165,#4166,#4167);
#4165 = CARTESIAN_POINT('',(2.15,0.25,-3.3));
#4166 = DIRECTION('',(0.707106781187,-8.486018839685E-17,-0.707106781187
    ));
#4167 = DIRECTION('',(1.212375546256E-16,1.,1.227125289196E-18));
#4168 = ADVANCED_FACE('',(#4169),#4180,.F.);
#4169 = FACE_BOUND('',#4170,.F.);
#4170 = EDGE_LOOP('',(#4171,#4172,#4178,#4179));
#4171 = ORIENTED_EDGE('',*,*,#3739,.T.);
#4172 = ORIENTED_EDGE('',*,*,#4173,.T.);
#4173 = EDGE_CURVE('',#3732,#3611,#4174,.T.);
#4174 = LINE('',#4175,#4176);
#4175 = CARTESIAN_POINT('',(0.25,-0.25,2.8));
#4176 = VECTOR('',#4177,1.);
#4177 = DIRECTION('',(-1.,1.224646799147E-16,0.));
#4178 = ORIENTED_EDGE('',*,*,#3618,.F.);
#4179 = ORIENTED_EDGE('',*,*,#3649,.F.);
#4180 = CYLINDRICAL_SURFACE('',#4181,5.E-02);
#4181 = AXIS2_PLACEMENT_3D('',#4182,#4183,#4184);
#4182 = CARTESIAN_POINT('',(0.25,-0.3,2.8));
#4183 = DIRECTION('',(-1.,1.224646799147E-16,0.));
#4184 = DIRECTION('',(0.,0.,1.));
#4185 = ADVANCED_FACE('',(#4186),#4197,.F.);
#4186 = FACE_BOUND('',#4187,.F.);
#4187 = EDGE_LOOP('',(#4188,#4189,#4195,#4196));
#4188 = ORIENTED_EDGE('',*,*,#3731,.F.);
#4189 = ORIENTED_EDGE('',*,*,#4190,.T.);
#4190 = EDGE_CURVE('',#3724,#3603,#4191,.T.);
#4191 = LINE('',#4192,#4193);
#4192 = CARTESIAN_POINT('',(0.25,-0.25,-0.9));
#4193 = VECTOR('',#4194,1.);
#4194 = DIRECTION('',(-1.,1.224646799147E-16,0.));
#4195 = ORIENTED_EDGE('',*,*,#3610,.T.);
#4196 = ORIENTED_EDGE('',*,*,#4173,.F.);
#4197 = PLANE('',#4198);
#4198 = AXIS2_PLACEMENT_3D('',#4199,#4200,#4201);
#4199 = CARTESIAN_POINT('',(0.25,-0.25,-0.9));
#4200 = DIRECTION('',(1.224646799147E-16,1.,0.));
#4201 = DIRECTION('',(0.,-0.,1.));
#4202 = ADVANCED_FACE('',(#4203),#4214,.F.);
#4203 = FACE_BOUND('',#4204,.F.);
#4204 = EDGE_LOOP('',(#4205,#4211,#4212,#4213));
#4205 = ORIENTED_EDGE('',*,*,#4206,.T.);
#4206 = EDGE_CURVE('',#3716,#3595,#4207,.T.);
#4207 = LINE('',#4208,#4209);
#4208 = CARTESIAN_POINT('',(0.25,-0.55,-1.5));
#4209 = VECTOR('',#4210,1.);
#4210 = DIRECTION('',(-1.,1.224646799147E-16,0.));
#4211 = ORIENTED_EDGE('',*,*,#3602,.T.);
#4212 = ORIENTED_EDGE('',*,*,#4190,.F.);
#4213 = ORIENTED_EDGE('',*,*,#3723,.F.);
#4214 = PLANE('',#4215);
#4215 = AXIS2_PLACEMENT_3D('',#4216,#4217,#4218);
#4216 = CARTESIAN_POINT('',(0.25,-0.55,-1.5));
#4217 = DIRECTION('',(1.095357396528E-16,0.894427191,-0.4472135955));
#4218 = DIRECTION('',(5.476786982641E-17,0.4472135955,0.894427191));
#4219 = ADVANCED_FACE('',(#4220),#4247,.F.);
#4220 = FACE_BOUND('',#4221,.F.);
#4221 = EDGE_LOOP('',(#4222,#4223,#4231,#4239,#4245,#4246));
#4222 = ORIENTED_EDGE('',*,*,#3715,.F.);
#4223 = ORIENTED_EDGE('',*,*,#4224,.F.);
#4224 = EDGE_CURVE('',#4225,#3708,#4227,.T.);
#4225 = VERTEX_POINT('',#4226);
#4226 = CARTESIAN_POINT('',(0.247552593066,-0.281192514695,
    -3.202447406934));
#4227 = LINE('',#4228,#4229);
#4228 = CARTESIAN_POINT('',(0.1292749658,-0.262517099863,-3.3207250342)
  );
#4229 = VECTOR('',#4230,1.);
#4230 = DIRECTION('',(0.702740385383,-0.110959008218,0.702740385383));
#4231 = ORIENTED_EDGE('',*,*,#4232,.T.);
#4232 = EDGE_CURVE('',#4225,#4233,#4235,.T.);
#4233 = VERTEX_POINT('',#4234);
#4234 = CARTESIAN_POINT('',(-0.247552593066,-0.281192514695,
    -3.202447406934));
#4235 = LINE('',#4236,#4237);
#4236 = CARTESIAN_POINT('',(0.25,-0.281192514695,-3.202447406934));
#4237 = VECTOR('',#4238,1.);
#4238 = DIRECTION('',(-1.,1.224646799147E-16,0.));
#4239 = ORIENTED_EDGE('',*,*,#4240,.T.);
#4240 = EDGE_CURVE('',#4233,#3587,#4241,.T.);
#4241 = LINE('',#4242,#4243);
#4242 = CARTESIAN_POINT('',(-5.813953488372E-03,-0.243023255814,
    -3.444186046512));
#4243 = VECTOR('',#4244,1.);
#4244 = DIRECTION('',(-0.702740385383,-0.110959008218,0.702740385383));
#4245 = ORIENTED_EDGE('',*,*,#3594,.T.);
#4246 = ORIENTED_EDGE('',*,*,#4206,.F.);
#4247 = PLANE('',#4248);
#4248 = AXIS2_PLACEMENT_3D('',#4249,#4250,#4251);
#4249 = CARTESIAN_POINT('',(0.25,-0.25,-3.4));
#4250 = DIRECTION('',(1.209660753807E-16,0.987762965329,0.155962573473)
  );
#4251 = DIRECTION('',(-1.909990663905E-17,-0.155962573473,0.987762965329
    ));
#4252 = ADVANCED_FACE('',(#4253),#4287,.F.);
#4253 = FACE_BOUND('',#4254,.T.);
#4254 = EDGE_LOOP('',(#4255,#4265,#4273,#4279,#4280,#4281));
#4255 = ORIENTED_EDGE('',*,*,#4256,.F.);
#4256 = EDGE_CURVE('',#4257,#4259,#4261,.T.);
#4257 = VERTEX_POINT('',#4258);
#4258 = CARTESIAN_POINT('',(-5.E-02,5.E-02,-3.4));
#4259 = VERTEX_POINT('',#4260);
#4260 = CARTESIAN_POINT('',(-0.247552593066,0.218807485305,
    -3.202447406934));
#4261 = LINE('',#4262,#4263);
#4262 = CARTESIAN_POINT('',(-9.428267482221E-02,8.783927542193E-02,
    -3.355717325178));
#4263 = VECTOR('',#4264,1.);
#4264 = DIRECTION('',(-0.605209817607,0.517148096144,0.605209817607));
#4265 = ORIENTED_EDGE('',*,*,#4266,.T.);
#4266 = EDGE_CURVE('',#4257,#4267,#4269,.T.);
#4267 = VERTEX_POINT('',#4268);
#4268 = CARTESIAN_POINT('',(-5.E-02,-5.E-02,-3.4));
#4269 = LINE('',#4270,#4271);
#4270 = CARTESIAN_POINT('',(-5.E-02,0.25,-3.4));
#4271 = VECTOR('',#4272,1.);
#4272 = DIRECTION('',(-1.224646799147E-16,-1.,0.));
#4273 = ORIENTED_EDGE('',*,*,#4274,.T.);
#4274 = EDGE_CURVE('',#4267,#4233,#4275,.T.);
#4275 = LINE('',#4276,#4277);
#4276 = CARTESIAN_POINT('',(-1.77957755624E-02,-1.231193164325E-02,
    -3.432204224438));
#4277 = VECTOR('',#4278,1.);
#4278 = DIRECTION('',(-0.544770019249,-0.63753529491,0.544770019249));
#4279 = ORIENTED_EDGE('',*,*,#4240,.T.);
#4280 = ORIENTED_EDGE('',*,*,#3586,.F.);
#4281 = ORIENTED_EDGE('',*,*,#4282,.F.);
#4282 = EDGE_CURVE('',#4259,#3579,#4283,.T.);
#4283 = LINE('',#4284,#4285);
#4284 = CARTESIAN_POINT('',(-0.506155950752,0.177975376197,
    -2.943844049248));
#4285 = VECTOR('',#4286,1.);
#4286 = DIRECTION('',(-0.702740385383,-0.110959008218,0.702740385383));
#4287 = PLANE('',#4288);
#4288 = AXIS2_PLACEMENT_3D('',#4289,#4290,#4291);
#4289 = CARTESIAN_POINT('',(-0.15,0.25,-3.3));
#4290 = DIRECTION('',(0.707106781187,-8.833102285013E-17,0.707106781187)
  );
#4291 = DIRECTION('',(1.236918052038E-16,1.,1.227125289097E-18));
#4292 = ADVANCED_FACE('',(#4293),#4318,.F.);
#4293 = FACE_BOUND('',#4294,.F.);
#4294 = EDGE_LOOP('',(#4295,#4296,#4302,#4303,#4304,#4312));
#4295 = ORIENTED_EDGE('',*,*,#3699,.F.);
#4296 = ORIENTED_EDGE('',*,*,#4297,.T.);
#4297 = EDGE_CURVE('',#3692,#3571,#4298,.T.);
#4298 = LINE('',#4299,#4300);
#4299 = CARTESIAN_POINT('',(0.25,-5.E-02,-1.5));
#4300 = VECTOR('',#4301,1.);
#4301 = DIRECTION('',(-1.,1.224646799147E-16,0.));
#4302 = ORIENTED_EDGE('',*,*,#3578,.T.);
#4303 = ORIENTED_EDGE('',*,*,#4282,.F.);
#4304 = ORIENTED_EDGE('',*,*,#4305,.F.);
#4305 = EDGE_CURVE('',#4306,#4259,#4308,.T.);
#4306 = VERTEX_POINT('',#4307);
#4307 = CARTESIAN_POINT('',(0.247552593066,0.218807485305,
    -3.202447406934));
#4308 = LINE('',#4309,#4310);
#4309 = CARTESIAN_POINT('',(0.25,0.218807485305,-3.202447406934));
#4310 = VECTOR('',#4311,1.);
#4311 = DIRECTION('',(-1.,1.224646799147E-16,0.));
#4312 = ORIENTED_EDGE('',*,*,#4313,.T.);
#4313 = EDGE_CURVE('',#4306,#3700,#4314,.T.);
#4314 = LINE('',#4315,#4316);
#4315 = CARTESIAN_POINT('',(0.629616963064,0.158481532148,
    -2.820383036936));
#4316 = VECTOR('',#4317,1.);
#4317 = DIRECTION('',(0.702740385383,-0.110959008218,0.702740385383));
#4318 = PLANE('',#4319);
#4319 = AXIS2_PLACEMENT_3D('',#4320,#4321,#4322);
#4320 = CARTESIAN_POINT('',(0.25,-5.E-02,-1.5));
#4321 = DIRECTION('',(-1.209660753807E-16,-0.987762965329,
    -0.155962573473));
#4322 = DIRECTION('',(1.909990663905E-17,0.155962573473,-0.987762965329)
  );
#4323 = ADVANCED_FACE('',(#4324),#4335,.F.);
#4324 = FACE_BOUND('',#4325,.F.);
#4325 = EDGE_LOOP('',(#4326,#4332,#4333,#4334));
#4326 = ORIENTED_EDGE('',*,*,#4327,.T.);
#4327 = EDGE_CURVE('',#3684,#3563,#4328,.T.);
#4328 = LINE('',#4329,#4330);
#4329 = CARTESIAN_POINT('',(0.25,0.25,-0.9));
#4330 = VECTOR('',#4331,1.);
#4331 = DIRECTION('',(-1.,1.224646799147E-16,0.));
#4332 = ORIENTED_EDGE('',*,*,#3570,.T.);
#4333 = ORIENTED_EDGE('',*,*,#4297,.F.);
#4334 = ORIENTED_EDGE('',*,*,#3691,.F.);
#4335 = PLANE('',#4336);
#4336 = AXIS2_PLACEMENT_3D('',#4337,#4338,#4339);
#4337 = CARTESIAN_POINT('',(0.25,0.25,-0.9));
#4338 = DIRECTION('',(-1.095357396528E-16,-0.894427191,0.4472135955));
#4339 = DIRECTION('',(-5.476786982641E-17,-0.4472135955,-0.894427191));
#4340 = ADVANCED_FACE('',(#4341),#4352,.F.);
#4341 = FACE_BOUND('',#4342,.F.);
#4342 = EDGE_LOOP('',(#4343,#4344,#4350,#4351));
#4343 = ORIENTED_EDGE('',*,*,#3683,.F.);
#4344 = ORIENTED_EDGE('',*,*,#4345,.T.);
#4345 = EDGE_CURVE('',#3675,#3554,#4346,.T.);
#4346 = LINE('',#4347,#4348);
#4347 = CARTESIAN_POINT('',(0.25,0.25,2.8));
#4348 = VECTOR('',#4349,1.);
#4349 = DIRECTION('',(-1.,1.224646799147E-16,0.));
#4350 = ORIENTED_EDGE('',*,*,#3562,.T.);
#4351 = ORIENTED_EDGE('',*,*,#4327,.F.);
#4352 = PLANE('',#4353);
#4353 = AXIS2_PLACEMENT_3D('',#4354,#4355,#4356);
#4354 = CARTESIAN_POINT('',(0.25,0.25,3.35));
#4355 = DIRECTION('',(-1.224646799147E-16,-1.,0.));
#4356 = DIRECTION('',(-0.,0.,-1.));
#4357 = ADVANCED_FACE('',(#4358),#4364,.T.);
#4358 = FACE_BOUND('',#4359,.T.);
#4359 = EDGE_LOOP('',(#4360,#4361,#4362,#4363));
#4360 = ORIENTED_EDGE('',*,*,#3674,.T.);
#4361 = ORIENTED_EDGE('',*,*,#4345,.T.);
#4362 = ORIENTED_EDGE('',*,*,#3553,.F.);
#4363 = ORIENTED_EDGE('',*,*,#3758,.F.);
#4364 = CYLINDRICAL_SURFACE('',#4365,0.55);
#4365 = AXIS2_PLACEMENT_3D('',#4366,#4367,#4368);
#4366 = CARTESIAN_POINT('',(0.25,-0.3,2.8));
#4367 = DIRECTION('',(-1.,1.224646799147E-16,0.));
#4368 = DIRECTION('',(0.,0.,1.));
#4369 = ADVANCED_FACE('',(#4370),#4397,.T.);
#4370 = FACE_BOUND('',#4371,.F.);
#4371 = EDGE_LOOP('',(#4372,#4380,#4388,#4394,#4395,#4396));
#4372 = ORIENTED_EDGE('',*,*,#4373,.F.);
#4373 = EDGE_CURVE('',#4374,#4306,#4376,.T.);
#4374 = VERTEX_POINT('',#4375);
#4375 = CARTESIAN_POINT('',(5.E-02,5.E-02,-3.4));
#4376 = LINE('',#4377,#4378);
#4377 = CARTESIAN_POINT('',(0.185852405654,0.166085051658,
    -3.264147594346));
#4378 = VECTOR('',#4379,1.);
#4379 = DIRECTION('',(0.605209817607,0.517148096144,0.605209817607));
#4380 = ORIENTED_EDGE('',*,*,#4381,.T.);
#4381 = EDGE_CURVE('',#4374,#4382,#4384,.T.);
#4382 = VERTEX_POINT('',#4383);
#4383 = CARTESIAN_POINT('',(5.E-02,-5.E-02,-3.4));
#4384 = LINE('',#4385,#4386);
#4385 = CARTESIAN_POINT('',(5.E-02,0.25,-3.4));
#4386 = VECTOR('',#4387,1.);
#4387 = DIRECTION('',(-1.224646799147E-16,-1.,0.));
#4388 = ORIENTED_EDGE('',*,*,#4389,.T.);
#4389 = EDGE_CURVE('',#4382,#4225,#4390,.T.);
#4390 = LINE('',#4391,#4392);
#4391 = CARTESIAN_POINT('',(9.198936903048E-02,-9.913946036316E-02,
    -3.35801063097));
#4392 = VECTOR('',#4393,1.);
#4393 = DIRECTION('',(0.544770019249,-0.63753529491,0.544770019249));
#4394 = ORIENTED_EDGE('',*,*,#4224,.T.);
#4395 = ORIENTED_EDGE('',*,*,#3707,.F.);
#4396 = ORIENTED_EDGE('',*,*,#4313,.F.);
#4397 = PLANE('',#4398);
#4398 = AXIS2_PLACEMENT_3D('',#4399,#4400,#4401);
#4399 = CARTESIAN_POINT('',(0.15,0.25,-3.3));
#4400 = DIRECTION('',(0.707106781187,-8.486018839685E-17,-0.707106781187
    ));
#4401 = DIRECTION('',(1.212375546256E-16,1.,1.227125289196E-18));
#4402 = ADVANCED_FACE('',(#4403),#4414,.T.);
#4403 = FACE_BOUND('',#4404,.F.);
#4404 = EDGE_LOOP('',(#4405,#4406,#4412,#4413));
#4405 = ORIENTED_EDGE('',*,*,#3910,.F.);
#4406 = ORIENTED_EDGE('',*,*,#4407,.T.);
#4407 = EDGE_CURVE('',#3903,#4018,#4408,.T.);
#4408 = LINE('',#4409,#4410);
#4409 = CARTESIAN_POINT('',(4.25,-5.E-02,-3.4));
#4410 = VECTOR('',#4411,1.);
#4411 = DIRECTION('',(-1.,1.224646799147E-16,0.));
#4412 = ORIENTED_EDGE('',*,*,#4025,.T.);
#4413 = ORIENTED_EDGE('',*,*,#3868,.F.);
#4414 = PLANE('',#4415);
#4415 = AXIS2_PLACEMENT_3D('',#4416,#4417,#4418);
#4416 = CARTESIAN_POINT('',(4.25,-0.165596257347,-3.301223703467));
#4417 = DIRECTION('',(-8.302774088379E-17,-0.64962967394,-0.760250805153
    ));
#4418 = DIRECTION('',(1.,-1.247195775152E-16,-2.638869166629E-18));
#4419 = ADVANCED_FACE('',(#4420),#4431,.T.);
#4420 = FACE_BOUND('',#4421,.T.);
#4421 = EDGE_LOOP('',(#4422,#4423,#4429,#4430));
#4422 = ORIENTED_EDGE('',*,*,#3892,.F.);
#4423 = ORIENTED_EDGE('',*,*,#4424,.T.);
#4424 = EDGE_CURVE('',#3893,#4010,#4425,.T.);
#4425 = LINE('',#4426,#4427);
#4426 = CARTESIAN_POINT('',(4.25,5.E-02,-3.4));
#4427 = VECTOR('',#4428,1.);
#4428 = DIRECTION('',(-1.,1.224646799147E-16,0.));
#4429 = ORIENTED_EDGE('',*,*,#4009,.T.);
#4430 = ORIENTED_EDGE('',*,*,#3948,.F.);
#4431 = PLANE('',#4432);
#4432 = AXIS2_PLACEMENT_3D('',#4433,#4434,#4435);
#4433 = CARTESIAN_POINT('',(4.25,0.134403742653,-3.301223703467));
#4434 = DIRECTION('',(9.136856246232E-17,0.760250805153,-0.64962967394)
  );
#4435 = DIRECTION('',(-1.,1.211454098155E-16,1.127308249542E-18));
#4436 = ADVANCED_FACE('',(#4437),#4443,.F.);
#4437 = FACE_BOUND('',#4438,.F.);
#4438 = EDGE_LOOP('',(#4439,#4440,#4441,#4442));
#4439 = ORIENTED_EDGE('',*,*,#4424,.T.);
#4440 = ORIENTED_EDGE('',*,*,#4017,.T.);
#4441 = ORIENTED_EDGE('',*,*,#4407,.F.);
#4442 = ORIENTED_EDGE('',*,*,#3902,.F.);
#4443 = PLANE('',#4444);
#4444 = AXIS2_PLACEMENT_3D('',#4445,#4446,#4447);
#4445 = CARTESIAN_POINT('',(4.25,0.25,-3.4));
#4446 = DIRECTION('',(0.,0.,1.));
#4447 = DIRECTION('',(-1.224646799147E-16,-1.,0.));
#4448 = ADVANCED_FACE('',(#4449),#4460,.T.);
#4449 = FACE_BOUND('',#4450,.F.);
#4450 = EDGE_LOOP('',(#4451,#4452,#4458,#4459));
#4451 = ORIENTED_EDGE('',*,*,#4157,.F.);
#4452 = ORIENTED_EDGE('',*,*,#4453,.T.);
#4453 = EDGE_CURVE('',#4150,#4085,#4454,.T.);
#4454 = LINE('',#4455,#4456);
#4455 = CARTESIAN_POINT('',(2.25,-5.E-02,-3.4));
#4456 = VECTOR('',#4457,1.);
#4457 = DIRECTION('',(-1.,1.224646799147E-16,0.));
#4458 = ORIENTED_EDGE('',*,*,#4092,.T.);
#4459 = ORIENTED_EDGE('',*,*,#4060,.F.);
#4460 = PLANE('',#4461);
#4461 = AXIS2_PLACEMENT_3D('',#4462,#4463,#4464);
#4462 = CARTESIAN_POINT('',(2.25,-0.15,-3.3));
#4463 = DIRECTION('',(-8.486018839685E-17,-0.707106781187,
    -0.707106781187));
#4464 = DIRECTION('',(1.,-1.212375546256E-16,1.227125289196E-18));
#4465 = ADVANCED_FACE('',(#4466),#4477,.T.);
#4466 = FACE_BOUND('',#4467,.T.);
#4467 = EDGE_LOOP('',(#4468,#4469,#4475,#4476));
#4468 = ORIENTED_EDGE('',*,*,#4141,.F.);
#4469 = ORIENTED_EDGE('',*,*,#4470,.T.);
#4470 = EDGE_CURVE('',#4142,#4077,#4471,.T.);
#4471 = LINE('',#4472,#4473);
#4472 = CARTESIAN_POINT('',(2.25,5.E-02,-3.4));
#4473 = VECTOR('',#4474,1.);
#4474 = DIRECTION('',(-1.,1.224646799147E-16,0.));
#4475 = ORIENTED_EDGE('',*,*,#4076,.T.);
#4476 = ORIENTED_EDGE('',*,*,#4115,.F.);
#4477 = PLANE('',#4478);
#4478 = AXIS2_PLACEMENT_3D('',#4479,#4480,#4481);
#4479 = CARTESIAN_POINT('',(2.25,0.15,-3.3));
#4480 = DIRECTION('',(8.486018839685E-17,0.707106781187,-0.707106781187)
  );
#4481 = DIRECTION('',(-1.,1.212375546256E-16,1.227125289196E-18));
#4482 = ADVANCED_FACE('',(#4483),#4489,.F.);
#4483 = FACE_BOUND('',#4484,.F.);
#4484 = EDGE_LOOP('',(#4485,#4486,#4487,#4488));
#4485 = ORIENTED_EDGE('',*,*,#4470,.T.);
#4486 = ORIENTED_EDGE('',*,*,#4084,.T.);
#4487 = ORIENTED_EDGE('',*,*,#4453,.F.);
#4488 = ORIENTED_EDGE('',*,*,#4149,.F.);
#4489 = PLANE('',#4490);
#4490 = AXIS2_PLACEMENT_3D('',#4491,#4492,#4493);
#4491 = CARTESIAN_POINT('',(2.25,0.25,-3.4));
#4492 = DIRECTION('',(0.,0.,1.));
#4493 = DIRECTION('',(-1.224646799147E-16,-1.,0.));
#4494 = ADVANCED_FACE('',(#4495),#4506,.T.);
#4495 = FACE_BOUND('',#4496,.F.);
#4496 = EDGE_LOOP('',(#4497,#4498,#4504,#4505));
#4497 = ORIENTED_EDGE('',*,*,#4389,.F.);
#4498 = ORIENTED_EDGE('',*,*,#4499,.T.);
#4499 = EDGE_CURVE('',#4382,#4267,#4500,.T.);
#4500 = LINE('',#4501,#4502);
#4501 = CARTESIAN_POINT('',(0.25,-5.E-02,-3.4));
#4502 = VECTOR('',#4503,1.);
#4503 = DIRECTION('',(-1.,1.224646799147E-16,0.));
#4504 = ORIENTED_EDGE('',*,*,#4274,.T.);
#4505 = ORIENTED_EDGE('',*,*,#4232,.F.);
#4506 = PLANE('',#4507);
#4507 = AXIS2_PLACEMENT_3D('',#4508,#4509,#4510);
#4508 = CARTESIAN_POINT('',(0.25,-0.165596257347,-3.301223703467));
#4509 = DIRECTION('',(-8.302774088379E-17,-0.64962967394,-0.760250805153
    ));
#4510 = DIRECTION('',(1.,-1.247195775152E-16,-2.638869166629E-18));
#4511 = ADVANCED_FACE('',(#4512),#4523,.T.);
#4512 = FACE_BOUND('',#4513,.T.);
#4513 = EDGE_LOOP('',(#4514,#4515,#4521,#4522));
#4514 = ORIENTED_EDGE('',*,*,#4373,.F.);
#4515 = ORIENTED_EDGE('',*,*,#4516,.T.);
#4516 = EDGE_CURVE('',#4374,#4257,#4517,.T.);
#4517 = LINE('',#4518,#4519);
#4518 = CARTESIAN_POINT('',(0.25,5.E-02,-3.4));
#4519 = VECTOR('',#4520,1.);
#4520 = DIRECTION('',(-1.,1.224646799147E-16,0.));
#4521 = ORIENTED_EDGE('',*,*,#4256,.T.);
#4522 = ORIENTED_EDGE('',*,*,#4305,.F.);
#4523 = PLANE('',#4524);
#4524 = AXIS2_PLACEMENT_3D('',#4525,#4526,#4527);
#4525 = CARTESIAN_POINT('',(0.25,0.134403742653,-3.301223703467));
#4526 = DIRECTION('',(9.136856246232E-17,0.760250805153,-0.64962967394)
  );
#4527 = DIRECTION('',(-1.,1.211454098155E-16,1.127308249542E-18));
#4528 = ADVANCED_FACE('',(#4529),#4535,.F.);
#4529 = FACE_BOUND('',#4530,.F.);
#4530 = EDGE_LOOP('',(#4531,#4532,#4533,#4534));
#4531 = ORIENTED_EDGE('',*,*,#4516,.T.);
#4532 = ORIENTED_EDGE('',*,*,#4266,.T.);
#4533 = ORIENTED_EDGE('',*,*,#4499,.F.);
#4534 = ORIENTED_EDGE('',*,*,#4381,.F.);
#4535 = PLANE('',#4536);
#4536 = AXIS2_PLACEMENT_3D('',#4537,#4538,#4539);
#4537 = CARTESIAN_POINT('',(0.25,0.25,-3.4));
#4538 = DIRECTION('',(0.,0.,1.));
#4539 = DIRECTION('',(-1.224646799147E-16,-1.,0.));
#4540 = ( GEOMETRIC_REPRESENTATION_CONTEXT(3) 
GLOBAL_UNCERTAINTY_ASSIGNED_CONTEXT((#4544)) 
GLOBAL_UNIT_ASSIGNED_CONTEXT((#4541,#4542,#4543)) REPRESENTATION_CONTEXT
('Context #1','3D Context with UNIT and UNCERTAINTY') );
#4541 = ( LENGTH_UNIT() NAMED_UNIT(*) SI_UNIT(.MILLI.,.METRE.) );
#4542 = ( NAMED_UNIT(*) PLANE_ANGLE_UNIT() SI_UNIT($,.RADIAN.) );
#4543 = ( NAMED_UNIT(*) SI_UNIT($,.STERADIAN.) SOLID_ANGLE_UNIT() );
#4544 = UNCERTAINTY_MEASURE_WITH_UNIT(LENGTH_MEASURE(1.E-07),#4541,
  'distance_accuracy_value','confusion accuracy');
#4545 = CONTEXT_DEPENDENT_SHAPE_REPRESENTATION(#4546,#4548);
#4546 = ( REPRESENTATION_RELATIONSHIP('','',#103,#80) 
REPRESENTATION_RELATIONSHIP_WITH_TRANSFORMATION(#4547) 
SHAPE_REPRESENTATION_RELATIONSHIP() );
#4547 = ITEM_DEFINED_TRANSFORMATION('','',#11,#81);
#4548 = PRODUCT_DEFINITION_SHAPE('Placement','Placement of an item',
  #4549);
#4549 = NEXT_ASSEMBLY_USAGE_OCCURRENCE('1','=>[0:1:1:3]','',#75,#98,$);
#4550 = PRODUCT_RELATED_PRODUCT_CATEGORY('part',$,(#100));
#4551 = SHAPE_DEFINITION_REPRESENTATION(#4552,#4558);
#4552 = PRODUCT_DEFINITION_SHAPE('','',#4553);
#4553 = PRODUCT_DEFINITION('design','',#4554,#4557);
#4554 = PRODUCT_DEFINITION_FORMATION('','',#4555);
#4555 = PRODUCT('C_0805_2012Metric','C_0805_2012Metric','',(#4556));
#4556 = PRODUCT_CONTEXT('',#2,'mechanical');
#4557 = PRODUCT_DEFINITION_CONTEXT('part definition',#2,'design');
#4558 = SHAPE_REPRESENTATION('',(#11,#4559),#4563);
#4559 = AXIS2_PLACEMENT_3D('',#4560,#4561,#4562);
#4560 = CARTESIAN_POINT('',(0.,0.,0.));
#4561 = DIRECTION('',(0.,0.,1.));
#4562 = DIRECTION('',(1.,0.,-0.));
#4563 = ( GEOMETRIC_REPRESENTATION_CONTEXT(3) 
GLOBAL_UNCERTAINTY_ASSIGNED_CONTEXT((#4567)) 
GLOBAL_UNIT_ASSIGNED_CONTEXT((#4564,#4565,#4566)) REPRESENTATION_CONTEXT
('Context #1','3D Context with UNIT and UNCERTAINTY') );
#4564 = ( LENGTH_UNIT() NAMED_UNIT(*) SI_UNIT(.MILLI.,.METRE.) );
#4565 = ( NAMED_UNIT(*) PLANE_ANGLE_UNIT() SI_UNIT($,.RADIAN.) );
#4566 = ( NAMED_UNIT(*) SI_UNIT($,.STERADIAN.) SOLID_ANGLE_UNIT() );
#4567 = UNCERTAINTY_MEASURE_WITH_UNIT(LENGTH_MEASURE(1.E-07),#4564,
  'distance_accuracy_value','confusion accuracy');
#4568 = CONTEXT_DEPENDENT_SHAPE_REPRESENTATION(#4569,#4571);
#4569 = ( REPRESENTATION_RELATIONSHIP('','',#4558,#10) 
REPRESENTATION_RELATIONSHIP_WITH_TRANSFORMATION(#4570) 
SHAPE_REPRESENTATION_RELATIONSHIP() );
#4570 = ITEM_DEFINED_TRANSFORMATION('','',#11,#19);
#4571 = PRODUCT_DEFINITION_SHAPE('Placement','Placement of an item',
  #4572);
#4572 = NEXT_ASSEMBLY_USAGE_OCCURRENCE('4','C1','',#5,#4553,$);
#4573 = PRODUCT_RELATED_PRODUCT_CATEGORY('part',$,(#4555));
#4574 = SHAPE_DEFINITION_REPRESENTATION(#4575,#4581);
#4575 = PRODUCT_DEFINITION_SHAPE('','',#4576);
#4576 = PRODUCT_DEFINITION('design','',#4577,#4580);
#4577 = PRODUCT_DEFINITION_FORMATION('','',#4578);
#4578 = PRODUCT('C_0805_2012Metric','C_0805_2012Metric','',(#4579));
#4579 = PRODUCT_CONTEXT('',#2,'mechanical');
#4580 = PRODUCT_DEFINITION_CONTEXT('part definition',#2,'design');
#4581 = ADVANCED_BREP_SHAPE_REPRESENTATION('',(#11,#4582),#5436);
#4582 = MANIFOLD_SOLID_BREP('',#4583);
#4583 = CLOSED_SHELL('',(#4584,#4660,#4691,#4716,#4741,#4765,#4789,#4814
    ,#4839,#4856,#4942,#4974,#4998,#5023,#5047,#5072,#5096,#5121,#5138,
    #5224,#5255,#5280,#5305,#5329,#5353,#5378,#5403,#5420));
#4584 = ADVANCED_FACE('',(#4585),#4655,.F.);
#4585 = FACE_BOUND('',#4586,.F.);
#4586 = EDGE_LOOP('',(#4587,#4597,#4606,#4614,#4623,#4631,#4640,#4648));
#4587 = ORIENTED_EDGE('',*,*,#4588,.F.);
#4588 = EDGE_CURVE('',#4589,#4591,#4593,.T.);
#4589 = VERTEX_POINT('',#4590);
#4590 = CARTESIAN_POINT('',(-1.,-0.625,4.E-02));
#4591 = VERTEX_POINT('',#4592);
#4592 = CARTESIAN_POINT('',(-1.,-0.625,1.21));
#4593 = LINE('',#4594,#4595);
#4594 = CARTESIAN_POINT('',(-1.,-0.625,0.));
#4595 = VECTOR('',#4596,1.);
#4596 = DIRECTION('',(0.,0.,1.));
#4597 = ORIENTED_EDGE('',*,*,#4598,.T.);
#4598 = EDGE_CURVE('',#4589,#4599,#4601,.T.);
#4599 = VERTEX_POINT('',#4600);
#4600 = CARTESIAN_POINT('',(-1.,-0.585,0.));
#4601 = CIRCLE('',#4602,4.E-02);
#4602 = AXIS2_PLACEMENT_3D('',#4603,#4604,#4605);
#4603 = CARTESIAN_POINT('',(-1.,-0.585,4.E-02));
#4604 = DIRECTION('',(1.,0.,-0.));
#4605 = DIRECTION('',(0.,0.,1.));
#4606 = ORIENTED_EDGE('',*,*,#4607,.T.);
#4607 = EDGE_CURVE('',#4599,#4608,#4610,.T.);
#4608 = VERTEX_POINT('',#4609);
#4609 = CARTESIAN_POINT('',(-1.,0.585,0.));
#4610 = LINE('',#4611,#4612);
#4611 = CARTESIAN_POINT('',(-1.,-0.625,0.));
#4612 = VECTOR('',#4613,1.);
#4613 = DIRECTION('',(0.,1.,0.));
#4614 = ORIENTED_EDGE('',*,*,#4615,.F.);
#4615 = EDGE_CURVE('',#4616,#4608,#4618,.T.);
#4616 = VERTEX_POINT('',#4617);
#4617 = CARTESIAN_POINT('',(-1.,0.625,4.E-02));
#4618 = CIRCLE('',#4619,4.E-02);
#4619 = AXIS2_PLACEMENT_3D('',#4620,#4621,#4622);
#4620 = CARTESIAN_POINT('',(-1.,0.585,4.E-02));
#4621 = DIRECTION('',(-1.,0.,0.));
#4622 = DIRECTION('',(0.,0.,1.));
#4623 = ORIENTED_EDGE('',*,*,#4624,.T.);
#4624 = EDGE_CURVE('',#4616,#4625,#4627,.T.);
#4625 = VERTEX_POINT('',#4626);
#4626 = CARTESIAN_POINT('',(-1.,0.625,1.21));
#4627 = LINE('',#4628,#4629);
#4628 = CARTESIAN_POINT('',(-1.,0.625,0.));
#4629 = VECTOR('',#4630,1.);
#4630 = DIRECTION('',(0.,0.,1.));
#4631 = ORIENTED_EDGE('',*,*,#4632,.T.);
#4632 = EDGE_CURVE('',#4625,#4633,#4635,.T.);
#4633 = VERTEX_POINT('',#4634);
#4634 = CARTESIAN_POINT('',(-1.,0.585,1.25));
#4635 = CIRCLE('',#4636,4.E-02);
#4636 = AXIS2_PLACEMENT_3D('',#4637,#4638,#4639);
#4637 = CARTESIAN_POINT('',(-1.,0.585,1.21));
#4638 = DIRECTION('',(1.,0.,-0.));
#4639 = DIRECTION('',(0.,0.,1.));
#4640 = ORIENTED_EDGE('',*,*,#4641,.F.);
#4641 = EDGE_CURVE('',#4642,#4633,#4644,.T.);
#4642 = VERTEX_POINT('',#4643);
#4643 = CARTESIAN_POINT('',(-1.,-0.585,1.25));
#4644 = LINE('',#4645,#4646);
#4645 = CARTESIAN_POINT('',(-1.,-0.625,1.25));
#4646 = VECTOR('',#4647,1.);
#4647 = DIRECTION('',(0.,1.,0.));
#4648 = ORIENTED_EDGE('',*,*,#4649,.F.);
#4649 = EDGE_CURVE('',#4591,#4642,#4650,.T.);
#4650 = CIRCLE('',#4651,4.E-02);
#4651 = AXIS2_PLACEMENT_3D('',#4652,#4653,#4654);
#4652 = CARTESIAN_POINT('',(-1.,-0.585,1.21));
#4653 = DIRECTION('',(-1.,0.,0.));
#4654 = DIRECTION('',(0.,0.,1.));
#4655 = PLANE('',#4656);
#4656 = AXIS2_PLACEMENT_3D('',#4657,#4658,#4659);
#4657 = CARTESIAN_POINT('',(-1.,-0.625,0.));
#4658 = DIRECTION('',(1.,0.,0.));
#4659 = DIRECTION('',(0.,0.,1.));
#4660 = ADVANCED_FACE('',(#4661),#4686,.F.);
#4661 = FACE_BOUND('',#4662,.F.);
#4662 = EDGE_LOOP('',(#4663,#4673,#4679,#4680));
#4663 = ORIENTED_EDGE('',*,*,#4664,.F.);
#4664 = EDGE_CURVE('',#4665,#4667,#4669,.T.);
#4665 = VERTEX_POINT('',#4666);
#4666 = CARTESIAN_POINT('',(-0.6,-0.625,4.E-02));
#4667 = VERTEX_POINT('',#4668);
#4668 = CARTESIAN_POINT('',(-0.6,-0.625,1.21));
#4669 = LINE('',#4670,#4671);
#4670 = CARTESIAN_POINT('',(-0.6,-0.625,0.));
#4671 = VECTOR('',#4672,1.);
#4672 = DIRECTION('',(0.,0.,1.));
#4673 = ORIENTED_EDGE('',*,*,#4674,.F.);
#4674 = EDGE_CURVE('',#4589,#4665,#4675,.T.);
#4675 = LINE('',#4676,#4677);
#4676 = CARTESIAN_POINT('',(-1.,-0.625,4.E-02));
#4677 = VECTOR('',#4678,1.);
#4678 = DIRECTION('',(1.,0.,0.));
#4679 = ORIENTED_EDGE('',*,*,#4588,.T.);
#4680 = ORIENTED_EDGE('',*,*,#4681,.T.);
#4681 = EDGE_CURVE('',#4591,#4667,#4682,.T.);
#4682 = LINE('',#4683,#4684);
#4683 = CARTESIAN_POINT('',(-1.,-0.625,1.21));
#4684 = VECTOR('',#4685,1.);
#4685 = DIRECTION('',(1.,0.,0.));
#4686 = PLANE('',#4687);
#4687 = AXIS2_PLACEMENT_3D('',#4688,#4689,#4690);
#4688 = CARTESIAN_POINT('',(-1.,-0.625,0.));
#4689 = DIRECTION('',(0.,1.,0.));
#4690 = DIRECTION('',(0.,-0.,1.));
#4691 = ADVANCED_FACE('',(#4692),#4711,.T.);
#4692 = FACE_BOUND('',#4693,.T.);
#4693 = EDGE_LOOP('',(#4694,#4695,#4703,#4710));
#4694 = ORIENTED_EDGE('',*,*,#4598,.T.);
#4695 = ORIENTED_EDGE('',*,*,#4696,.T.);
#4696 = EDGE_CURVE('',#4599,#4697,#4699,.T.);
#4697 = VERTEX_POINT('',#4698);
#4698 = CARTESIAN_POINT('',(-0.6,-0.585,0.));
#4699 = LINE('',#4700,#4701);
#4700 = CARTESIAN_POINT('',(-1.,-0.585,0.));
#4701 = VECTOR('',#4702,1.);
#4702 = DIRECTION('',(1.,0.,0.));
#4703 = ORIENTED_EDGE('',*,*,#4704,.F.);
#4704 = EDGE_CURVE('',#4665,#4697,#4705,.T.);
#4705 = CIRCLE('',#4706,4.E-02);
#4706 = AXIS2_PLACEMENT_3D('',#4707,#4708,#4709);
#4707 = CARTESIAN_POINT('',(-0.6,-0.585,4.E-02));
#4708 = DIRECTION('',(1.,0.,-0.));
#4709 = DIRECTION('',(0.,0.,1.));
#4710 = ORIENTED_EDGE('',*,*,#4674,.F.);
#4711 = CYLINDRICAL_SURFACE('',#4712,4.E-02);
#4712 = AXIS2_PLACEMENT_3D('',#4713,#4714,#4715);
#4713 = CARTESIAN_POINT('',(-1.,-0.585,4.E-02));
#4714 = DIRECTION('',(1.,0.,0.));
#4715 = DIRECTION('',(0.,-1.,0.));
#4716 = ADVANCED_FACE('',(#4717),#4736,.T.);
#4717 = FACE_BOUND('',#4718,.T.);
#4718 = EDGE_LOOP('',(#4719,#4720,#4729,#4735));
#4719 = ORIENTED_EDGE('',*,*,#4681,.T.);
#4720 = ORIENTED_EDGE('',*,*,#4721,.T.);
#4721 = EDGE_CURVE('',#4667,#4722,#4724,.T.);
#4722 = VERTEX_POINT('',#4723);
#4723 = CARTESIAN_POINT('',(-0.6,-0.585,1.25));
#4724 = CIRCLE('',#4725,4.E-02);
#4725 = AXIS2_PLACEMENT_3D('',#4726,#4727,#4728);
#4726 = CARTESIAN_POINT('',(-0.6,-0.585,1.21));
#4727 = DIRECTION('',(-1.,0.,0.));
#4728 = DIRECTION('',(0.,0.,1.));
#4729 = ORIENTED_EDGE('',*,*,#4730,.F.);
#4730 = EDGE_CURVE('',#4642,#4722,#4731,.T.);
#4731 = LINE('',#4732,#4733);
#4732 = CARTESIAN_POINT('',(-1.,-0.585,1.25));
#4733 = VECTOR('',#4734,1.);
#4734 = DIRECTION('',(1.,0.,0.));
#4735 = ORIENTED_EDGE('',*,*,#4649,.F.);
#4736 = CYLINDRICAL_SURFACE('',#4737,4.E-02);
#4737 = AXIS2_PLACEMENT_3D('',#4738,#4739,#4740);
#4738 = CARTESIAN_POINT('',(-1.,-0.585,1.21));
#4739 = DIRECTION('',(1.,0.,0.));
#4740 = DIRECTION('',(0.,-1.,0.));
#4741 = ADVANCED_FACE('',(#4742),#4760,.F.);
#4742 = FACE_BOUND('',#4743,.F.);
#4743 = EDGE_LOOP('',(#4744,#4745,#4746,#4754));
#4744 = ORIENTED_EDGE('',*,*,#4607,.F.);
#4745 = ORIENTED_EDGE('',*,*,#4696,.T.);
#4746 = ORIENTED_EDGE('',*,*,#4747,.T.);
#4747 = EDGE_CURVE('',#4697,#4748,#4750,.T.);
#4748 = VERTEX_POINT('',#4749);
#4749 = CARTESIAN_POINT('',(-0.6,0.585,0.));
#4750 = LINE('',#4751,#4752);
#4751 = CARTESIAN_POINT('',(-0.6,-0.625,0.));
#4752 = VECTOR('',#4753,1.);
#4753 = DIRECTION('',(0.,1.,0.));
#4754 = ORIENTED_EDGE('',*,*,#4755,.F.);
#4755 = EDGE_CURVE('',#4608,#4748,#4756,.T.);
#4756 = LINE('',#4757,#4758);
#4757 = CARTESIAN_POINT('',(-1.,0.585,0.));
#4758 = VECTOR('',#4759,1.);
#4759 = DIRECTION('',(1.,0.,0.));
#4760 = PLANE('',#4761);
#4761 = AXIS2_PLACEMENT_3D('',#4762,#4763,#4764);
#4762 = CARTESIAN_POINT('',(-1.,-0.625,0.));
#4763 = DIRECTION('',(0.,0.,1.));
#4764 = DIRECTION('',(1.,0.,-0.));
#4765 = ADVANCED_FACE('',(#4766),#4784,.T.);
#4766 = FACE_BOUND('',#4767,.T.);
#4767 = EDGE_LOOP('',(#4768,#4769,#4770,#4778));
#4768 = ORIENTED_EDGE('',*,*,#4641,.F.);
#4769 = ORIENTED_EDGE('',*,*,#4730,.T.);
#4770 = ORIENTED_EDGE('',*,*,#4771,.T.);
#4771 = EDGE_CURVE('',#4722,#4772,#4774,.T.);
#4772 = VERTEX_POINT('',#4773);
#4773 = CARTESIAN_POINT('',(-0.6,0.585,1.25));
#4774 = LINE('',#4775,#4776);
#4775 = CARTESIAN_POINT('',(-0.6,-0.625,1.25));
#4776 = VECTOR('',#4777,1.);
#4777 = DIRECTION('',(0.,1.,0.));
#4778 = ORIENTED_EDGE('',*,*,#4779,.F.);
#4779 = EDGE_CURVE('',#4633,#4772,#4780,.T.);
#4780 = LINE('',#4781,#4782);
#4781 = CARTESIAN_POINT('',(-1.,0.585,1.25));
#4782 = VECTOR('',#4783,1.);
#4783 = DIRECTION('',(1.,0.,0.));
#4784 = PLANE('',#4785);
#4785 = AXIS2_PLACEMENT_3D('',#4786,#4787,#4788);
#4786 = CARTESIAN_POINT('',(-1.,-0.625,1.25));
#4787 = DIRECTION('',(0.,0.,1.));
#4788 = DIRECTION('',(1.,0.,-0.));
#4789 = ADVANCED_FACE('',(#4790),#4809,.T.);
#4790 = FACE_BOUND('',#4791,.T.);
#4791 = EDGE_LOOP('',(#4792,#4800,#4807,#4808));
#4792 = ORIENTED_EDGE('',*,*,#4793,.T.);
#4793 = EDGE_CURVE('',#4616,#4794,#4796,.T.);
#4794 = VERTEX_POINT('',#4795);
#4795 = CARTESIAN_POINT('',(-0.6,0.625,4.E-02));
#4796 = LINE('',#4797,#4798);
#4797 = CARTESIAN_POINT('',(-1.,0.625,4.E-02));
#4798 = VECTOR('',#4799,1.);
#4799 = DIRECTION('',(1.,0.,0.));
#4800 = ORIENTED_EDGE('',*,*,#4801,.T.);
#4801 = EDGE_CURVE('',#4794,#4748,#4802,.T.);
#4802 = CIRCLE('',#4803,4.E-02);
#4803 = AXIS2_PLACEMENT_3D('',#4804,#4805,#4806);
#4804 = CARTESIAN_POINT('',(-0.6,0.585,4.E-02));
#4805 = DIRECTION('',(-1.,0.,0.));
#4806 = DIRECTION('',(0.,0.,1.));
#4807 = ORIENTED_EDGE('',*,*,#4755,.F.);
#4808 = ORIENTED_EDGE('',*,*,#4615,.F.);
#4809 = CYLINDRICAL_SURFACE('',#4810,4.E-02);
#4810 = AXIS2_PLACEMENT_3D('',#4811,#4812,#4813);
#4811 = CARTESIAN_POINT('',(-1.,0.585,4.E-02));
#4812 = DIRECTION('',(1.,0.,0.));
#4813 = DIRECTION('',(-0.,1.,0.));
#4814 = ADVANCED_FACE('',(#4815),#4834,.T.);
#4815 = FACE_BOUND('',#4816,.T.);
#4816 = EDGE_LOOP('',(#4817,#4818,#4819,#4828));
#4817 = ORIENTED_EDGE('',*,*,#4632,.T.);
#4818 = ORIENTED_EDGE('',*,*,#4779,.T.);
#4819 = ORIENTED_EDGE('',*,*,#4820,.F.);
#4820 = EDGE_CURVE('',#4821,#4772,#4823,.T.);
#4821 = VERTEX_POINT('',#4822);
#4822 = CARTESIAN_POINT('',(-0.6,0.625,1.21));
#4823 = CIRCLE('',#4824,4.E-02);
#4824 = AXIS2_PLACEMENT_3D('',#4825,#4826,#4827);
#4825 = CARTESIAN_POINT('',(-0.6,0.585,1.21));
#4826 = DIRECTION('',(1.,0.,-0.));
#4827 = DIRECTION('',(0.,0.,1.));
#4828 = ORIENTED_EDGE('',*,*,#4829,.F.);
#4829 = EDGE_CURVE('',#4625,#4821,#4830,.T.);
#4830 = LINE('',#4831,#4832);
#4831 = CARTESIAN_POINT('',(-1.,0.625,1.21));
#4832 = VECTOR('',#4833,1.);
#4833 = DIRECTION('',(1.,0.,0.));
#4834 = CYLINDRICAL_SURFACE('',#4835,4.E-02);
#4835 = AXIS2_PLACEMENT_3D('',#4836,#4837,#4838);
#4836 = CARTESIAN_POINT('',(-1.,0.585,1.21));
#4837 = DIRECTION('',(1.,0.,0.));
#4838 = DIRECTION('',(-0.,1.,0.));
#4839 = ADVANCED_FACE('',(#4840),#4851,.T.);
#4840 = FACE_BOUND('',#4841,.T.);
#4841 = EDGE_LOOP('',(#4842,#4848,#4849,#4850));
#4842 = ORIENTED_EDGE('',*,*,#4843,.F.);
#4843 = EDGE_CURVE('',#4794,#4821,#4844,.T.);
#4844 = LINE('',#4845,#4846);
#4845 = CARTESIAN_POINT('',(-0.6,0.625,0.));
#4846 = VECTOR('',#4847,1.);
#4847 = DIRECTION('',(0.,0.,1.));
#4848 = ORIENTED_EDGE('',*,*,#4793,.F.);
#4849 = ORIENTED_EDGE('',*,*,#4624,.T.);
#4850 = ORIENTED_EDGE('',*,*,#4829,.T.);
#4851 = PLANE('',#4852);
#4852 = AXIS2_PLACEMENT_3D('',#4853,#4854,#4855);
#4853 = CARTESIAN_POINT('',(-1.,0.625,0.));
#4854 = DIRECTION('',(0.,1.,0.));
#4855 = DIRECTION('',(0.,-0.,1.));
#4856 = ADVANCED_FACE('',(#4857,#4867),#4937,.T.);
#4857 = FACE_BOUND('',#4858,.T.);
#4858 = EDGE_LOOP('',(#4859,#4860,#4861,#4862,#4863,#4864,#4865,#4866));
#4859 = ORIENTED_EDGE('',*,*,#4664,.F.);
#4860 = ORIENTED_EDGE('',*,*,#4704,.T.);
#4861 = ORIENTED_EDGE('',*,*,#4747,.T.);
#4862 = ORIENTED_EDGE('',*,*,#4801,.F.);
#4863 = ORIENTED_EDGE('',*,*,#4843,.T.);
#4864 = ORIENTED_EDGE('',*,*,#4820,.T.);
#4865 = ORIENTED_EDGE('',*,*,#4771,.F.);
#4866 = ORIENTED_EDGE('',*,*,#4721,.F.);
#4867 = FACE_BOUND('',#4868,.T.);
#4868 = EDGE_LOOP('',(#4869,#4880,#4888,#4897,#4905,#4914,#4922,#4931));
#4869 = ORIENTED_EDGE('',*,*,#4870,.F.);
#4870 = EDGE_CURVE('',#4871,#4873,#4875,.T.);
#4871 = VERTEX_POINT('',#4872);
#4872 = CARTESIAN_POINT('',(-0.6,-0.585,8.E-02));
#4873 = VERTEX_POINT('',#4874);
#4874 = CARTESIAN_POINT('',(-0.6,-0.545,4.E-02));
#4875 = CIRCLE('',#4876,4.E-02);
#4876 = AXIS2_PLACEMENT_3D('',#4877,#4878,#4879);
#4877 = CARTESIAN_POINT('',(-0.6,-0.545,8.E-02));
#4878 = DIRECTION('',(1.,0.,-0.));
#4879 = DIRECTION('',(0.,0.,1.));
#4880 = ORIENTED_EDGE('',*,*,#4881,.T.);
#4881 = EDGE_CURVE('',#4871,#4882,#4884,.T.);
#4882 = VERTEX_POINT('',#4883);
#4883 = CARTESIAN_POINT('',(-0.6,-0.585,1.17));
#4884 = LINE('',#4885,#4886);
#4885 = CARTESIAN_POINT('',(-0.6,-0.585,4.E-02));
#4886 = VECTOR('',#4887,1.);
#4887 = DIRECTION('',(0.,0.,1.));
#4888 = ORIENTED_EDGE('',*,*,#4889,.T.);
#4889 = EDGE_CURVE('',#4882,#4890,#4892,.T.);
#4890 = VERTEX_POINT('',#4891);
#4891 = CARTESIAN_POINT('',(-0.6,-0.545,1.21));
#4892 = CIRCLE('',#4893,4.E-02);
#4893 = AXIS2_PLACEMENT_3D('',#4894,#4895,#4896);
#4894 = CARTESIAN_POINT('',(-0.6,-0.545,1.17));
#4895 = DIRECTION('',(-1.,0.,0.));
#4896 = DIRECTION('',(0.,0.,1.));
#4897 = ORIENTED_EDGE('',*,*,#4898,.T.);
#4898 = EDGE_CURVE('',#4890,#4899,#4901,.T.);
#4899 = VERTEX_POINT('',#4900);
#4900 = CARTESIAN_POINT('',(-0.6,0.545,1.21));
#4901 = LINE('',#4902,#4903);
#4902 = CARTESIAN_POINT('',(-0.6,-0.585,1.21));
#4903 = VECTOR('',#4904,1.);
#4904 = DIRECTION('',(0.,1.,0.));
#4905 = ORIENTED_EDGE('',*,*,#4906,.F.);
#4906 = EDGE_CURVE('',#4907,#4899,#4909,.T.);
#4907 = VERTEX_POINT('',#4908);
#4908 = CARTESIAN_POINT('',(-0.6,0.585,1.17));
#4909 = CIRCLE('',#4910,4.E-02);
#4910 = AXIS2_PLACEMENT_3D('',#4911,#4912,#4913);
#4911 = CARTESIAN_POINT('',(-0.6,0.545,1.17));
#4912 = DIRECTION('',(1.,0.,-0.));
#4913 = DIRECTION('',(0.,0.,1.));
#4914 = ORIENTED_EDGE('',*,*,#4915,.F.);
#4915 = EDGE_CURVE('',#4916,#4907,#4918,.T.);
#4916 = VERTEX_POINT('',#4917);
#4917 = CARTESIAN_POINT('',(-0.6,0.585,8.E-02));
#4918 = LINE('',#4919,#4920);
#4919 = CARTESIAN_POINT('',(-0.6,0.585,4.E-02));
#4920 = VECTOR('',#4921,1.);
#4921 = DIRECTION('',(0.,0.,1.));
#4922 = ORIENTED_EDGE('',*,*,#4923,.T.);
#4923 = EDGE_CURVE('',#4916,#4924,#4926,.T.);
#4924 = VERTEX_POINT('',#4925);
#4925 = CARTESIAN_POINT('',(-0.6,0.545,4.E-02));
#4926 = CIRCLE('',#4927,4.E-02);
#4927 = AXIS2_PLACEMENT_3D('',#4928,#4929,#4930);
#4928 = CARTESIAN_POINT('',(-0.6,0.545,8.E-02));
#4929 = DIRECTION('',(-1.,0.,0.));
#4930 = DIRECTION('',(0.,0.,1.));
#4931 = ORIENTED_EDGE('',*,*,#4932,.F.);
#4932 = EDGE_CURVE('',#4873,#4924,#4933,.T.);
#4933 = LINE('',#4934,#4935);
#4934 = CARTESIAN_POINT('',(-0.6,-0.585,4.E-02));
#4935 = VECTOR('',#4936,1.);
#4936 = DIRECTION('',(0.,1.,0.));
#4937 = PLANE('',#4938);
#4938 = AXIS2_PLACEMENT_3D('',#4939,#4940,#4941);
#4939 = CARTESIAN_POINT('',(-0.6,-0.625,0.));
#4940 = DIRECTION('',(1.,0.,0.));
#4941 = DIRECTION('',(0.,0.,1.));
#4942 = ADVANCED_FACE('',(#4943),#4969,.T.);
#4943 = FACE_BOUND('',#4944,.T.);
#4944 = EDGE_LOOP('',(#4945,#4946,#4954,#4963));
#4945 = ORIENTED_EDGE('',*,*,#4870,.T.);
#4946 = ORIENTED_EDGE('',*,*,#4947,.T.);
#4947 = EDGE_CURVE('',#4873,#4948,#4950,.T.);
#4948 = VERTEX_POINT('',#4949);
#4949 = CARTESIAN_POINT('',(0.6,-0.545,4.E-02));
#4950 = LINE('',#4951,#4952);
#4951 = CARTESIAN_POINT('',(-0.6,-0.545,4.E-02));
#4952 = VECTOR('',#4953,1.);
#4953 = DIRECTION('',(1.,0.,0.));
#4954 = ORIENTED_EDGE('',*,*,#4955,.F.);
#4955 = EDGE_CURVE('',#4956,#4948,#4958,.T.);
#4956 = VERTEX_POINT('',#4957);
#4957 = CARTESIAN_POINT('',(0.6,-0.585,8.E-02));
#4958 = CIRCLE('',#4959,4.E-02);
#4959 = AXIS2_PLACEMENT_3D('',#4960,#4961,#4962);
#4960 = CARTESIAN_POINT('',(0.6,-0.545,8.E-02));
#4961 = DIRECTION('',(1.,0.,-0.));
#4962 = DIRECTION('',(0.,0.,1.));
#4963 = ORIENTED_EDGE('',*,*,#4964,.F.);
#4964 = EDGE_CURVE('',#4871,#4956,#4965,.T.);
#4965 = LINE('',#4966,#4967);
#4966 = CARTESIAN_POINT('',(-0.6,-0.585,8.E-02));
#4967 = VECTOR('',#4968,1.);
#4968 = DIRECTION('',(1.,0.,0.));
#4969 = CYLINDRICAL_SURFACE('',#4970,4.E-02);
#4970 = AXIS2_PLACEMENT_3D('',#4971,#4972,#4973);
#4971 = CARTESIAN_POINT('',(-0.6,-0.545,8.E-02));
#4972 = DIRECTION('',(1.,0.,0.));
#4973 = DIRECTION('',(0.,-1.,0.));
#4974 = ADVANCED_FACE('',(#4975),#4993,.F.);
#4975 = FACE_BOUND('',#4976,.F.);
#4976 = EDGE_LOOP('',(#4977,#4978,#4979,#4987));
#4977 = ORIENTED_EDGE('',*,*,#4932,.F.);
#4978 = ORIENTED_EDGE('',*,*,#4947,.T.);
#4979 = ORIENTED_EDGE('',*,*,#4980,.T.);
#4980 = EDGE_CURVE('',#4948,#4981,#4983,.T.);
#4981 = VERTEX_POINT('',#4982);
#4982 = CARTESIAN_POINT('',(0.6,0.545,4.E-02));
#4983 = LINE('',#4984,#4985);
#4984 = CARTESIAN_POINT('',(0.6,-0.585,4.E-02));
#4985 = VECTOR('',#4986,1.);
#4986 = DIRECTION('',(0.,1.,0.));
#4987 = ORIENTED_EDGE('',*,*,#4988,.F.);
#4988 = EDGE_CURVE('',#4924,#4981,#4989,.T.);
#4989 = LINE('',#4990,#4991);
#4990 = CARTESIAN_POINT('',(-0.6,0.545,4.E-02));
#4991 = VECTOR('',#4992,1.);
#4992 = DIRECTION('',(1.,0.,0.));
#4993 = PLANE('',#4994);
#4994 = AXIS2_PLACEMENT_3D('',#4995,#4996,#4997);
#4995 = CARTESIAN_POINT('',(-0.6,-0.585,4.E-02));
#4996 = DIRECTION('',(0.,0.,1.));
#4997 = DIRECTION('',(1.,0.,-0.));
#4998 = ADVANCED_FACE('',(#4999),#5018,.T.);
#4999 = FACE_BOUND('',#5000,.T.);
#5000 = EDGE_LOOP('',(#5001,#5009,#5016,#5017));
#5001 = ORIENTED_EDGE('',*,*,#5002,.T.);
#5002 = EDGE_CURVE('',#4916,#5003,#5005,.T.);
#5003 = VERTEX_POINT('',#5004);
#5004 = CARTESIAN_POINT('',(0.6,0.585,8.E-02));
#5005 = LINE('',#5006,#5007);
#5006 = CARTESIAN_POINT('',(-0.6,0.585,8.E-02));
#5007 = VECTOR('',#5008,1.);
#5008 = DIRECTION('',(1.,0.,0.));
#5009 = ORIENTED_EDGE('',*,*,#5010,.T.);
#5010 = EDGE_CURVE('',#5003,#4981,#5011,.T.);
#5011 = CIRCLE('',#5012,4.E-02);
#5012 = AXIS2_PLACEMENT_3D('',#5013,#5014,#5015);
#5013 = CARTESIAN_POINT('',(0.6,0.545,8.E-02));
#5014 = DIRECTION('',(-1.,0.,0.));
#5015 = DIRECTION('',(0.,0.,1.));
#5016 = ORIENTED_EDGE('',*,*,#4988,.F.);
#5017 = ORIENTED_EDGE('',*,*,#4923,.F.);
#5018 = CYLINDRICAL_SURFACE('',#5019,4.E-02);
#5019 = AXIS2_PLACEMENT_3D('',#5020,#5021,#5022);
#5020 = CARTESIAN_POINT('',(-0.6,0.545,8.E-02));
#5021 = DIRECTION('',(1.,0.,0.));
#5022 = DIRECTION('',(-0.,1.,0.));
#5023 = ADVANCED_FACE('',(#5024),#5042,.T.);
#5024 = FACE_BOUND('',#5025,.T.);
#5025 = EDGE_LOOP('',(#5026,#5034,#5035,#5036));
#5026 = ORIENTED_EDGE('',*,*,#5027,.F.);
#5027 = EDGE_CURVE('',#5003,#5028,#5030,.T.);
#5028 = VERTEX_POINT('',#5029);
#5029 = CARTESIAN_POINT('',(0.6,0.585,1.17));
#5030 = LINE('',#5031,#5032);
#5031 = CARTESIAN_POINT('',(0.6,0.585,4.E-02));
#5032 = VECTOR('',#5033,1.);
#5033 = DIRECTION('',(0.,0.,1.));
#5034 = ORIENTED_EDGE('',*,*,#5002,.F.);
#5035 = ORIENTED_EDGE('',*,*,#4915,.T.);
#5036 = ORIENTED_EDGE('',*,*,#5037,.T.);
#5037 = EDGE_CURVE('',#4907,#5028,#5038,.T.);
#5038 = LINE('',#5039,#5040);
#5039 = CARTESIAN_POINT('',(-0.6,0.585,1.17));
#5040 = VECTOR('',#5041,1.);
#5041 = DIRECTION('',(1.,0.,0.));
#5042 = PLANE('',#5043);
#5043 = AXIS2_PLACEMENT_3D('',#5044,#5045,#5046);
#5044 = CARTESIAN_POINT('',(-0.6,0.585,4.E-02));
#5045 = DIRECTION('',(0.,1.,0.));
#5046 = DIRECTION('',(0.,-0.,1.));
#5047 = ADVANCED_FACE('',(#5048),#5067,.T.);
#5048 = FACE_BOUND('',#5049,.T.);
#5049 = EDGE_LOOP('',(#5050,#5051,#5059,#5066));
#5050 = ORIENTED_EDGE('',*,*,#4906,.T.);
#5051 = ORIENTED_EDGE('',*,*,#5052,.T.);
#5052 = EDGE_CURVE('',#4899,#5053,#5055,.T.);
#5053 = VERTEX_POINT('',#5054);
#5054 = CARTESIAN_POINT('',(0.6,0.545,1.21));
#5055 = LINE('',#5056,#5057);
#5056 = CARTESIAN_POINT('',(-0.6,0.545,1.21));
#5057 = VECTOR('',#5058,1.);
#5058 = DIRECTION('',(1.,0.,0.));
#5059 = ORIENTED_EDGE('',*,*,#5060,.F.);
#5060 = EDGE_CURVE('',#5028,#5053,#5061,.T.);
#5061 = CIRCLE('',#5062,4.E-02);
#5062 = AXIS2_PLACEMENT_3D('',#5063,#5064,#5065);
#5063 = CARTESIAN_POINT('',(0.6,0.545,1.17));
#5064 = DIRECTION('',(1.,0.,-0.));
#5065 = DIRECTION('',(0.,0.,1.));
#5066 = ORIENTED_EDGE('',*,*,#5037,.F.);
#5067 = CYLINDRICAL_SURFACE('',#5068,4.E-02);
#5068 = AXIS2_PLACEMENT_3D('',#5069,#5070,#5071);
#5069 = CARTESIAN_POINT('',(-0.6,0.545,1.17));
#5070 = DIRECTION('',(1.,0.,0.));
#5071 = DIRECTION('',(-0.,1.,0.));
#5072 = ADVANCED_FACE('',(#5073),#5091,.T.);
#5073 = FACE_BOUND('',#5074,.T.);
#5074 = EDGE_LOOP('',(#5075,#5076,#5084,#5090));
#5075 = ORIENTED_EDGE('',*,*,#4898,.F.);
#5076 = ORIENTED_EDGE('',*,*,#5077,.T.);
#5077 = EDGE_CURVE('',#4890,#5078,#5080,.T.);
#5078 = VERTEX_POINT('',#5079);
#5079 = CARTESIAN_POINT('',(0.6,-0.545,1.21));
#5080 = LINE('',#5081,#5082);
#5081 = CARTESIAN_POINT('',(-0.6,-0.545,1.21));
#5082 = VECTOR('',#5083,1.);
#5083 = DIRECTION('',(1.,0.,0.));
#5084 = ORIENTED_EDGE('',*,*,#5085,.T.);
#5085 = EDGE_CURVE('',#5078,#5053,#5086,.T.);
#5086 = LINE('',#5087,#5088);
#5087 = CARTESIAN_POINT('',(0.6,-0.585,1.21));
#5088 = VECTOR('',#5089,1.);
#5089 = DIRECTION('',(0.,1.,0.));
#5090 = ORIENTED_EDGE('',*,*,#5052,.F.);
#5091 = PLANE('',#5092);
#5092 = AXIS2_PLACEMENT_3D('',#5093,#5094,#5095);
#5093 = CARTESIAN_POINT('',(-0.6,-0.585,1.21));
#5094 = DIRECTION('',(0.,0.,1.));
#5095 = DIRECTION('',(1.,0.,-0.));
#5096 = ADVANCED_FACE('',(#5097),#5116,.T.);
#5097 = FACE_BOUND('',#5098,.T.);
#5098 = EDGE_LOOP('',(#5099,#5107,#5114,#5115));
#5099 = ORIENTED_EDGE('',*,*,#5100,.T.);
#5100 = EDGE_CURVE('',#4882,#5101,#5103,.T.);
#5101 = VERTEX_POINT('',#5102);
#5102 = CARTESIAN_POINT('',(0.6,-0.585,1.17));
#5103 = LINE('',#5104,#5105);
#5104 = CARTESIAN_POINT('',(-0.6,-0.585,1.17));
#5105 = VECTOR('',#5106,1.);
#5106 = DIRECTION('',(1.,0.,0.));
#5107 = ORIENTED_EDGE('',*,*,#5108,.T.);
#5108 = EDGE_CURVE('',#5101,#5078,#5109,.T.);
#5109 = CIRCLE('',#5110,4.E-02);
#5110 = AXIS2_PLACEMENT_3D('',#5111,#5112,#5113);
#5111 = CARTESIAN_POINT('',(0.6,-0.545,1.17));
#5112 = DIRECTION('',(-1.,0.,0.));
#5113 = DIRECTION('',(0.,0.,1.));
#5114 = ORIENTED_EDGE('',*,*,#5077,.F.);
#5115 = ORIENTED_EDGE('',*,*,#4889,.F.);
#5116 = CYLINDRICAL_SURFACE('',#5117,4.E-02);
#5117 = AXIS2_PLACEMENT_3D('',#5118,#5119,#5120);
#5118 = CARTESIAN_POINT('',(-0.6,-0.545,1.17));
#5119 = DIRECTION('',(1.,0.,0.));
#5120 = DIRECTION('',(0.,-1.,0.));
#5121 = ADVANCED_FACE('',(#5122),#5133,.F.);
#5122 = FACE_BOUND('',#5123,.F.);
#5123 = EDGE_LOOP('',(#5124,#5130,#5131,#5132));
#5124 = ORIENTED_EDGE('',*,*,#5125,.F.);
#5125 = EDGE_CURVE('',#4956,#5101,#5126,.T.);
#5126 = LINE('',#5127,#5128);
#5127 = CARTESIAN_POINT('',(0.6,-0.585,4.E-02));
#5128 = VECTOR('',#5129,1.);
#5129 = DIRECTION('',(0.,0.,1.));
#5130 = ORIENTED_EDGE('',*,*,#4964,.F.);
#5131 = ORIENTED_EDGE('',*,*,#4881,.T.);
#5132 = ORIENTED_EDGE('',*,*,#5100,.T.);
#5133 = PLANE('',#5134);
#5134 = AXIS2_PLACEMENT_3D('',#5135,#5136,#5137);
#5135 = CARTESIAN_POINT('',(-0.6,-0.585,4.E-02));
#5136 = DIRECTION('',(0.,1.,0.));
#5137 = DIRECTION('',(0.,-0.,1.));
#5138 = ADVANCED_FACE('',(#5139,#5209),#5219,.F.);
#5139 = FACE_BOUND('',#5140,.F.);
#5140 = EDGE_LOOP('',(#5141,#5151,#5160,#5168,#5177,#5185,#5194,#5202));
#5141 = ORIENTED_EDGE('',*,*,#5142,.F.);
#5142 = EDGE_CURVE('',#5143,#5145,#5147,.T.);
#5143 = VERTEX_POINT('',#5144);
#5144 = CARTESIAN_POINT('',(0.6,-0.625,4.E-02));
#5145 = VERTEX_POINT('',#5146);
#5146 = CARTESIAN_POINT('',(0.6,-0.625,1.21));
#5147 = LINE('',#5148,#5149);
#5148 = CARTESIAN_POINT('',(0.6,-0.625,0.));
#5149 = VECTOR('',#5150,1.);
#5150 = DIRECTION('',(0.,0.,1.));
#5151 = ORIENTED_EDGE('',*,*,#5152,.T.);
#5152 = EDGE_CURVE('',#5143,#5153,#5155,.T.);
#5153 = VERTEX_POINT('',#5154);
#5154 = CARTESIAN_POINT('',(0.6,-0.585,0.));
#5155 = CIRCLE('',#5156,4.E-02);
#5156 = AXIS2_PLACEMENT_3D('',#5157,#5158,#5159);
#5157 = CARTESIAN_POINT('',(0.6,-0.585,4.E-02));
#5158 = DIRECTION('',(1.,0.,-0.));
#5159 = DIRECTION('',(0.,0.,1.));
#5160 = ORIENTED_EDGE('',*,*,#5161,.T.);
#5161 = EDGE_CURVE('',#5153,#5162,#5164,.T.);
#5162 = VERTEX_POINT('',#5163);
#5163 = CARTESIAN_POINT('',(0.6,0.585,0.));
#5164 = LINE('',#5165,#5166);
#5165 = CARTESIAN_POINT('',(0.6,-0.625,0.));
#5166 = VECTOR('',#5167,1.);
#5167 = DIRECTION('',(0.,1.,0.));
#5168 = ORIENTED_EDGE('',*,*,#5169,.F.);
#5169 = EDGE_CURVE('',#5170,#5162,#5172,.T.);
#5170 = VERTEX_POINT('',#5171);
#5171 = CARTESIAN_POINT('',(0.6,0.625,4.E-02));
#5172 = CIRCLE('',#5173,4.E-02);
#5173 = AXIS2_PLACEMENT_3D('',#5174,#5175,#5176);
#5174 = CARTESIAN_POINT('',(0.6,0.585,4.E-02));
#5175 = DIRECTION('',(-1.,0.,0.));
#5176 = DIRECTION('',(0.,0.,1.));
#5177 = ORIENTED_EDGE('',*,*,#5178,.T.);
#5178 = EDGE_CURVE('',#5170,#5179,#5181,.T.);
#5179 = VERTEX_POINT('',#5180);
#5180 = CARTESIAN_POINT('',(0.6,0.625,1.21));
#5181 = LINE('',#5182,#5183);
#5182 = CARTESIAN_POINT('',(0.6,0.625,0.));
#5183 = VECTOR('',#5184,1.);
#5184 = DIRECTION('',(0.,0.,1.));
#5185 = ORIENTED_EDGE('',*,*,#5186,.T.);
#5186 = EDGE_CURVE('',#5179,#5187,#5189,.T.);
#5187 = VERTEX_POINT('',#5188);
#5188 = CARTESIAN_POINT('',(0.6,0.585,1.25));
#5189 = CIRCLE('',#5190,4.E-02);
#5190 = AXIS2_PLACEMENT_3D('',#5191,#5192,#5193);
#5191 = CARTESIAN_POINT('',(0.6,0.585,1.21));
#5192 = DIRECTION('',(1.,0.,-0.));
#5193 = DIRECTION('',(0.,0.,1.));
#5194 = ORIENTED_EDGE('',*,*,#5195,.F.);
#5195 = EDGE_CURVE('',#5196,#5187,#5198,.T.);
#5196 = VERTEX_POINT('',#5197);
#5197 = CARTESIAN_POINT('',(0.6,-0.585,1.25));
#5198 = LINE('',#5199,#5200);
#5199 = CARTESIAN_POINT('',(0.6,-0.625,1.25));
#5200 = VECTOR('',#5201,1.);
#5201 = DIRECTION('',(0.,1.,0.));
#5202 = ORIENTED_EDGE('',*,*,#5203,.F.);
#5203 = EDGE_CURVE('',#5145,#5196,#5204,.T.);
#5204 = CIRCLE('',#5205,4.E-02);
#5205 = AXIS2_PLACEMENT_3D('',#5206,#5207,#5208);
#5206 = CARTESIAN_POINT('',(0.6,-0.585,1.21));
#5207 = DIRECTION('',(-1.,0.,0.));
#5208 = DIRECTION('',(0.,0.,1.));
#5209 = FACE_BOUND('',#5210,.F.);
#5210 = EDGE_LOOP('',(#5211,#5212,#5213,#5214,#5215,#5216,#5217,#5218));
#5211 = ORIENTED_EDGE('',*,*,#4955,.F.);
#5212 = ORIENTED_EDGE('',*,*,#5125,.T.);
#5213 = ORIENTED_EDGE('',*,*,#5108,.T.);
#5214 = ORIENTED_EDGE('',*,*,#5085,.T.);
#5215 = ORIENTED_EDGE('',*,*,#5060,.F.);
#5216 = ORIENTED_EDGE('',*,*,#5027,.F.);
#5217 = ORIENTED_EDGE('',*,*,#5010,.T.);
#5218 = ORIENTED_EDGE('',*,*,#4980,.F.);
#5219 = PLANE('',#5220);
#5220 = AXIS2_PLACEMENT_3D('',#5221,#5222,#5223);
#5221 = CARTESIAN_POINT('',(0.6,-0.625,0.));
#5222 = DIRECTION('',(1.,0.,0.));
#5223 = DIRECTION('',(0.,0.,1.));
#5224 = ADVANCED_FACE('',(#5225),#5250,.F.);
#5225 = FACE_BOUND('',#5226,.F.);
#5226 = EDGE_LOOP('',(#5227,#5237,#5243,#5244));
#5227 = ORIENTED_EDGE('',*,*,#5228,.F.);
#5228 = EDGE_CURVE('',#5229,#5231,#5233,.T.);
#5229 = VERTEX_POINT('',#5230);
#5230 = CARTESIAN_POINT('',(1.,-0.625,4.E-02));
#5231 = VERTEX_POINT('',#5232);
#5232 = CARTESIAN_POINT('',(1.,-0.625,1.21));
#5233 = LINE('',#5234,#5235);
#5234 = CARTESIAN_POINT('',(1.,-0.625,0.));
#5235 = VECTOR('',#5236,1.);
#5236 = DIRECTION('',(0.,0.,1.));
#5237 = ORIENTED_EDGE('',*,*,#5238,.F.);
#5238 = EDGE_CURVE('',#5143,#5229,#5239,.T.);
#5239 = LINE('',#5240,#5241);
#5240 = CARTESIAN_POINT('',(0.6,-0.625,4.E-02));
#5241 = VECTOR('',#5242,1.);
#5242 = DIRECTION('',(1.,0.,0.));
#5243 = ORIENTED_EDGE('',*,*,#5142,.T.);
#5244 = ORIENTED_EDGE('',*,*,#5245,.T.);
#5245 = EDGE_CURVE('',#5145,#5231,#5246,.T.);
#5246 = LINE('',#5247,#5248);
#5247 = CARTESIAN_POINT('',(0.6,-0.625,1.21));
#5248 = VECTOR('',#5249,1.);
#5249 = DIRECTION('',(1.,0.,0.));
#5250 = PLANE('',#5251);
#5251 = AXIS2_PLACEMENT_3D('',#5252,#5253,#5254);
#5252 = CARTESIAN_POINT('',(0.6,-0.625,0.));
#5253 = DIRECTION('',(0.,1.,0.));
#5254 = DIRECTION('',(0.,-0.,1.));
#5255 = ADVANCED_FACE('',(#5256),#5275,.T.);
#5256 = FACE_BOUND('',#5257,.T.);
#5257 = EDGE_LOOP('',(#5258,#5259,#5267,#5274));
#5258 = ORIENTED_EDGE('',*,*,#5152,.T.);
#5259 = ORIENTED_EDGE('',*,*,#5260,.T.);
#5260 = EDGE_CURVE('',#5153,#5261,#5263,.T.);
#5261 = VERTEX_POINT('',#5262);
#5262 = CARTESIAN_POINT('',(1.,-0.585,0.));
#5263 = LINE('',#5264,#5265);
#5264 = CARTESIAN_POINT('',(0.6,-0.585,0.));
#5265 = VECTOR('',#5266,1.);
#5266 = DIRECTION('',(1.,0.,0.));
#5267 = ORIENTED_EDGE('',*,*,#5268,.F.);
#5268 = EDGE_CURVE('',#5229,#5261,#5269,.T.);
#5269 = CIRCLE('',#5270,4.E-02);
#5270 = AXIS2_PLACEMENT_3D('',#5271,#5272,#5273);
#5271 = CARTESIAN_POINT('',(1.,-0.585,4.E-02));
#5272 = DIRECTION('',(1.,0.,-0.));
#5273 = DIRECTION('',(0.,0.,1.));
#5274 = ORIENTED_EDGE('',*,*,#5238,.F.);
#5275 = CYLINDRICAL_SURFACE('',#5276,4.E-02);
#5276 = AXIS2_PLACEMENT_3D('',#5277,#5278,#5279);
#5277 = CARTESIAN_POINT('',(0.6,-0.585,4.E-02));
#5278 = DIRECTION('',(1.,0.,0.));
#5279 = DIRECTION('',(0.,-1.,0.));
#5280 = ADVANCED_FACE('',(#5281),#5300,.T.);
#5281 = FACE_BOUND('',#5282,.T.);
#5282 = EDGE_LOOP('',(#5283,#5284,#5293,#5299));
#5283 = ORIENTED_EDGE('',*,*,#5245,.T.);
#5284 = ORIENTED_EDGE('',*,*,#5285,.T.);
#5285 = EDGE_CURVE('',#5231,#5286,#5288,.T.);
#5286 = VERTEX_POINT('',#5287);
#5287 = CARTESIAN_POINT('',(1.,-0.585,1.25));
#5288 = CIRCLE('',#5289,4.E-02);
#5289 = AXIS2_PLACEMENT_3D('',#5290,#5291,#5292);
#5290 = CARTESIAN_POINT('',(1.,-0.585,1.21));
#5291 = DIRECTION('',(-1.,0.,0.));
#5292 = DIRECTION('',(0.,0.,1.));
#5293 = ORIENTED_EDGE('',*,*,#5294,.F.);
#5294 = EDGE_CURVE('',#5196,#5286,#5295,.T.);
#5295 = LINE('',#5296,#5297);
#5296 = CARTESIAN_POINT('',(0.6,-0.585,1.25));
#5297 = VECTOR('',#5298,1.);
#5298 = DIRECTION('',(1.,0.,0.));
#5299 = ORIENTED_EDGE('',*,*,#5203,.F.);
#5300 = CYLINDRICAL_SURFACE('',#5301,4.E-02);
#5301 = AXIS2_PLACEMENT_3D('',#5302,#5303,#5304);
#5302 = CARTESIAN_POINT('',(0.6,-0.585,1.21));
#5303 = DIRECTION('',(1.,0.,0.));
#5304 = DIRECTION('',(0.,-1.,0.));
#5305 = ADVANCED_FACE('',(#5306),#5324,.F.);
#5306 = FACE_BOUND('',#5307,.F.);
#5307 = EDGE_LOOP('',(#5308,#5309,#5310,#5318));
#5308 = ORIENTED_EDGE('',*,*,#5161,.F.);
#5309 = ORIENTED_EDGE('',*,*,#5260,.T.);
#5310 = ORIENTED_EDGE('',*,*,#5311,.T.);
#5311 = EDGE_CURVE('',#5261,#5312,#5314,.T.);
#5312 = VERTEX_POINT('',#5313);
#5313 = CARTESIAN_POINT('',(1.,0.585,0.));
#5314 = LINE('',#5315,#5316);
#5315 = CARTESIAN_POINT('',(1.,-0.625,0.));
#5316 = VECTOR('',#5317,1.);
#5317 = DIRECTION('',(0.,1.,0.));
#5318 = ORIENTED_EDGE('',*,*,#5319,.F.);
#5319 = EDGE_CURVE('',#5162,#5312,#5320,.T.);
#5320 = LINE('',#5321,#5322);
#5321 = CARTESIAN_POINT('',(0.6,0.585,0.));
#5322 = VECTOR('',#5323,1.);
#5323 = DIRECTION('',(1.,0.,0.));
#5324 = PLANE('',#5325);
#5325 = AXIS2_PLACEMENT_3D('',#5326,#5327,#5328);
#5326 = CARTESIAN_POINT('',(0.6,-0.625,0.));
#5327 = DIRECTION('',(0.,0.,1.));
#5328 = DIRECTION('',(1.,0.,-0.));
#5329 = ADVANCED_FACE('',(#5330),#5348,.T.);
#5330 = FACE_BOUND('',#5331,.T.);
#5331 = EDGE_LOOP('',(#5332,#5333,#5334,#5342));
#5332 = ORIENTED_EDGE('',*,*,#5195,.F.);
#5333 = ORIENTED_EDGE('',*,*,#5294,.T.);
#5334 = ORIENTED_EDGE('',*,*,#5335,.T.);
#5335 = EDGE_CURVE('',#5286,#5336,#5338,.T.);
#5336 = VERTEX_POINT('',#5337);
#5337 = CARTESIAN_POINT('',(1.,0.585,1.25));
#5338 = LINE('',#5339,#5340);
#5339 = CARTESIAN_POINT('',(1.,-0.625,1.25));
#5340 = VECTOR('',#5341,1.);
#5341 = DIRECTION('',(0.,1.,0.));
#5342 = ORIENTED_EDGE('',*,*,#5343,.F.);
#5343 = EDGE_CURVE('',#5187,#5336,#5344,.T.);
#5344 = LINE('',#5345,#5346);
#5345 = CARTESIAN_POINT('',(0.6,0.585,1.25));
#5346 = VECTOR('',#5347,1.);
#5347 = DIRECTION('',(1.,0.,0.));
#5348 = PLANE('',#5349);
#5349 = AXIS2_PLACEMENT_3D('',#5350,#5351,#5352);
#5350 = CARTESIAN_POINT('',(0.6,-0.625,1.25));
#5351 = DIRECTION('',(0.,0.,1.));
#5352 = DIRECTION('',(1.,0.,-0.));
#5353 = ADVANCED_FACE('',(#5354),#5373,.T.);
#5354 = FACE_BOUND('',#5355,.T.);
#5355 = EDGE_LOOP('',(#5356,#5364,#5371,#5372));
#5356 = ORIENTED_EDGE('',*,*,#5357,.T.);
#5357 = EDGE_CURVE('',#5170,#5358,#5360,.T.);
#5358 = VERTEX_POINT('',#5359);
#5359 = CARTESIAN_POINT('',(1.,0.625,4.E-02));
#5360 = LINE('',#5361,#5362);
#5361 = CARTESIAN_POINT('',(0.6,0.625,4.E-02));
#5362 = VECTOR('',#5363,1.);
#5363 = DIRECTION('',(1.,0.,0.));
#5364 = ORIENTED_EDGE('',*,*,#5365,.T.);
#5365 = EDGE_CURVE('',#5358,#5312,#5366,.T.);
#5366 = CIRCLE('',#5367,4.E-02);
#5367 = AXIS2_PLACEMENT_3D('',#5368,#5369,#5370);
#5368 = CARTESIAN_POINT('',(1.,0.585,4.E-02));
#5369 = DIRECTION('',(-1.,0.,0.));
#5370 = DIRECTION('',(0.,0.,1.));
#5371 = ORIENTED_EDGE('',*,*,#5319,.F.);
#5372 = ORIENTED_EDGE('',*,*,#5169,.F.);
#5373 = CYLINDRICAL_SURFACE('',#5374,4.E-02);
#5374 = AXIS2_PLACEMENT_3D('',#5375,#5376,#5377);
#5375 = CARTESIAN_POINT('',(0.6,0.585,4.E-02));
#5376 = DIRECTION('',(1.,0.,0.));
#5377 = DIRECTION('',(-0.,1.,0.));
#5378 = ADVANCED_FACE('',(#5379),#5398,.T.);
#5379 = FACE_BOUND('',#5380,.T.);
#5380 = EDGE_LOOP('',(#5381,#5382,#5383,#5392));
#5381 = ORIENTED_EDGE('',*,*,#5186,.T.);
#5382 = ORIENTED_EDGE('',*,*,#5343,.T.);
#5383 = ORIENTED_EDGE('',*,*,#5384,.F.);
#5384 = EDGE_CURVE('',#5385,#5336,#5387,.T.);
#5385 = VERTEX_POINT('',#5386);
#5386 = CARTESIAN_POINT('',(1.,0.625,1.21));
#5387 = CIRCLE('',#5388,4.E-02);
#5388 = AXIS2_PLACEMENT_3D('',#5389,#5390,#5391);
#5389 = CARTESIAN_POINT('',(1.,0.585,1.21));
#5390 = DIRECTION('',(1.,0.,-0.));
#5391 = DIRECTION('',(0.,0.,1.));
#5392 = ORIENTED_EDGE('',*,*,#5393,.F.);
#5393 = EDGE_CURVE('',#5179,#5385,#5394,.T.);
#5394 = LINE('',#5395,#5396);
#5395 = CARTESIAN_POINT('',(0.6,0.625,1.21));
#5396 = VECTOR('',#5397,1.);
#5397 = DIRECTION('',(1.,0.,0.));
#5398 = CYLINDRICAL_SURFACE('',#5399,4.E-02);
#5399 = AXIS2_PLACEMENT_3D('',#5400,#5401,#5402);
#5400 = CARTESIAN_POINT('',(0.6,0.585,1.21));
#5401 = DIRECTION('',(1.,0.,0.));
#5402 = DIRECTION('',(-0.,1.,0.));
#5403 = ADVANCED_FACE('',(#5404),#5415,.T.);
#5404 = FACE_BOUND('',#5405,.T.);
#5405 = EDGE_LOOP('',(#5406,#5412,#5413,#5414));
#5406 = ORIENTED_EDGE('',*,*,#5407,.F.);
#5407 = EDGE_CURVE('',#5358,#5385,#5408,.T.);
#5408 = LINE('',#5409,#5410);
#5409 = CARTESIAN_POINT('',(1.,0.625,0.));
#5410 = VECTOR('',#5411,1.);
#5411 = DIRECTION('',(0.,0.,1.));
#5412 = ORIENTED_EDGE('',*,*,#5357,.F.);
#5413 = ORIENTED_EDGE('',*,*,#5178,.T.);
#5414 = ORIENTED_EDGE('',*,*,#5393,.T.);
#5415 = PLANE('',#5416);
#5416 = AXIS2_PLACEMENT_3D('',#5417,#5418,#5419);
#5417 = CARTESIAN_POINT('',(0.6,0.625,0.));
#5418 = DIRECTION('',(0.,1.,0.));
#5419 = DIRECTION('',(0.,-0.,1.));
#5420 = ADVANCED_FACE('',(#5421),#5431,.T.);
#5421 = FACE_BOUND('',#5422,.T.);
#5422 = EDGE_LOOP('',(#5423,#5424,#5425,#5426,#5427,#5428,#5429,#5430));
#5423 = ORIENTED_EDGE('',*,*,#5228,.F.);
#5424 = ORIENTED_EDGE('',*,*,#5268,.T.);
#5425 = ORIENTED_EDGE('',*,*,#5311,.T.);
#5426 = ORIENTED_EDGE('',*,*,#5365,.F.);
#5427 = ORIENTED_EDGE('',*,*,#5407,.T.);
#5428 = ORIENTED_EDGE('',*,*,#5384,.T.);
#5429 = ORIENTED_EDGE('',*,*,#5335,.F.);
#5430 = ORIENTED_EDGE('',*,*,#5285,.F.);
#5431 = PLANE('',#5432);
#5432 = AXIS2_PLACEMENT_3D('',#5433,#5434,#5435);
#5433 = CARTESIAN_POINT('',(1.,-0.625,0.));
#5434 = DIRECTION('',(1.,0.,0.));
#5435 = DIRECTION('',(0.,0.,1.));
#5436 = ( GEOMETRIC_REPRESENTATION_CONTEXT(3) 
GLOBAL_UNCERTAINTY_ASSIGNED_CONTEXT((#5440)) 
GLOBAL_UNIT_ASSIGNED_CONTEXT((#5437,#5438,#5439)) REPRESENTATION_CONTEXT
('Context #1','3D Context with UNIT and UNCERTAINTY') );
#5437 = ( LENGTH_UNIT() NAMED_UNIT(*) SI_UNIT(.MILLI.,.METRE.) );
#5438 = ( NAMED_UNIT(*) PLANE_ANGLE_UNIT() SI_UNIT($,.RADIAN.) );
#5439 = ( NAMED_UNIT(*) SI_UNIT($,.STERADIAN.) SOLID_ANGLE_UNIT() );
#5440 = UNCERTAINTY_MEASURE_WITH_UNIT(LENGTH_MEASURE(1.E-07),#5437,
  'distance_accuracy_value','confusion accuracy');
#5441 = CONTEXT_DEPENDENT_SHAPE_REPRESENTATION(#5442,#5444);
#5442 = ( REPRESENTATION_RELATIONSHIP('','',#4581,#4558) 
REPRESENTATION_RELATIONSHIP_WITH_TRANSFORMATION(#5443) 
SHAPE_REPRESENTATION_RELATIONSHIP() );
#5443 = ITEM_DEFINED_TRANSFORMATION('','',#11,#4559);
#5444 = PRODUCT_DEFINITION_SHAPE('Placement','Placement of an item',
  #5445);
#5445 = NEXT_ASSEMBLY_USAGE_OCCURRENCE('3','=>[0:1:1:5]','',#4553,#4576,
  $);
#5446 = PRODUCT_RELATED_PRODUCT_CATEGORY('part',$,(#4578));
#5447 = SHAPE_DEFINITION_REPRESENTATION(#5448,#5454);
#5448 = PRODUCT_DEFINITION_SHAPE('','',#5449);
#5449 = PRODUCT_DEFINITION('design','',#5450,#5453);
#5450 = PRODUCT_DEFINITION_FORMATION('','',#5451);
#5451 = PRODUCT('L_Coilcraft_XAL4020-XXX','L_Coilcraft_XAL4020-XXX','',(
    #5452));
#5452 = PRODUCT_CONTEXT('',#2,'mechanical');
#5453 = PRODUCT_DEFINITION_CONTEXT('part definition',#2,'design');
#5454 = SHAPE_REPRESENTATION('',(#11,#5455),#5459);
#5455 = AXIS2_PLACEMENT_3D('',#5456,#5457,#5458);
#5456 = CARTESIAN_POINT('',(0.,0.,0.));
#5457 = DIRECTION('',(0.,0.,1.));
#5458 = DIRECTION('',(1.,0.,-0.));
#5459 = ( GEOMETRIC_REPRESENTATION_CONTEXT(3) 
GLOBAL_UNCERTAINTY_ASSIGNED_CONTEXT((#5463)) 
GLOBAL_UNIT_ASSIGNED_CONTEXT((#5460,#5461,#5462)) REPRESENTATION_CONTEXT
('Context #1','3D Context with UNIT and UNCERTAINTY') );
#5460 = ( LENGTH_UNIT() NAMED_UNIT(*) SI_UNIT(.MILLI.,.METRE.) );
#5461 = ( NAMED_UNIT(*) PLANE_ANGLE_UNIT() SI_UNIT($,.RADIAN.) );
#5462 = ( NAMED_UNIT(*) SI_UNIT($,.STERADIAN.) SOLID_ANGLE_UNIT() );
#5463 = UNCERTAINTY_MEASURE_WITH_UNIT(LENGTH_MEASURE(1.E-07),#5460,
  'distance_accuracy_value','confusion accuracy');
#5464 = CONTEXT_DEPENDENT_SHAPE_REPRESENTATION(#5465,#5467);
#5465 = ( REPRESENTATION_RELATIONSHIP('','',#5454,#10) 
REPRESENTATION_RELATIONSHIP_WITH_TRANSFORMATION(#5466) 
SHAPE_REPRESENTATION_RELATIONSHIP() );
#5466 = ITEM_DEFINED_TRANSFORMATION('','',#11,#23);
#5467 = PRODUCT_DEFINITION_SHAPE('Placement','Placement of an item',
  #5468);
#5468 = NEXT_ASSEMBLY_USAGE_OCCURRENCE('6','L1','',#5,#5449,$);
#5469 = PRODUCT_RELATED_PRODUCT_CATEGORY('part',$,(#5451));
#5470 = SHAPE_DEFINITION_REPRESENTATION(#5471,#5477);
#5471 = PRODUCT_DEFINITION_SHAPE('','',#5472);
#5472 = PRODUCT_DEFINITION('design','',#5473,#5476);
#5473 = PRODUCT_DEFINITION_FORMATION('','',#5474);
#5474 = PRODUCT('L_Coilcraft_XAL4020-XXX','L_Coilcraft_XAL4020-XXX','',(
    #5475));
#5475 = PRODUCT_CONTEXT('',#2,'mechanical');
#5476 = PRODUCT_DEFINITION_CONTEXT('part definition',#2,'design');
#5477 = ADVANCED_BREP_SHAPE_REPRESENTATION('',(#11,#5478),#6024);
#5478 = MANIFOLD_SOLID_BREP('',#5479);
#5479 = CLOSED_SHELL('',(#5480,#5520,#5553,#5586,#5713,#5738,#5755,#5779
    ,#5810,#5827,#5851,#5876,#5901,#5918,#5930,#5942,#5960,#5978,#6002,
    #6013));
#5480 = ADVANCED_FACE('',(#5481),#5515,.F.);
#5481 = FACE_BOUND('',#5482,.F.);
#5482 = EDGE_LOOP('',(#5483,#5493,#5501,#5509));
#5483 = ORIENTED_EDGE('',*,*,#5484,.F.);
#5484 = EDGE_CURVE('',#5485,#5487,#5489,.T.);
#5485 = VERTEX_POINT('',#5486);
#5486 = CARTESIAN_POINT('',(-2.15,-1.935,0.));
#5487 = VERTEX_POINT('',#5488);
#5488 = CARTESIAN_POINT('',(-2.15,-1.935,1.885));
#5489 = LINE('',#5490,#5491);
#5490 = CARTESIAN_POINT('',(-2.15,-1.935,0.));
#5491 = VECTOR('',#5492,1.);
#5492 = DIRECTION('',(0.,0.,1.));
#5493 = ORIENTED_EDGE('',*,*,#5494,.T.);
#5494 = EDGE_CURVE('',#5485,#5495,#5497,.T.);
#5495 = VERTEX_POINT('',#5496);
#5496 = CARTESIAN_POINT('',(-2.15,1.935,0.));
#5497 = LINE('',#5498,#5499);
#5498 = CARTESIAN_POINT('',(-2.15,-2.15,0.));
#5499 = VECTOR('',#5500,1.);
#5500 = DIRECTION('',(0.,1.,0.));
#5501 = ORIENTED_EDGE('',*,*,#5502,.T.);
#5502 = EDGE_CURVE('',#5495,#5503,#5505,.T.);
#5503 = VERTEX_POINT('',#5504);
#5504 = CARTESIAN_POINT('',(-2.15,1.935,1.885));
#5505 = LINE('',#5506,#5507);
#5506 = CARTESIAN_POINT('',(-2.15,1.935,0.));
#5507 = VECTOR('',#5508,1.);
#5508 = DIRECTION('',(0.,0.,1.));
#5509 = ORIENTED_EDGE('',*,*,#5510,.F.);
#5510 = EDGE_CURVE('',#5487,#5503,#5511,.T.);
#5511 = LINE('',#5512,#5513);
#5512 = CARTESIAN_POINT('',(-2.15,-1.935,1.885));
#5513 = VECTOR('',#5514,1.);
#5514 = DIRECTION('',(0.,1.,0.));
#5515 = PLANE('',#5516);
#5516 = AXIS2_PLACEMENT_3D('',#5517,#5518,#5519);
#5517 = CARTESIAN_POINT('',(-2.15,-2.15,0.));
#5518 = DIRECTION('',(1.,0.,0.));
#5519 = DIRECTION('',(0.,0.,1.));
#5520 = ADVANCED_FACE('',(#5521),#5548,.T.);
#5521 = FACE_BOUND('',#5522,.T.);
#5522 = EDGE_LOOP('',(#5523,#5524,#5533,#5541));
#5523 = ORIENTED_EDGE('',*,*,#5484,.F.);
#5524 = ORIENTED_EDGE('',*,*,#5525,.T.);
#5525 = EDGE_CURVE('',#5485,#5526,#5528,.T.);
#5526 = VERTEX_POINT('',#5527);
#5527 = CARTESIAN_POINT('',(-1.935,-2.15,0.));
#5528 = CIRCLE('',#5529,0.215);
#5529 = AXIS2_PLACEMENT_3D('',#5530,#5531,#5532);
#5530 = CARTESIAN_POINT('',(-1.935,-1.935,0.));
#5531 = DIRECTION('',(-0.,0.,1.));
#5532 = DIRECTION('',(0.,-1.,0.));
#5533 = ORIENTED_EDGE('',*,*,#5534,.T.);
#5534 = EDGE_CURVE('',#5526,#5535,#5537,.T.);
#5535 = VERTEX_POINT('',#5536);
#5536 = CARTESIAN_POINT('',(-1.935,-2.15,1.885));
#5537 = LINE('',#5538,#5539);
#5538 = CARTESIAN_POINT('',(-1.935,-2.15,0.));
#5539 = VECTOR('',#5540,1.);
#5540 = DIRECTION('',(0.,0.,1.));
#5541 = ORIENTED_EDGE('',*,*,#5542,.T.);
#5542 = EDGE_CURVE('',#5535,#5487,#5543,.T.);
#5543 = CIRCLE('',#5544,0.215);
#5544 = AXIS2_PLACEMENT_3D('',#5545,#5546,#5547);
#5545 = CARTESIAN_POINT('',(-1.935,-1.935,1.885));
#5546 = DIRECTION('',(-0.,-0.,-1.));
#5547 = DIRECTION('',(0.,-1.,0.));
#5548 = CYLINDRICAL_SURFACE('',#5549,0.215);
#5549 = AXIS2_PLACEMENT_3D('',#5550,#5551,#5552);
#5550 = CARTESIAN_POINT('',(-1.935,-1.935,0.));
#5551 = DIRECTION('',(0.,0.,1.));
#5552 = DIRECTION('',(-1.,0.,0.));
#5553 = ADVANCED_FACE('',(#5554),#5581,.T.);
#5554 = FACE_BOUND('',#5555,.T.);
#5555 = EDGE_LOOP('',(#5556,#5565,#5573,#5580));
#5556 = ORIENTED_EDGE('',*,*,#5557,.T.);
#5557 = EDGE_CURVE('',#5487,#5558,#5560,.T.);
#5558 = VERTEX_POINT('',#5559);
#5559 = CARTESIAN_POINT('',(-1.935,-1.935,2.1));
#5560 = CIRCLE('',#5561,0.215);
#5561 = AXIS2_PLACEMENT_3D('',#5562,#5563,#5564);
#5562 = CARTESIAN_POINT('',(-1.935,-1.935,1.885));
#5563 = DIRECTION('',(0.,1.,-0.));
#5564 = DIRECTION('',(-1.,0.,0.));
#5565 = ORIENTED_EDGE('',*,*,#5566,.T.);
#5566 = EDGE_CURVE('',#5558,#5567,#5569,.T.);
#5567 = VERTEX_POINT('',#5568);
#5568 = CARTESIAN_POINT('',(-1.935,1.935,2.1));
#5569 = LINE('',#5570,#5571);
#5570 = CARTESIAN_POINT('',(-1.935,-1.935,2.1));
#5571 = VECTOR('',#5572,1.);
#5572 = DIRECTION('',(0.,1.,0.));
#5573 = ORIENTED_EDGE('',*,*,#5574,.F.);
#5574 = EDGE_CURVE('',#5503,#5567,#5575,.T.);
#5575 = CIRCLE('',#5576,0.215);
#5576 = AXIS2_PLACEMENT_3D('',#5577,#5578,#5579);
#5577 = CARTESIAN_POINT('',(-1.935,1.935,1.885));
#5578 = DIRECTION('',(0.,1.,-0.));
#5579 = DIRECTION('',(-1.,0.,0.));
#5580 = ORIENTED_EDGE('',*,*,#5510,.F.);
#5581 = CYLINDRICAL_SURFACE('',#5582,0.215);
#5582 = AXIS2_PLACEMENT_3D('',#5583,#5584,#5585);
#5583 = CARTESIAN_POINT('',(-1.935,-1.935,1.885));
#5584 = DIRECTION('',(0.,1.,0.));
#5585 = DIRECTION('',(-1.,0.,0.));
#5586 = ADVANCED_FACE('',(#5587,#5640,#5674),#5708,.F.);
#5587 = FACE_BOUND('',#5588,.F.);
#5588 = EDGE_LOOP('',(#5589,#5590,#5591,#5599,#5608,#5616,#5625,#5633));
#5589 = ORIENTED_EDGE('',*,*,#5494,.F.);
#5590 = ORIENTED_EDGE('',*,*,#5525,.T.);
#5591 = ORIENTED_EDGE('',*,*,#5592,.T.);
#5592 = EDGE_CURVE('',#5526,#5593,#5595,.T.);
#5593 = VERTEX_POINT('',#5594);
#5594 = CARTESIAN_POINT('',(1.935,-2.15,0.));
#5595 = LINE('',#5596,#5597);
#5596 = CARTESIAN_POINT('',(-2.15,-2.15,0.));
#5597 = VECTOR('',#5598,1.);
#5598 = DIRECTION('',(1.,0.,0.));
#5599 = ORIENTED_EDGE('',*,*,#5600,.F.);
#5600 = EDGE_CURVE('',#5601,#5593,#5603,.T.);
#5601 = VERTEX_POINT('',#5602);
#5602 = CARTESIAN_POINT('',(2.15,-1.935,0.));
#5603 = CIRCLE('',#5604,0.215);
#5604 = AXIS2_PLACEMENT_3D('',#5605,#5606,#5607);
#5605 = CARTESIAN_POINT('',(1.935,-1.935,0.));
#5606 = DIRECTION('',(-0.,-0.,-1.));
#5607 = DIRECTION('',(0.,-1.,0.));
#5608 = ORIENTED_EDGE('',*,*,#5609,.T.);
#5609 = EDGE_CURVE('',#5601,#5610,#5612,.T.);
#5610 = VERTEX_POINT('',#5611);
#5611 = CARTESIAN_POINT('',(2.15,1.935,0.));
#5612 = LINE('',#5613,#5614);
#5613 = CARTESIAN_POINT('',(2.15,-2.15,0.));
#5614 = VECTOR('',#5615,1.);
#5615 = DIRECTION('',(0.,1.,0.));
#5616 = ORIENTED_EDGE('',*,*,#5617,.T.);
#5617 = EDGE_CURVE('',#5610,#5618,#5620,.T.);
#5618 = VERTEX_POINT('',#5619);
#5619 = CARTESIAN_POINT('',(1.935,2.15,0.));
#5620 = CIRCLE('',#5621,0.215);
#5621 = AXIS2_PLACEMENT_3D('',#5622,#5623,#5624);
#5622 = CARTESIAN_POINT('',(1.935,1.935,0.));
#5623 = DIRECTION('',(-0.,0.,1.));
#5624 = DIRECTION('',(0.,-1.,0.));
#5625 = ORIENTED_EDGE('',*,*,#5626,.F.);
#5626 = EDGE_CURVE('',#5627,#5618,#5629,.T.);
#5627 = VERTEX_POINT('',#5628);
#5628 = CARTESIAN_POINT('',(-1.935,2.15,0.));
#5629 = LINE('',#5630,#5631);
#5630 = CARTESIAN_POINT('',(-2.15,2.15,0.));
#5631 = VECTOR('',#5632,1.);
#5632 = DIRECTION('',(1.,0.,0.));
#5633 = ORIENTED_EDGE('',*,*,#5634,.F.);
#5634 = EDGE_CURVE('',#5495,#5627,#5635,.T.);
#5635 = CIRCLE('',#5636,0.215);
#5636 = AXIS2_PLACEMENT_3D('',#5637,#5638,#5639);
#5637 = CARTESIAN_POINT('',(-1.935,1.935,0.));
#5638 = DIRECTION('',(-0.,-0.,-1.));
#5639 = DIRECTION('',(0.,-1.,0.));
#5640 = FACE_BOUND('',#5641,.F.);
#5641 = EDGE_LOOP('',(#5642,#5652,#5660,#5668));
#5642 = ORIENTED_EDGE('',*,*,#5643,.T.);
#5643 = EDGE_CURVE('',#5644,#5646,#5648,.T.);
#5644 = VERTEX_POINT('',#5645);
#5645 = CARTESIAN_POINT('',(-1.605,-1.625,0.));
#5646 = VERTEX_POINT('',#5647);
#5647 = CARTESIAN_POINT('',(-1.605,1.625,0.));
#5648 = LINE('',#5649,#5650);
#5649 = CARTESIAN_POINT('',(-1.605,-1.625,0.));
#5650 = VECTOR('',#5651,1.);
#5651 = DIRECTION('',(0.,1.,0.));
#5652 = ORIENTED_EDGE('',*,*,#5653,.T.);
#5653 = EDGE_CURVE('',#5646,#5654,#5656,.T.);
#5654 = VERTEX_POINT('',#5655);
#5655 = CARTESIAN_POINT('',(-0.785,1.625,0.));
#5656 = LINE('',#5657,#5658);
#5657 = CARTESIAN_POINT('',(-1.605,1.625,0.));
#5658 = VECTOR('',#5659,1.);
#5659 = DIRECTION('',(1.,0.,0.));
#5660 = ORIENTED_EDGE('',*,*,#5661,.F.);
#5661 = EDGE_CURVE('',#5662,#5654,#5664,.T.);
#5662 = VERTEX_POINT('',#5663);
#5663 = CARTESIAN_POINT('',(-0.785,-1.625,0.));
#5664 = LINE('',#5665,#5666);
#5665 = CARTESIAN_POINT('',(-0.785,-1.625,0.));
#5666 = VECTOR('',#5667,1.);
#5667 = DIRECTION('',(0.,1.,0.));
#5668 = ORIENTED_EDGE('',*,*,#5669,.F.);
#5669 = EDGE_CURVE('',#5644,#5662,#5670,.T.);
#5670 = LINE('',#5671,#5672);
#5671 = CARTESIAN_POINT('',(-1.605,-1.625,0.));
#5672 = VECTOR('',#5673,1.);
#5673 = DIRECTION('',(1.,0.,0.));
#5674 = FACE_BOUND('',#5675,.F.);
#5675 = EDGE_LOOP('',(#5676,#5686,#5694,#5702));
#5676 = ORIENTED_EDGE('',*,*,#5677,.T.);
#5677 = EDGE_CURVE('',#5678,#5680,#5682,.T.);
#5678 = VERTEX_POINT('',#5679);
#5679 = CARTESIAN_POINT('',(0.785,-1.625,0.));
#5680 = VERTEX_POINT('',#5681);
#5681 = CARTESIAN_POINT('',(0.785,1.625,0.));
#5682 = LINE('',#5683,#5684);
#5683 = CARTESIAN_POINT('',(0.785,-1.625,0.));
#5684 = VECTOR('',#5685,1.);
#5685 = DIRECTION('',(0.,1.,0.));
#5686 = ORIENTED_EDGE('',*,*,#5687,.T.);
#5687 = EDGE_CURVE('',#5680,#5688,#5690,.T.);
#5688 = VERTEX_POINT('',#5689);
#5689 = CARTESIAN_POINT('',(1.605,1.625,0.));
#5690 = LINE('',#5691,#5692);
#5691 = CARTESIAN_POINT('',(0.785,1.625,0.));
#5692 = VECTOR('',#5693,1.);
#5693 = DIRECTION('',(1.,0.,0.));
#5694 = ORIENTED_EDGE('',*,*,#5695,.F.);
#5695 = EDGE_CURVE('',#5696,#5688,#5698,.T.);
#5696 = VERTEX_POINT('',#5697);
#5697 = CARTESIAN_POINT('',(1.605,-1.625,0.));
#5698 = LINE('',#5699,#5700);
#5699 = CARTESIAN_POINT('',(1.605,-1.625,0.));
#5700 = VECTOR('',#5701,1.);
#5701 = DIRECTION('',(0.,1.,0.));
#5702 = ORIENTED_EDGE('',*,*,#5703,.F.);
#5703 = EDGE_CURVE('',#5678,#5696,#5704,.T.);
#5704 = LINE('',#5705,#5706);
#5705 = CARTESIAN_POINT('',(0.785,-1.625,0.));
#5706 = VECTOR('',#5707,1.);
#5707 = DIRECTION('',(1.,0.,0.));
#5708 = PLANE('',#5709);
#5709 = AXIS2_PLACEMENT_3D('',#5710,#5711,#5712);
#5710 = CARTESIAN_POINT('',(-2.15,-2.15,0.));
#5711 = DIRECTION('',(0.,0.,1.));
#5712 = DIRECTION('',(1.,0.,-0.));
#5713 = ADVANCED_FACE('',(#5714),#5733,.T.);
#5714 = FACE_BOUND('',#5715,.T.);
#5715 = EDGE_LOOP('',(#5716,#5725,#5731,#5732));
#5716 = ORIENTED_EDGE('',*,*,#5717,.T.);
#5717 = EDGE_CURVE('',#5503,#5718,#5720,.T.);
#5718 = VERTEX_POINT('',#5719);
#5719 = CARTESIAN_POINT('',(-1.935,2.15,1.885));
#5720 = CIRCLE('',#5721,0.215);
#5721 = AXIS2_PLACEMENT_3D('',#5722,#5723,#5724);
#5722 = CARTESIAN_POINT('',(-1.935,1.935,1.885));
#5723 = DIRECTION('',(0.,0.,-1.));
#5724 = DIRECTION('',(-1.,0.,0.));
#5725 = ORIENTED_EDGE('',*,*,#5726,.F.);
#5726 = EDGE_CURVE('',#5627,#5718,#5727,.T.);
#5727 = LINE('',#5728,#5729);
#5728 = CARTESIAN_POINT('',(-1.935,2.15,0.));
#5729 = VECTOR('',#5730,1.);
#5730 = DIRECTION('',(0.,0.,1.));
#5731 = ORIENTED_EDGE('',*,*,#5634,.F.);
#5732 = ORIENTED_EDGE('',*,*,#5502,.T.);
#5733 = CYLINDRICAL_SURFACE('',#5734,0.215);
#5734 = AXIS2_PLACEMENT_3D('',#5735,#5736,#5737);
#5735 = CARTESIAN_POINT('',(-1.935,1.935,0.));
#5736 = DIRECTION('',(0.,0.,1.));
#5737 = DIRECTION('',(-1.,0.,0.));
#5738 = ADVANCED_FACE('',(#5739),#5750,.T.);
#5739 = FACE_BOUND('',#5740,.T.);
#5740 = EDGE_LOOP('',(#5741,#5742,#5743));
#5741 = ORIENTED_EDGE('',*,*,#5557,.F.);
#5742 = ORIENTED_EDGE('',*,*,#5542,.F.);
#5743 = ORIENTED_EDGE('',*,*,#5744,.T.);
#5744 = EDGE_CURVE('',#5535,#5558,#5745,.T.);
#5745 = CIRCLE('',#5746,0.215);
#5746 = AXIS2_PLACEMENT_3D('',#5747,#5748,#5749);
#5747 = CARTESIAN_POINT('',(-1.935,-1.935,1.885));
#5748 = DIRECTION('',(-1.,0.,0.));
#5749 = DIRECTION('',(0.,-1.,0.));
#5750 = SPHERICAL_SURFACE('',#5751,0.215);
#5751 = AXIS2_PLACEMENT_3D('',#5752,#5753,#5754);
#5752 = CARTESIAN_POINT('',(-1.935,-1.935,1.885));
#5753 = DIRECTION('',(0.,0.,1.));
#5754 = DIRECTION('',(0.,-1.,0.));
#5755 = ADVANCED_FACE('',(#5756),#5774,.F.);
#5756 = FACE_BOUND('',#5757,.F.);
#5757 = EDGE_LOOP('',(#5758,#5759,#5767,#5773));
#5758 = ORIENTED_EDGE('',*,*,#5534,.T.);
#5759 = ORIENTED_EDGE('',*,*,#5760,.F.);
#5760 = EDGE_CURVE('',#5761,#5535,#5763,.T.);
#5761 = VERTEX_POINT('',#5762);
#5762 = CARTESIAN_POINT('',(1.935,-2.15,1.885));
#5763 = LINE('',#5764,#5765);
#5764 = CARTESIAN_POINT('',(1.935,-2.15,1.885));
#5765 = VECTOR('',#5766,1.);
#5766 = DIRECTION('',(-1.,-0.,-0.));
#5767 = ORIENTED_EDGE('',*,*,#5768,.F.);
#5768 = EDGE_CURVE('',#5593,#5761,#5769,.T.);
#5769 = LINE('',#5770,#5771);
#5770 = CARTESIAN_POINT('',(1.935,-2.15,0.));
#5771 = VECTOR('',#5772,1.);
#5772 = DIRECTION('',(0.,0.,1.));
#5773 = ORIENTED_EDGE('',*,*,#5592,.F.);
#5774 = PLANE('',#5775);
#5775 = AXIS2_PLACEMENT_3D('',#5776,#5777,#5778);
#5776 = CARTESIAN_POINT('',(-2.15,-2.15,0.));
#5777 = DIRECTION('',(0.,1.,0.));
#5778 = DIRECTION('',(0.,-0.,1.));
#5779 = ADVANCED_FACE('',(#5780),#5805,.T.);
#5780 = FACE_BOUND('',#5781,.T.);
#5781 = EDGE_LOOP('',(#5782,#5783,#5791,#5799));
#5782 = ORIENTED_EDGE('',*,*,#5566,.F.);
#5783 = ORIENTED_EDGE('',*,*,#5784,.F.);
#5784 = EDGE_CURVE('',#5785,#5558,#5787,.T.);
#5785 = VERTEX_POINT('',#5786);
#5786 = CARTESIAN_POINT('',(1.935,-1.935,2.1));
#5787 = LINE('',#5788,#5789);
#5788 = CARTESIAN_POINT('',(1.935,-1.935,2.1));
#5789 = VECTOR('',#5790,1.);
#5790 = DIRECTION('',(-1.,-0.,-0.));
#5791 = ORIENTED_EDGE('',*,*,#5792,.F.);
#5792 = EDGE_CURVE('',#5793,#5785,#5795,.T.);
#5793 = VERTEX_POINT('',#5794);
#5794 = CARTESIAN_POINT('',(1.935,1.935,2.1));
#5795 = LINE('',#5796,#5797);
#5796 = CARTESIAN_POINT('',(1.935,1.935,2.1));
#5797 = VECTOR('',#5798,1.);
#5798 = DIRECTION('',(-0.,-1.,-0.));
#5799 = ORIENTED_EDGE('',*,*,#5800,.F.);
#5800 = EDGE_CURVE('',#5567,#5793,#5801,.T.);
#5801 = LINE('',#5802,#5803);
#5802 = CARTESIAN_POINT('',(-1.935,1.935,2.1));
#5803 = VECTOR('',#5804,1.);
#5804 = DIRECTION('',(1.,0.,0.));
#5805 = PLANE('',#5806);
#5806 = AXIS2_PLACEMENT_3D('',#5807,#5808,#5809);
#5807 = CARTESIAN_POINT('',(-2.15,-2.15,2.1));
#5808 = DIRECTION('',(0.,0.,1.));
#5809 = DIRECTION('',(1.,0.,-0.));
#5810 = ADVANCED_FACE('',(#5811),#5822,.T.);
#5811 = FACE_BOUND('',#5812,.T.);
#5812 = EDGE_LOOP('',(#5813,#5820,#5821));
#5813 = ORIENTED_EDGE('',*,*,#5814,.F.);
#5814 = EDGE_CURVE('',#5718,#5567,#5815,.T.);
#5815 = CIRCLE('',#5816,0.215);
#5816 = AXIS2_PLACEMENT_3D('',#5817,#5818,#5819);
#5817 = CARTESIAN_POINT('',(-1.935,1.935,1.885));
#5818 = DIRECTION('',(1.,6.123233995737E-17,-0.));
#5819 = DIRECTION('',(-6.123233995737E-17,1.,0.));
#5820 = ORIENTED_EDGE('',*,*,#5717,.F.);
#5821 = ORIENTED_EDGE('',*,*,#5574,.T.);
#5822 = SPHERICAL_SURFACE('',#5823,0.215);
#5823 = AXIS2_PLACEMENT_3D('',#5824,#5825,#5826);
#5824 = CARTESIAN_POINT('',(-1.935,1.935,1.885));
#5825 = DIRECTION('',(0.,0.,1.));
#5826 = DIRECTION('',(-1.,0.,0.));
#5827 = ADVANCED_FACE('',(#5828),#5846,.T.);
#5828 = FACE_BOUND('',#5829,.T.);
#5829 = EDGE_LOOP('',(#5830,#5831,#5839,#5845));
#5830 = ORIENTED_EDGE('',*,*,#5726,.T.);
#5831 = ORIENTED_EDGE('',*,*,#5832,.T.);
#5832 = EDGE_CURVE('',#5718,#5833,#5835,.T.);
#5833 = VERTEX_POINT('',#5834);
#5834 = CARTESIAN_POINT('',(1.935,2.15,1.885));
#5835 = LINE('',#5836,#5837);
#5836 = CARTESIAN_POINT('',(-1.935,2.15,1.885));
#5837 = VECTOR('',#5838,1.);
#5838 = DIRECTION('',(1.,0.,0.));
#5839 = ORIENTED_EDGE('',*,*,#5840,.F.);
#5840 = EDGE_CURVE('',#5618,#5833,#5841,.T.);
#5841 = LINE('',#5842,#5843);
#5842 = CARTESIAN_POINT('',(1.935,2.15,0.));
#5843 = VECTOR('',#5844,1.);
#5844 = DIRECTION('',(0.,0.,1.));
#5845 = ORIENTED_EDGE('',*,*,#5626,.F.);
#5846 = PLANE('',#5847);
#5847 = AXIS2_PLACEMENT_3D('',#5848,#5849,#5850);
#5848 = CARTESIAN_POINT('',(-2.15,2.15,0.));
#5849 = DIRECTION('',(0.,1.,0.));
#5850 = DIRECTION('',(0.,-0.,1.));
#5851 = ADVANCED_FACE('',(#5852),#5871,.T.);
#5852 = FACE_BOUND('',#5853,.T.);
#5853 = EDGE_LOOP('',(#5854,#5863,#5864,#5865));
#5854 = ORIENTED_EDGE('',*,*,#5855,.T.);
#5855 = EDGE_CURVE('',#5856,#5761,#5858,.T.);
#5856 = VERTEX_POINT('',#5857);
#5857 = CARTESIAN_POINT('',(2.15,-1.935,1.885));
#5858 = CIRCLE('',#5859,0.215);
#5859 = AXIS2_PLACEMENT_3D('',#5860,#5861,#5862);
#5860 = CARTESIAN_POINT('',(1.935,-1.935,1.885));
#5861 = DIRECTION('',(0.,0.,-1.));
#5862 = DIRECTION('',(1.,0.,0.));
#5863 = ORIENTED_EDGE('',*,*,#5768,.F.);
#5864 = ORIENTED_EDGE('',*,*,#5600,.F.);
#5865 = ORIENTED_EDGE('',*,*,#5866,.T.);
#5866 = EDGE_CURVE('',#5601,#5856,#5867,.T.);
#5867 = LINE('',#5868,#5869);
#5868 = CARTESIAN_POINT('',(2.15,-1.935,0.));
#5869 = VECTOR('',#5870,1.);
#5870 = DIRECTION('',(0.,0.,1.));
#5871 = CYLINDRICAL_SURFACE('',#5872,0.215);
#5872 = AXIS2_PLACEMENT_3D('',#5873,#5874,#5875);
#5873 = CARTESIAN_POINT('',(1.935,-1.935,0.));
#5874 = DIRECTION('',(0.,0.,1.));
#5875 = DIRECTION('',(1.,0.,-0.));
#5876 = ADVANCED_FACE('',(#5877),#5896,.T.);
#5877 = FACE_BOUND('',#5878,.T.);
#5878 = EDGE_LOOP('',(#5879,#5887,#5888,#5889));
#5879 = ORIENTED_EDGE('',*,*,#5880,.F.);
#5880 = EDGE_CURVE('',#5610,#5881,#5883,.T.);
#5881 = VERTEX_POINT('',#5882);
#5882 = CARTESIAN_POINT('',(2.15,1.935,1.885));
#5883 = LINE('',#5884,#5885);
#5884 = CARTESIAN_POINT('',(2.15,1.935,0.));
#5885 = VECTOR('',#5886,1.);
#5886 = DIRECTION('',(0.,0.,1.));
#5887 = ORIENTED_EDGE('',*,*,#5617,.T.);
#5888 = ORIENTED_EDGE('',*,*,#5840,.T.);
#5889 = ORIENTED_EDGE('',*,*,#5890,.T.);
#5890 = EDGE_CURVE('',#5833,#5881,#5891,.T.);
#5891 = CIRCLE('',#5892,0.215);
#5892 = AXIS2_PLACEMENT_3D('',#5893,#5894,#5895);
#5893 = CARTESIAN_POINT('',(1.935,1.935,1.885));
#5894 = DIRECTION('',(0.,0.,-1.));
#5895 = DIRECTION('',(0.,1.,0.));
#5896 = CYLINDRICAL_SURFACE('',#5897,0.215);
#5897 = AXIS2_PLACEMENT_3D('',#5898,#5899,#5900);
#5898 = CARTESIAN_POINT('',(1.935,1.935,0.));
#5899 = DIRECTION('',(0.,0.,1.));
#5900 = DIRECTION('',(1.,0.,-0.));
#5901 = ADVANCED_FACE('',(#5902),#5913,.T.);
#5902 = FACE_BOUND('',#5903,.T.);
#5903 = EDGE_LOOP('',(#5904,#5905,#5906,#5907));
#5904 = ORIENTED_EDGE('',*,*,#5866,.F.);
#5905 = ORIENTED_EDGE('',*,*,#5609,.T.);
#5906 = ORIENTED_EDGE('',*,*,#5880,.T.);
#5907 = ORIENTED_EDGE('',*,*,#5908,.T.);
#5908 = EDGE_CURVE('',#5881,#5856,#5909,.T.);
#5909 = LINE('',#5910,#5911);
#5910 = CARTESIAN_POINT('',(2.15,1.935,1.885));
#5911 = VECTOR('',#5912,1.);
#5912 = DIRECTION('',(-0.,-1.,-0.));
#5913 = PLANE('',#5914);
#5914 = AXIS2_PLACEMENT_3D('',#5915,#5916,#5917);
#5915 = CARTESIAN_POINT('',(2.15,-2.15,0.));
#5916 = DIRECTION('',(1.,0.,0.));
#5917 = DIRECTION('',(0.,0.,1.));
#5918 = ADVANCED_FACE('',(#5919),#5925,.F.);
#5919 = FACE_BOUND('',#5920,.F.);
#5920 = EDGE_LOOP('',(#5921,#5922,#5923,#5924));
#5921 = ORIENTED_EDGE('',*,*,#5643,.F.);
#5922 = ORIENTED_EDGE('',*,*,#5669,.T.);
#5923 = ORIENTED_EDGE('',*,*,#5661,.T.);
#5924 = ORIENTED_EDGE('',*,*,#5653,.F.);
#5925 = PLANE('',#5926);
#5926 = AXIS2_PLACEMENT_3D('',#5927,#5928,#5929);
#5927 = CARTESIAN_POINT('',(-1.605,-1.625,0.));
#5928 = DIRECTION('',(0.,0.,1.));
#5929 = DIRECTION('',(1.,0.,-0.));
#5930 = ADVANCED_FACE('',(#5931),#5937,.F.);
#5931 = FACE_BOUND('',#5932,.F.);
#5932 = EDGE_LOOP('',(#5933,#5934,#5935,#5936));
#5933 = ORIENTED_EDGE('',*,*,#5677,.F.);
#5934 = ORIENTED_EDGE('',*,*,#5703,.T.);
#5935 = ORIENTED_EDGE('',*,*,#5695,.T.);
#5936 = ORIENTED_EDGE('',*,*,#5687,.F.);
#5937 = PLANE('',#5938);
#5938 = AXIS2_PLACEMENT_3D('',#5939,#5940,#5941);
#5939 = CARTESIAN_POINT('',(0.785,-1.625,0.));
#5940 = DIRECTION('',(0.,0.,1.));
#5941 = DIRECTION('',(1.,0.,-0.));
#5942 = ADVANCED_FACE('',(#5943),#5955,.T.);
#5943 = FACE_BOUND('',#5944,.T.);
#5944 = EDGE_LOOP('',(#5945,#5952,#5953,#5954));
#5945 = ORIENTED_EDGE('',*,*,#5946,.T.);
#5946 = EDGE_CURVE('',#5761,#5785,#5947,.T.);
#5947 = CIRCLE('',#5948,0.215);
#5948 = AXIS2_PLACEMENT_3D('',#5949,#5950,#5951);
#5949 = CARTESIAN_POINT('',(1.935,-1.935,1.885));
#5950 = DIRECTION('',(-1.,-6.123233995737E-17,0.));
#5951 = DIRECTION('',(6.123233995737E-17,-1.,0.));
#5952 = ORIENTED_EDGE('',*,*,#5784,.T.);
#5953 = ORIENTED_EDGE('',*,*,#5744,.F.);
#5954 = ORIENTED_EDGE('',*,*,#5760,.F.);
#5955 = CYLINDRICAL_SURFACE('',#5956,0.215);
#5956 = AXIS2_PLACEMENT_3D('',#5957,#5958,#5959);
#5957 = CARTESIAN_POINT('',(1.935,-1.935,1.885));
#5958 = DIRECTION('',(-1.,-0.,-0.));
#5959 = DIRECTION('',(0.,-1.,0.));
#5960 = ADVANCED_FACE('',(#5961),#5973,.T.);
#5961 = FACE_BOUND('',#5962,.T.);
#5962 = EDGE_LOOP('',(#5963,#5964,#5965,#5972));
#5963 = ORIENTED_EDGE('',*,*,#5814,.T.);
#5964 = ORIENTED_EDGE('',*,*,#5800,.T.);
#5965 = ORIENTED_EDGE('',*,*,#5966,.F.);
#5966 = EDGE_CURVE('',#5833,#5793,#5967,.T.);
#5967 = CIRCLE('',#5968,0.215);
#5968 = AXIS2_PLACEMENT_3D('',#5969,#5970,#5971);
#5969 = CARTESIAN_POINT('',(1.935,1.935,1.885));
#5970 = DIRECTION('',(1.,0.,0.));
#5971 = DIRECTION('',(-0.,1.,0.));
#5972 = ORIENTED_EDGE('',*,*,#5832,.F.);
#5973 = CYLINDRICAL_SURFACE('',#5974,0.215);
#5974 = AXIS2_PLACEMENT_3D('',#5975,#5976,#5977);
#5975 = CARTESIAN_POINT('',(-1.935,1.935,1.885));
#5976 = DIRECTION('',(1.,0.,0.));
#5977 = DIRECTION('',(-0.,1.,0.));
#5978 = ADVANCED_FACE('',(#5979),#5997,.T.);
#5979 = FACE_BOUND('',#5980,.T.);
#5980 = EDGE_LOOP('',(#5981,#5988,#5989,#5996));
#5981 = ORIENTED_EDGE('',*,*,#5982,.T.);
#5982 = EDGE_CURVE('',#5881,#5793,#5983,.T.);
#5983 = CIRCLE('',#5984,0.215);
#5984 = AXIS2_PLACEMENT_3D('',#5985,#5986,#5987);
#5985 = CARTESIAN_POINT('',(1.935,1.935,1.885));
#5986 = DIRECTION('',(6.123233995737E-17,-1.,0.));
#5987 = DIRECTION('',(1.,6.123233995737E-17,0.));
#5988 = ORIENTED_EDGE('',*,*,#5792,.T.);
#5989 = ORIENTED_EDGE('',*,*,#5990,.F.);
#5990 = EDGE_CURVE('',#5856,#5785,#5991,.T.);
#5991 = CIRCLE('',#5992,0.215);
#5992 = AXIS2_PLACEMENT_3D('',#5993,#5994,#5995);
#5993 = CARTESIAN_POINT('',(1.935,-1.935,1.885));
#5994 = DIRECTION('',(0.,-1.,0.));
#5995 = DIRECTION('',(1.,0.,0.));
#5996 = ORIENTED_EDGE('',*,*,#5908,.F.);
#5997 = CYLINDRICAL_SURFACE('',#5998,0.215);
#5998 = AXIS2_PLACEMENT_3D('',#5999,#6000,#6001);
#5999 = CARTESIAN_POINT('',(1.935,1.935,1.885));
#6000 = DIRECTION('',(-0.,-1.,-0.));
#6001 = DIRECTION('',(1.,-0.,0.));
#6002 = ADVANCED_FACE('',(#6003),#6008,.T.);
#6003 = FACE_BOUND('',#6004,.T.);
#6004 = EDGE_LOOP('',(#6005,#6006,#6007));
#6005 = ORIENTED_EDGE('',*,*,#5946,.F.);
#6006 = ORIENTED_EDGE('',*,*,#5855,.F.);
#6007 = ORIENTED_EDGE('',*,*,#5990,.T.);
#6008 = SPHERICAL_SURFACE('',#6009,0.215);
#6009 = AXIS2_PLACEMENT_3D('',#6010,#6011,#6012);
#6010 = CARTESIAN_POINT('',(1.935,-1.935,1.885));
#6011 = DIRECTION('',(0.,0.,1.));
#6012 = DIRECTION('',(1.,0.,-0.));
#6013 = ADVANCED_FACE('',(#6014),#6019,.T.);
#6014 = FACE_BOUND('',#6015,.T.);
#6015 = EDGE_LOOP('',(#6016,#6017,#6018));
#6016 = ORIENTED_EDGE('',*,*,#5982,.F.);
#6017 = ORIENTED_EDGE('',*,*,#5890,.F.);
#6018 = ORIENTED_EDGE('',*,*,#5966,.T.);
#6019 = SPHERICAL_SURFACE('',#6020,0.215);
#6020 = AXIS2_PLACEMENT_3D('',#6021,#6022,#6023);
#6021 = CARTESIAN_POINT('',(1.935,1.935,1.885));
#6022 = DIRECTION('',(0.,0.,1.));
#6023 = DIRECTION('',(0.,1.,0.));
#6024 = ( GEOMETRIC_REPRESENTATION_CONTEXT(3) 
GLOBAL_UNCERTAINTY_ASSIGNED_CONTEXT((#6028)) 
GLOBAL_UNIT_ASSIGNED_CONTEXT((#6025,#6026,#6027)) REPRESENTATION_CONTEXT
('Context #1','3D Context with UNIT and UNCERTAINTY') );
#6025 = ( LENGTH_UNIT() NAMED_UNIT(*) SI_UNIT(.MILLI.,.METRE.) );
#6026 = ( NAMED_UNIT(*) PLANE_ANGLE_UNIT() SI_UNIT($,.RADIAN.) );
#6027 = ( NAMED_UNIT(*) SI_UNIT($,.STERADIAN.) SOLID_ANGLE_UNIT() );
#6028 = UNCERTAINTY_MEASURE_WITH_UNIT(LENGTH_MEASURE(1.E-07),#6025,
  'distance_accuracy_value','confusion accuracy');
#6029 = CONTEXT_DEPENDENT_SHAPE_REPRESENTATION(#6030,#6032);
#6030 = ( REPRESENTATION_RELATIONSHIP('','',#5477,#5454) 
REPRESENTATION_RELATIONSHIP_WITH_TRANSFORMATION(#6031) 
SHAPE_REPRESENTATION_RELATIONSHIP() );
#6031 = ITEM_DEFINED_TRANSFORMATION('','',#11,#5455);
#6032 = PRODUCT_DEFINITION_SHAPE('Placement','Placement of an item',
  #6033);
#6033 = NEXT_ASSEMBLY_USAGE_OCCURRENCE('5','=>[0:1:1:7]','',#5449,#5472,
  $);
#6034 = PRODUCT_RELATED_PRODUCT_CATEGORY('part',$,(#5474));
#6035 = CONTEXT_DEPENDENT_SHAPE_REPRESENTATION(#6036,#6038);
#6036 = ( REPRESENTATION_RELATIONSHIP('','',#80,#10) 
REPRESENTATION_RELATIONSHIP_WITH_TRANSFORMATION(#6037) 
SHAPE_REPRESENTATION_RELATIONSHIP() );
#6037 = ITEM_DEFINED_TRANSFORMATION('','',#11,#27);
#6038 = PRODUCT_DEFINITION_SHAPE('Placement','Placement of an item',
  #6039);
#6039 = NEXT_ASSEMBLY_USAGE_OCCURRENCE('7','J1','',#5,#75,$);
#6040 = CONTEXT_DEPENDENT_SHAPE_REPRESENTATION(#6041,#6043);
#6041 = ( REPRESENTATION_RELATIONSHIP('','',#4558,#10) 
REPRESENTATION_RELATIONSHIP_WITH_TRANSFORMATION(#6042) 
SHAPE_REPRESENTATION_RELATIONSHIP() );
#6042 = ITEM_DEFINED_TRANSFORMATION('','',#11,#31);
#6043 = PRODUCT_DEFINITION_SHAPE('Placement','Placement of an item',
  #6044);
#6044 = NEXT_ASSEMBLY_USAGE_OCCURRENCE('8','C4','',#5,#4553,$);
#6045 = SHAPE_DEFINITION_REPRESENTATION(#6046,#6052);
#6046 = PRODUCT_DEFINITION_SHAPE('','',#6047);
#6047 = PRODUCT_DEFINITION('design','',#6048,#6051);
#6048 = PRODUCT_DEFINITION_FORMATION('','',#6049);
#6049 = PRODUCT('C_0603_1608Metric','C_0603_1608Metric','',(#6050));
#6050 = PRODUCT_CONTEXT('',#2,'mechanical');
#6051 = PRODUCT_DEFINITION_CONTEXT('part definition',#2,'design');
#6052 = SHAPE_REPRESENTATION('',(#11,#6053),#6057);
#6053 = AXIS2_PLACEMENT_3D('',#6054,#6055,#6056);
#6054 = CARTESIAN_POINT('',(0.,0.,0.));
#6055 = DIRECTION('',(0.,0.,1.));
#6056 = DIRECTION('',(1.,0.,-0.));
#6057 = ( GEOMETRIC_REPRESENTATION_CONTEXT(3) 
GLOBAL_UNCERTAINTY_ASSIGNED_CONTEXT((#6061)) 
GLOBAL_UNIT_ASSIGNED_CONTEXT((#6058,#6059,#6060)) REPRESENTATION_CONTEXT
('Context #1','3D Context with UNIT and UNCERTAINTY') );
#6058 = ( LENGTH_UNIT() NAMED_UNIT(*) SI_UNIT(.MILLI.,.METRE.) );
#6059 = ( NAMED_UNIT(*) PLANE_ANGLE_UNIT() SI_UNIT($,.RADIAN.) );
#6060 = ( NAMED_UNIT(*) SI_UNIT($,.STERADIAN.) SOLID_ANGLE_UNIT() );
#6061 = UNCERTAINTY_MEASURE_WITH_UNIT(LENGTH_MEASURE(1.E-07),#6058,
  'distance_accuracy_value','confusion accuracy');
#6062 = CONTEXT_DEPENDENT_SHAPE_REPRESENTATION(#6063,#6065);
#6063 = ( REPRESENTATION_RELATIONSHIP('','',#6052,#10) 
REPRESENTATION_RELATIONSHIP_WITH_TRANSFORMATION(#6064) 
SHAPE_REPRESENTATION_RELATIONSHIP() );
#6064 = ITEM_DEFINED_TRANSFORMATION('','',#11,#35);
#6065 = PRODUCT_DEFINITION_SHAPE('Placement','Placement of an item',
  #6066);
#6066 = NEXT_ASSEMBLY_USAGE_OCCURRENCE('10','C2','',#5,#6047,$);
#6067 = PRODUCT_RELATED_PRODUCT_CATEGORY('part',$,(#6049));
#6068 = SHAPE_DEFINITION_REPRESENTATION(#6069,#6075);
#6069 = PRODUCT_DEFINITION_SHAPE('','',#6070);
#6070 = PRODUCT_DEFINITION('design','',#6071,#6074);
#6071 = PRODUCT_DEFINITION_FORMATION('','',#6072);
#6072 = PRODUCT('C_0603_1608Metric','C_0603_1608Metric','',(#6073));
#6073 = PRODUCT_CONTEXT('',#2,'mechanical');
#6074 = PRODUCT_DEFINITION_CONTEXT('part definition',#2,'design');
#6075 = ADVANCED_BREP_SHAPE_REPRESENTATION('',(#11,#6076),#6930);
#6076 = MANIFOLD_SOLID_BREP('',#6077);
#6077 = CLOSED_SHELL('',(#6078,#6154,#6185,#6210,#6235,#6259,#6283,#6308
    ,#6333,#6350,#6436,#6468,#6492,#6517,#6541,#6566,#6590,#6615,#6632,
    #6718,#6749,#6774,#6799,#6823,#6847,#6872,#6897,#6914));
#6078 = ADVANCED_FACE('',(#6079),#6149,.F.);
#6079 = FACE_BOUND('',#6080,.F.);
#6080 = EDGE_LOOP('',(#6081,#6091,#6100,#6108,#6117,#6125,#6134,#6142));
#6081 = ORIENTED_EDGE('',*,*,#6082,.F.);
#6082 = EDGE_CURVE('',#6083,#6085,#6087,.T.);
#6083 = VERTEX_POINT('',#6084);
#6084 = CARTESIAN_POINT('',(-0.8,-0.4,3.E-02));
#6085 = VERTEX_POINT('',#6086);
#6086 = CARTESIAN_POINT('',(-0.8,-0.4,0.77));
#6087 = LINE('',#6088,#6089);
#6088 = CARTESIAN_POINT('',(-0.8,-0.4,0.));
#6089 = VECTOR('',#6090,1.);
#6090 = DIRECTION('',(0.,0.,1.));
#6091 = ORIENTED_EDGE('',*,*,#6092,.T.);
#6092 = EDGE_CURVE('',#6083,#6093,#6095,.T.);
#6093 = VERTEX_POINT('',#6094);
#6094 = CARTESIAN_POINT('',(-0.8,-0.37,0.));
#6095 = CIRCLE('',#6096,3.E-02);
#6096 = AXIS2_PLACEMENT_3D('',#6097,#6098,#6099);
#6097 = CARTESIAN_POINT('',(-0.8,-0.37,3.E-02));
#6098 = DIRECTION('',(1.,0.,-0.));
#6099 = DIRECTION('',(0.,0.,1.));
#6100 = ORIENTED_EDGE('',*,*,#6101,.T.);
#6101 = EDGE_CURVE('',#6093,#6102,#6104,.T.);
#6102 = VERTEX_POINT('',#6103);
#6103 = CARTESIAN_POINT('',(-0.8,0.37,0.));
#6104 = LINE('',#6105,#6106);
#6105 = CARTESIAN_POINT('',(-0.8,-0.4,0.));
#6106 = VECTOR('',#6107,1.);
#6107 = DIRECTION('',(0.,1.,0.));
#6108 = ORIENTED_EDGE('',*,*,#6109,.F.);
#6109 = EDGE_CURVE('',#6110,#6102,#6112,.T.);
#6110 = VERTEX_POINT('',#6111);
#6111 = CARTESIAN_POINT('',(-0.8,0.4,3.E-02));
#6112 = CIRCLE('',#6113,3.E-02);
#6113 = AXIS2_PLACEMENT_3D('',#6114,#6115,#6116);
#6114 = CARTESIAN_POINT('',(-0.8,0.37,3.E-02));
#6115 = DIRECTION('',(-1.,0.,0.));
#6116 = DIRECTION('',(0.,0.,1.));
#6117 = ORIENTED_EDGE('',*,*,#6118,.T.);
#6118 = EDGE_CURVE('',#6110,#6119,#6121,.T.);
#6119 = VERTEX_POINT('',#6120);
#6120 = CARTESIAN_POINT('',(-0.8,0.4,0.77));
#6121 = LINE('',#6122,#6123);
#6122 = CARTESIAN_POINT('',(-0.8,0.4,0.));
#6123 = VECTOR('',#6124,1.);
#6124 = DIRECTION('',(0.,0.,1.));
#6125 = ORIENTED_EDGE('',*,*,#6126,.T.);
#6126 = EDGE_CURVE('',#6119,#6127,#6129,.T.);
#6127 = VERTEX_POINT('',#6128);
#6128 = CARTESIAN_POINT('',(-0.8,0.37,0.8));
#6129 = CIRCLE('',#6130,3.E-02);
#6130 = AXIS2_PLACEMENT_3D('',#6131,#6132,#6133);
#6131 = CARTESIAN_POINT('',(-0.8,0.37,0.77));
#6132 = DIRECTION('',(1.,0.,-0.));
#6133 = DIRECTION('',(0.,0.,1.));
#6134 = ORIENTED_EDGE('',*,*,#6135,.F.);
#6135 = EDGE_CURVE('',#6136,#6127,#6138,.T.);
#6136 = VERTEX_POINT('',#6137);
#6137 = CARTESIAN_POINT('',(-0.8,-0.37,0.8));
#6138 = LINE('',#6139,#6140);
#6139 = CARTESIAN_POINT('',(-0.8,-0.4,0.8));
#6140 = VECTOR('',#6141,1.);
#6141 = DIRECTION('',(0.,1.,0.));
#6142 = ORIENTED_EDGE('',*,*,#6143,.F.);
#6143 = EDGE_CURVE('',#6085,#6136,#6144,.T.);
#6144 = CIRCLE('',#6145,3.E-02);
#6145 = AXIS2_PLACEMENT_3D('',#6146,#6147,#6148);
#6146 = CARTESIAN_POINT('',(-0.8,-0.37,0.77));
#6147 = DIRECTION('',(-1.,0.,0.));
#6148 = DIRECTION('',(0.,0.,1.));
#6149 = PLANE('',#6150);
#6150 = AXIS2_PLACEMENT_3D('',#6151,#6152,#6153);
#6151 = CARTESIAN_POINT('',(-0.8,-0.4,0.));
#6152 = DIRECTION('',(1.,0.,0.));
#6153 = DIRECTION('',(0.,0.,1.));
#6154 = ADVANCED_FACE('',(#6155),#6180,.F.);
#6155 = FACE_BOUND('',#6156,.F.);
#6156 = EDGE_LOOP('',(#6157,#6167,#6173,#6174));
#6157 = ORIENTED_EDGE('',*,*,#6158,.F.);
#6158 = EDGE_CURVE('',#6159,#6161,#6163,.T.);
#6159 = VERTEX_POINT('',#6160);
#6160 = CARTESIAN_POINT('',(-0.5,-0.4,3.E-02));
#6161 = VERTEX_POINT('',#6162);
#6162 = CARTESIAN_POINT('',(-0.5,-0.4,0.77));
#6163 = LINE('',#6164,#6165);
#6164 = CARTESIAN_POINT('',(-0.5,-0.4,0.));
#6165 = VECTOR('',#6166,1.);
#6166 = DIRECTION('',(0.,0.,1.));
#6167 = ORIENTED_EDGE('',*,*,#6168,.F.);
#6168 = EDGE_CURVE('',#6083,#6159,#6169,.T.);
#6169 = LINE('',#6170,#6171);
#6170 = CARTESIAN_POINT('',(-0.8,-0.4,3.E-02));
#6171 = VECTOR('',#6172,1.);
#6172 = DIRECTION('',(1.,0.,0.));
#6173 = ORIENTED_EDGE('',*,*,#6082,.T.);
#6174 = ORIENTED_EDGE('',*,*,#6175,.T.);
#6175 = EDGE_CURVE('',#6085,#6161,#6176,.T.);
#6176 = LINE('',#6177,#6178);
#6177 = CARTESIAN_POINT('',(-0.8,-0.4,0.77));
#6178 = VECTOR('',#6179,1.);
#6179 = DIRECTION('',(1.,0.,0.));
#6180 = PLANE('',#6181);
#6181 = AXIS2_PLACEMENT_3D('',#6182,#6183,#6184);
#6182 = CARTESIAN_POINT('',(-0.8,-0.4,0.));
#6183 = DIRECTION('',(0.,1.,0.));
#6184 = DIRECTION('',(0.,-0.,1.));
#6185 = ADVANCED_FACE('',(#6186),#6205,.T.);
#6186 = FACE_BOUND('',#6187,.T.);
#6187 = EDGE_LOOP('',(#6188,#6189,#6197,#6204));
#6188 = ORIENTED_EDGE('',*,*,#6092,.T.);
#6189 = ORIENTED_EDGE('',*,*,#6190,.T.);
#6190 = EDGE_CURVE('',#6093,#6191,#6193,.T.);
#6191 = VERTEX_POINT('',#6192);
#6192 = CARTESIAN_POINT('',(-0.5,-0.37,0.));
#6193 = LINE('',#6194,#6195);
#6194 = CARTESIAN_POINT('',(-0.8,-0.37,0.));
#6195 = VECTOR('',#6196,1.);
#6196 = DIRECTION('',(1.,0.,0.));
#6197 = ORIENTED_EDGE('',*,*,#6198,.F.);
#6198 = EDGE_CURVE('',#6159,#6191,#6199,.T.);
#6199 = CIRCLE('',#6200,3.E-02);
#6200 = AXIS2_PLACEMENT_3D('',#6201,#6202,#6203);
#6201 = CARTESIAN_POINT('',(-0.5,-0.37,3.E-02));
#6202 = DIRECTION('',(1.,0.,-0.));
#6203 = DIRECTION('',(0.,0.,1.));
#6204 = ORIENTED_EDGE('',*,*,#6168,.F.);
#6205 = CYLINDRICAL_SURFACE('',#6206,3.E-02);
#6206 = AXIS2_PLACEMENT_3D('',#6207,#6208,#6209);
#6207 = CARTESIAN_POINT('',(-0.8,-0.37,3.E-02));
#6208 = DIRECTION('',(1.,0.,0.));
#6209 = DIRECTION('',(0.,-1.,0.));
#6210 = ADVANCED_FACE('',(#6211),#6230,.T.);
#6211 = FACE_BOUND('',#6212,.T.);
#6212 = EDGE_LOOP('',(#6213,#6214,#6223,#6229));
#6213 = ORIENTED_EDGE('',*,*,#6175,.T.);
#6214 = ORIENTED_EDGE('',*,*,#6215,.T.);
#6215 = EDGE_CURVE('',#6161,#6216,#6218,.T.);
#6216 = VERTEX_POINT('',#6217);
#6217 = CARTESIAN_POINT('',(-0.5,-0.37,0.8));
#6218 = CIRCLE('',#6219,3.E-02);
#6219 = AXIS2_PLACEMENT_3D('',#6220,#6221,#6222);
#6220 = CARTESIAN_POINT('',(-0.5,-0.37,0.77));
#6221 = DIRECTION('',(-1.,0.,0.));
#6222 = DIRECTION('',(0.,0.,1.));
#6223 = ORIENTED_EDGE('',*,*,#6224,.F.);
#6224 = EDGE_CURVE('',#6136,#6216,#6225,.T.);
#6225 = LINE('',#6226,#6227);
#6226 = CARTESIAN_POINT('',(-0.8,-0.37,0.8));
#6227 = VECTOR('',#6228,1.);
#6228 = DIRECTION('',(1.,0.,0.));
#6229 = ORIENTED_EDGE('',*,*,#6143,.F.);
#6230 = CYLINDRICAL_SURFACE('',#6231,3.E-02);
#6231 = AXIS2_PLACEMENT_3D('',#6232,#6233,#6234);
#6232 = CARTESIAN_POINT('',(-0.8,-0.37,0.77));
#6233 = DIRECTION('',(1.,0.,0.));
#6234 = DIRECTION('',(0.,-1.,0.));
#6235 = ADVANCED_FACE('',(#6236),#6254,.F.);
#6236 = FACE_BOUND('',#6237,.F.);
#6237 = EDGE_LOOP('',(#6238,#6239,#6240,#6248));
#6238 = ORIENTED_EDGE('',*,*,#6101,.F.);
#6239 = ORIENTED_EDGE('',*,*,#6190,.T.);
#6240 = ORIENTED_EDGE('',*,*,#6241,.T.);
#6241 = EDGE_CURVE('',#6191,#6242,#6244,.T.);
#6242 = VERTEX_POINT('',#6243);
#6243 = CARTESIAN_POINT('',(-0.5,0.37,0.));
#6244 = LINE('',#6245,#6246);
#6245 = CARTESIAN_POINT('',(-0.5,-0.4,0.));
#6246 = VECTOR('',#6247,1.);
#6247 = DIRECTION('',(0.,1.,0.));
#6248 = ORIENTED_EDGE('',*,*,#6249,.F.);
#6249 = EDGE_CURVE('',#6102,#6242,#6250,.T.);
#6250 = LINE('',#6251,#6252);
#6251 = CARTESIAN_POINT('',(-0.8,0.37,0.));
#6252 = VECTOR('',#6253,1.);
#6253 = DIRECTION('',(1.,0.,0.));
#6254 = PLANE('',#6255);
#6255 = AXIS2_PLACEMENT_3D('',#6256,#6257,#6258);
#6256 = CARTESIAN_POINT('',(-0.8,-0.4,0.));
#6257 = DIRECTION('',(0.,0.,1.));
#6258 = DIRECTION('',(1.,0.,-0.));
#6259 = ADVANCED_FACE('',(#6260),#6278,.T.);
#6260 = FACE_BOUND('',#6261,.T.);
#6261 = EDGE_LOOP('',(#6262,#6263,#6264,#6272));
#6262 = ORIENTED_EDGE('',*,*,#6135,.F.);
#6263 = ORIENTED_EDGE('',*,*,#6224,.T.);
#6264 = ORIENTED_EDGE('',*,*,#6265,.T.);
#6265 = EDGE_CURVE('',#6216,#6266,#6268,.T.);
#6266 = VERTEX_POINT('',#6267);
#6267 = CARTESIAN_POINT('',(-0.5,0.37,0.8));
#6268 = LINE('',#6269,#6270);
#6269 = CARTESIAN_POINT('',(-0.5,-0.4,0.8));
#6270 = VECTOR('',#6271,1.);
#6271 = DIRECTION('',(0.,1.,0.));
#6272 = ORIENTED_EDGE('',*,*,#6273,.F.);
#6273 = EDGE_CURVE('',#6127,#6266,#6274,.T.);
#6274 = LINE('',#6275,#6276);
#6275 = CARTESIAN_POINT('',(-0.8,0.37,0.8));
#6276 = VECTOR('',#6277,1.);
#6277 = DIRECTION('',(1.,0.,0.));
#6278 = PLANE('',#6279);
#6279 = AXIS2_PLACEMENT_3D('',#6280,#6281,#6282);
#6280 = CARTESIAN_POINT('',(-0.8,-0.4,0.8));
#6281 = DIRECTION('',(0.,0.,1.));
#6282 = DIRECTION('',(1.,0.,-0.));
#6283 = ADVANCED_FACE('',(#6284),#6303,.T.);
#6284 = FACE_BOUND('',#6285,.T.);
#6285 = EDGE_LOOP('',(#6286,#6294,#6301,#6302));
#6286 = ORIENTED_EDGE('',*,*,#6287,.T.);
#6287 = EDGE_CURVE('',#6110,#6288,#6290,.T.);
#6288 = VERTEX_POINT('',#6289);
#6289 = CARTESIAN_POINT('',(-0.5,0.4,3.E-02));
#6290 = LINE('',#6291,#6292);
#6291 = CARTESIAN_POINT('',(-0.8,0.4,3.E-02));
#6292 = VECTOR('',#6293,1.);
#6293 = DIRECTION('',(1.,0.,0.));
#6294 = ORIENTED_EDGE('',*,*,#6295,.T.);
#6295 = EDGE_CURVE('',#6288,#6242,#6296,.T.);
#6296 = CIRCLE('',#6297,3.E-02);
#6297 = AXIS2_PLACEMENT_3D('',#6298,#6299,#6300);
#6298 = CARTESIAN_POINT('',(-0.5,0.37,3.E-02));
#6299 = DIRECTION('',(-1.,0.,0.));
#6300 = DIRECTION('',(0.,0.,1.));
#6301 = ORIENTED_EDGE('',*,*,#6249,.F.);
#6302 = ORIENTED_EDGE('',*,*,#6109,.F.);
#6303 = CYLINDRICAL_SURFACE('',#6304,3.E-02);
#6304 = AXIS2_PLACEMENT_3D('',#6305,#6306,#6307);
#6305 = CARTESIAN_POINT('',(-0.8,0.37,3.E-02));
#6306 = DIRECTION('',(1.,0.,0.));
#6307 = DIRECTION('',(-0.,1.,0.));
#6308 = ADVANCED_FACE('',(#6309),#6328,.T.);
#6309 = FACE_BOUND('',#6310,.T.);
#6310 = EDGE_LOOP('',(#6311,#6312,#6313,#6322));
#6311 = ORIENTED_EDGE('',*,*,#6126,.T.);
#6312 = ORIENTED_EDGE('',*,*,#6273,.T.);
#6313 = ORIENTED_EDGE('',*,*,#6314,.F.);
#6314 = EDGE_CURVE('',#6315,#6266,#6317,.T.);
#6315 = VERTEX_POINT('',#6316);
#6316 = CARTESIAN_POINT('',(-0.5,0.4,0.77));
#6317 = CIRCLE('',#6318,3.E-02);
#6318 = AXIS2_PLACEMENT_3D('',#6319,#6320,#6321);
#6319 = CARTESIAN_POINT('',(-0.5,0.37,0.77));
#6320 = DIRECTION('',(1.,0.,-0.));
#6321 = DIRECTION('',(0.,0.,1.));
#6322 = ORIENTED_EDGE('',*,*,#6323,.F.);
#6323 = EDGE_CURVE('',#6119,#6315,#6324,.T.);
#6324 = LINE('',#6325,#6326);
#6325 = CARTESIAN_POINT('',(-0.8,0.4,0.77));
#6326 = VECTOR('',#6327,1.);
#6327 = DIRECTION('',(1.,0.,0.));
#6328 = CYLINDRICAL_SURFACE('',#6329,3.E-02);
#6329 = AXIS2_PLACEMENT_3D('',#6330,#6331,#6332);
#6330 = CARTESIAN_POINT('',(-0.8,0.37,0.77));
#6331 = DIRECTION('',(1.,0.,0.));
#6332 = DIRECTION('',(-0.,1.,0.));
#6333 = ADVANCED_FACE('',(#6334),#6345,.T.);
#6334 = FACE_BOUND('',#6335,.T.);
#6335 = EDGE_LOOP('',(#6336,#6342,#6343,#6344));
#6336 = ORIENTED_EDGE('',*,*,#6337,.F.);
#6337 = EDGE_CURVE('',#6288,#6315,#6338,.T.);
#6338 = LINE('',#6339,#6340);
#6339 = CARTESIAN_POINT('',(-0.5,0.4,0.));
#6340 = VECTOR('',#6341,1.);
#6341 = DIRECTION('',(0.,0.,1.));
#6342 = ORIENTED_EDGE('',*,*,#6287,.F.);
#6343 = ORIENTED_EDGE('',*,*,#6118,.T.);
#6344 = ORIENTED_EDGE('',*,*,#6323,.T.);
#6345 = PLANE('',#6346);
#6346 = AXIS2_PLACEMENT_3D('',#6347,#6348,#6349);
#6347 = CARTESIAN_POINT('',(-0.8,0.4,0.));
#6348 = DIRECTION('',(0.,1.,0.));
#6349 = DIRECTION('',(0.,-0.,1.));
#6350 = ADVANCED_FACE('',(#6351,#6361),#6431,.T.);
#6351 = FACE_BOUND('',#6352,.T.);
#6352 = EDGE_LOOP('',(#6353,#6354,#6355,#6356,#6357,#6358,#6359,#6360));
#6353 = ORIENTED_EDGE('',*,*,#6158,.F.);
#6354 = ORIENTED_EDGE('',*,*,#6198,.T.);
#6355 = ORIENTED_EDGE('',*,*,#6241,.T.);
#6356 = ORIENTED_EDGE('',*,*,#6295,.F.);
#6357 = ORIENTED_EDGE('',*,*,#6337,.T.);
#6358 = ORIENTED_EDGE('',*,*,#6314,.T.);
#6359 = ORIENTED_EDGE('',*,*,#6265,.F.);
#6360 = ORIENTED_EDGE('',*,*,#6215,.F.);
#6361 = FACE_BOUND('',#6362,.T.);
#6362 = EDGE_LOOP('',(#6363,#6374,#6382,#6391,#6399,#6408,#6416,#6425));
#6363 = ORIENTED_EDGE('',*,*,#6364,.F.);
#6364 = EDGE_CURVE('',#6365,#6367,#6369,.T.);
#6365 = VERTEX_POINT('',#6366);
#6366 = CARTESIAN_POINT('',(-0.5,-0.37,6.E-02));
#6367 = VERTEX_POINT('',#6368);
#6368 = CARTESIAN_POINT('',(-0.5,-0.34,3.E-02));
#6369 = CIRCLE('',#6370,3.E-02);
#6370 = AXIS2_PLACEMENT_3D('',#6371,#6372,#6373);
#6371 = CARTESIAN_POINT('',(-0.5,-0.34,6.E-02));
#6372 = DIRECTION('',(1.,0.,-0.));
#6373 = DIRECTION('',(0.,0.,1.));
#6374 = ORIENTED_EDGE('',*,*,#6375,.T.);
#6375 = EDGE_CURVE('',#6365,#6376,#6378,.T.);
#6376 = VERTEX_POINT('',#6377);
#6377 = CARTESIAN_POINT('',(-0.5,-0.37,0.74));
#6378 = LINE('',#6379,#6380);
#6379 = CARTESIAN_POINT('',(-0.5,-0.37,3.E-02));
#6380 = VECTOR('',#6381,1.);
#6381 = DIRECTION('',(0.,0.,1.));
#6382 = ORIENTED_EDGE('',*,*,#6383,.T.);
#6383 = EDGE_CURVE('',#6376,#6384,#6386,.T.);
#6384 = VERTEX_POINT('',#6385);
#6385 = CARTESIAN_POINT('',(-0.5,-0.34,0.77));
#6386 = CIRCLE('',#6387,3.E-02);
#6387 = AXIS2_PLACEMENT_3D('',#6388,#6389,#6390);
#6388 = CARTESIAN_POINT('',(-0.5,-0.34,0.74));
#6389 = DIRECTION('',(-1.,0.,0.));
#6390 = DIRECTION('',(0.,0.,1.));
#6391 = ORIENTED_EDGE('',*,*,#6392,.T.);
#6392 = EDGE_CURVE('',#6384,#6393,#6395,.T.);
#6393 = VERTEX_POINT('',#6394);
#6394 = CARTESIAN_POINT('',(-0.5,0.34,0.77));
#6395 = LINE('',#6396,#6397);
#6396 = CARTESIAN_POINT('',(-0.5,-0.37,0.77));
#6397 = VECTOR('',#6398,1.);
#6398 = DIRECTION('',(0.,1.,0.));
#6399 = ORIENTED_EDGE('',*,*,#6400,.F.);
#6400 = EDGE_CURVE('',#6401,#6393,#6403,.T.);
#6401 = VERTEX_POINT('',#6402);
#6402 = CARTESIAN_POINT('',(-0.5,0.37,0.74));
#6403 = CIRCLE('',#6404,3.E-02);
#6404 = AXIS2_PLACEMENT_3D('',#6405,#6406,#6407);
#6405 = CARTESIAN_POINT('',(-0.5,0.34,0.74));
#6406 = DIRECTION('',(1.,0.,-0.));
#6407 = DIRECTION('',(0.,0.,1.));
#6408 = ORIENTED_EDGE('',*,*,#6409,.F.);
#6409 = EDGE_CURVE('',#6410,#6401,#6412,.T.);
#6410 = VERTEX_POINT('',#6411);
#6411 = CARTESIAN_POINT('',(-0.5,0.37,6.E-02));
#6412 = LINE('',#6413,#6414);
#6413 = CARTESIAN_POINT('',(-0.5,0.37,3.E-02));
#6414 = VECTOR('',#6415,1.);
#6415 = DIRECTION('',(0.,0.,1.));
#6416 = ORIENTED_EDGE('',*,*,#6417,.T.);
#6417 = EDGE_CURVE('',#6410,#6418,#6420,.T.);
#6418 = VERTEX_POINT('',#6419);
#6419 = CARTESIAN_POINT('',(-0.5,0.34,3.E-02));
#6420 = CIRCLE('',#6421,3.E-02);
#6421 = AXIS2_PLACEMENT_3D('',#6422,#6423,#6424);
#6422 = CARTESIAN_POINT('',(-0.5,0.34,6.E-02));
#6423 = DIRECTION('',(-1.,0.,0.));
#6424 = DIRECTION('',(0.,0.,1.));
#6425 = ORIENTED_EDGE('',*,*,#6426,.F.);
#6426 = EDGE_CURVE('',#6367,#6418,#6427,.T.);
#6427 = LINE('',#6428,#6429);
#6428 = CARTESIAN_POINT('',(-0.5,-0.37,3.E-02));
#6429 = VECTOR('',#6430,1.);
#6430 = DIRECTION('',(0.,1.,0.));
#6431 = PLANE('',#6432);
#6432 = AXIS2_PLACEMENT_3D('',#6433,#6434,#6435);
#6433 = CARTESIAN_POINT('',(-0.5,-0.4,0.));
#6434 = DIRECTION('',(1.,0.,0.));
#6435 = DIRECTION('',(0.,0.,1.));
#6436 = ADVANCED_FACE('',(#6437),#6463,.T.);
#6437 = FACE_BOUND('',#6438,.T.);
#6438 = EDGE_LOOP('',(#6439,#6440,#6448,#6457));
#6439 = ORIENTED_EDGE('',*,*,#6364,.T.);
#6440 = ORIENTED_EDGE('',*,*,#6441,.T.);
#6441 = EDGE_CURVE('',#6367,#6442,#6444,.T.);
#6442 = VERTEX_POINT('',#6443);
#6443 = CARTESIAN_POINT('',(0.5,-0.34,3.E-02));
#6444 = LINE('',#6445,#6446);
#6445 = CARTESIAN_POINT('',(-0.5,-0.34,3.E-02));
#6446 = VECTOR('',#6447,1.);
#6447 = DIRECTION('',(1.,0.,0.));
#6448 = ORIENTED_EDGE('',*,*,#6449,.F.);
#6449 = EDGE_CURVE('',#6450,#6442,#6452,.T.);
#6450 = VERTEX_POINT('',#6451);
#6451 = CARTESIAN_POINT('',(0.5,-0.37,6.E-02));
#6452 = CIRCLE('',#6453,3.E-02);
#6453 = AXIS2_PLACEMENT_3D('',#6454,#6455,#6456);
#6454 = CARTESIAN_POINT('',(0.5,-0.34,6.E-02));
#6455 = DIRECTION('',(1.,0.,-0.));
#6456 = DIRECTION('',(0.,0.,1.));
#6457 = ORIENTED_EDGE('',*,*,#6458,.F.);
#6458 = EDGE_CURVE('',#6365,#6450,#6459,.T.);
#6459 = LINE('',#6460,#6461);
#6460 = CARTESIAN_POINT('',(-0.5,-0.37,6.E-02));
#6461 = VECTOR('',#6462,1.);
#6462 = DIRECTION('',(1.,0.,0.));
#6463 = CYLINDRICAL_SURFACE('',#6464,3.E-02);
#6464 = AXIS2_PLACEMENT_3D('',#6465,#6466,#6467);
#6465 = CARTESIAN_POINT('',(-0.5,-0.34,6.E-02));
#6466 = DIRECTION('',(1.,0.,0.));
#6467 = DIRECTION('',(0.,-1.,0.));
#6468 = ADVANCED_FACE('',(#6469),#6487,.F.);
#6469 = FACE_BOUND('',#6470,.F.);
#6470 = EDGE_LOOP('',(#6471,#6472,#6473,#6481));
#6471 = ORIENTED_EDGE('',*,*,#6426,.F.);
#6472 = ORIENTED_EDGE('',*,*,#6441,.T.);
#6473 = ORIENTED_EDGE('',*,*,#6474,.T.);
#6474 = EDGE_CURVE('',#6442,#6475,#6477,.T.);
#6475 = VERTEX_POINT('',#6476);
#6476 = CARTESIAN_POINT('',(0.5,0.34,3.E-02));
#6477 = LINE('',#6478,#6479);
#6478 = CARTESIAN_POINT('',(0.5,-0.37,3.E-02));
#6479 = VECTOR('',#6480,1.);
#6480 = DIRECTION('',(0.,1.,0.));
#6481 = ORIENTED_EDGE('',*,*,#6482,.F.);
#6482 = EDGE_CURVE('',#6418,#6475,#6483,.T.);
#6483 = LINE('',#6484,#6485);
#6484 = CARTESIAN_POINT('',(-0.5,0.34,3.E-02));
#6485 = VECTOR('',#6486,1.);
#6486 = DIRECTION('',(1.,0.,0.));
#6487 = PLANE('',#6488);
#6488 = AXIS2_PLACEMENT_3D('',#6489,#6490,#6491);
#6489 = CARTESIAN_POINT('',(-0.5,-0.37,3.E-02));
#6490 = DIRECTION('',(0.,0.,1.));
#6491 = DIRECTION('',(1.,0.,-0.));
#6492 = ADVANCED_FACE('',(#6493),#6512,.T.);
#6493 = FACE_BOUND('',#6494,.T.);
#6494 = EDGE_LOOP('',(#6495,#6503,#6510,#6511));
#6495 = ORIENTED_EDGE('',*,*,#6496,.T.);
#6496 = EDGE_CURVE('',#6410,#6497,#6499,.T.);
#6497 = VERTEX_POINT('',#6498);
#6498 = CARTESIAN_POINT('',(0.5,0.37,6.E-02));
#6499 = LINE('',#6500,#6501);
#6500 = CARTESIAN_POINT('',(-0.5,0.37,6.E-02));
#6501 = VECTOR('',#6502,1.);
#6502 = DIRECTION('',(1.,0.,0.));
#6503 = ORIENTED_EDGE('',*,*,#6504,.T.);
#6504 = EDGE_CURVE('',#6497,#6475,#6505,.T.);
#6505 = CIRCLE('',#6506,3.E-02);
#6506 = AXIS2_PLACEMENT_3D('',#6507,#6508,#6509);
#6507 = CARTESIAN_POINT('',(0.5,0.34,6.E-02));
#6508 = DIRECTION('',(-1.,0.,0.));
#6509 = DIRECTION('',(0.,0.,1.));
#6510 = ORIENTED_EDGE('',*,*,#6482,.F.);
#6511 = ORIENTED_EDGE('',*,*,#6417,.F.);
#6512 = CYLINDRICAL_SURFACE('',#6513,3.E-02);
#6513 = AXIS2_PLACEMENT_3D('',#6514,#6515,#6516);
#6514 = CARTESIAN_POINT('',(-0.5,0.34,6.E-02));
#6515 = DIRECTION('',(1.,0.,0.));
#6516 = DIRECTION('',(-0.,1.,0.));
#6517 = ADVANCED_FACE('',(#6518),#6536,.T.);
#6518 = FACE_BOUND('',#6519,.T.);
#6519 = EDGE_LOOP('',(#6520,#6528,#6529,#6530));
#6520 = ORIENTED_EDGE('',*,*,#6521,.F.);
#6521 = EDGE_CURVE('',#6497,#6522,#6524,.T.);
#6522 = VERTEX_POINT('',#6523);
#6523 = CARTESIAN_POINT('',(0.5,0.37,0.74));
#6524 = LINE('',#6525,#6526);
#6525 = CARTESIAN_POINT('',(0.5,0.37,3.E-02));
#6526 = VECTOR('',#6527,1.);
#6527 = DIRECTION('',(0.,0.,1.));
#6528 = ORIENTED_EDGE('',*,*,#6496,.F.);
#6529 = ORIENTED_EDGE('',*,*,#6409,.T.);
#6530 = ORIENTED_EDGE('',*,*,#6531,.T.);
#6531 = EDGE_CURVE('',#6401,#6522,#6532,.T.);
#6532 = LINE('',#6533,#6534);
#6533 = CARTESIAN_POINT('',(-0.5,0.37,0.74));
#6534 = VECTOR('',#6535,1.);
#6535 = DIRECTION('',(1.,0.,0.));
#6536 = PLANE('',#6537);
#6537 = AXIS2_PLACEMENT_3D('',#6538,#6539,#6540);
#6538 = CARTESIAN_POINT('',(-0.5,0.37,3.E-02));
#6539 = DIRECTION('',(0.,1.,0.));
#6540 = DIRECTION('',(0.,-0.,1.));
#6541 = ADVANCED_FACE('',(#6542),#6561,.T.);
#6542 = FACE_BOUND('',#6543,.T.);
#6543 = EDGE_LOOP('',(#6544,#6545,#6553,#6560));
#6544 = ORIENTED_EDGE('',*,*,#6400,.T.);
#6545 = ORIENTED_EDGE('',*,*,#6546,.T.);
#6546 = EDGE_CURVE('',#6393,#6547,#6549,.T.);
#6547 = VERTEX_POINT('',#6548);
#6548 = CARTESIAN_POINT('',(0.5,0.34,0.77));
#6549 = LINE('',#6550,#6551);
#6550 = CARTESIAN_POINT('',(-0.5,0.34,0.77));
#6551 = VECTOR('',#6552,1.);
#6552 = DIRECTION('',(1.,0.,0.));
#6553 = ORIENTED_EDGE('',*,*,#6554,.F.);
#6554 = EDGE_CURVE('',#6522,#6547,#6555,.T.);
#6555 = CIRCLE('',#6556,3.E-02);
#6556 = AXIS2_PLACEMENT_3D('',#6557,#6558,#6559);
#6557 = CARTESIAN_POINT('',(0.5,0.34,0.74));
#6558 = DIRECTION('',(1.,0.,-0.));
#6559 = DIRECTION('',(0.,0.,1.));
#6560 = ORIENTED_EDGE('',*,*,#6531,.F.);
#6561 = CYLINDRICAL_SURFACE('',#6562,3.E-02);
#6562 = AXIS2_PLACEMENT_3D('',#6563,#6564,#6565);
#6563 = CARTESIAN_POINT('',(-0.5,0.34,0.74));
#6564 = DIRECTION('',(1.,0.,0.));
#6565 = DIRECTION('',(-0.,1.,0.));
#6566 = ADVANCED_FACE('',(#6567),#6585,.T.);
#6567 = FACE_BOUND('',#6568,.T.);
#6568 = EDGE_LOOP('',(#6569,#6570,#6578,#6584));
#6569 = ORIENTED_EDGE('',*,*,#6392,.F.);
#6570 = ORIENTED_EDGE('',*,*,#6571,.T.);
#6571 = EDGE_CURVE('',#6384,#6572,#6574,.T.);
#6572 = VERTEX_POINT('',#6573);
#6573 = CARTESIAN_POINT('',(0.5,-0.34,0.77));
#6574 = LINE('',#6575,#6576);
#6575 = CARTESIAN_POINT('',(-0.5,-0.34,0.77));
#6576 = VECTOR('',#6577,1.);
#6577 = DIRECTION('',(1.,0.,0.));
#6578 = ORIENTED_EDGE('',*,*,#6579,.T.);
#6579 = EDGE_CURVE('',#6572,#6547,#6580,.T.);
#6580 = LINE('',#6581,#6582);
#6581 = CARTESIAN_POINT('',(0.5,-0.37,0.77));
#6582 = VECTOR('',#6583,1.);
#6583 = DIRECTION('',(0.,1.,0.));
#6584 = ORIENTED_EDGE('',*,*,#6546,.F.);
#6585 = PLANE('',#6586);
#6586 = AXIS2_PLACEMENT_3D('',#6587,#6588,#6589);
#6587 = CARTESIAN_POINT('',(-0.5,-0.37,0.77));
#6588 = DIRECTION('',(0.,0.,1.));
#6589 = DIRECTION('',(1.,0.,-0.));
#6590 = ADVANCED_FACE('',(#6591),#6610,.T.);
#6591 = FACE_BOUND('',#6592,.T.);
#6592 = EDGE_LOOP('',(#6593,#6601,#6608,#6609));
#6593 = ORIENTED_EDGE('',*,*,#6594,.T.);
#6594 = EDGE_CURVE('',#6376,#6595,#6597,.T.);
#6595 = VERTEX_POINT('',#6596);
#6596 = CARTESIAN_POINT('',(0.5,-0.37,0.74));
#6597 = LINE('',#6598,#6599);
#6598 = CARTESIAN_POINT('',(-0.5,-0.37,0.74));
#6599 = VECTOR('',#6600,1.);
#6600 = DIRECTION('',(1.,0.,0.));
#6601 = ORIENTED_EDGE('',*,*,#6602,.T.);
#6602 = EDGE_CURVE('',#6595,#6572,#6603,.T.);
#6603 = CIRCLE('',#6604,3.E-02);
#6604 = AXIS2_PLACEMENT_3D('',#6605,#6606,#6607);
#6605 = CARTESIAN_POINT('',(0.5,-0.34,0.74));
#6606 = DIRECTION('',(-1.,0.,0.));
#6607 = DIRECTION('',(0.,0.,1.));
#6608 = ORIENTED_EDGE('',*,*,#6571,.F.);
#6609 = ORIENTED_EDGE('',*,*,#6383,.F.);
#6610 = CYLINDRICAL_SURFACE('',#6611,3.E-02);
#6611 = AXIS2_PLACEMENT_3D('',#6612,#6613,#6614);
#6612 = CARTESIAN_POINT('',(-0.5,-0.34,0.74));
#6613 = DIRECTION('',(1.,0.,0.));
#6614 = DIRECTION('',(0.,-1.,0.));
#6615 = ADVANCED_FACE('',(#6616),#6627,.F.);
#6616 = FACE_BOUND('',#6617,.F.);
#6617 = EDGE_LOOP('',(#6618,#6624,#6625,#6626));
#6618 = ORIENTED_EDGE('',*,*,#6619,.F.);
#6619 = EDGE_CURVE('',#6450,#6595,#6620,.T.);
#6620 = LINE('',#6621,#6622);
#6621 = CARTESIAN_POINT('',(0.5,-0.37,3.E-02));
#6622 = VECTOR('',#6623,1.);
#6623 = DIRECTION('',(0.,0.,1.));
#6624 = ORIENTED_EDGE('',*,*,#6458,.F.);
#6625 = ORIENTED_EDGE('',*,*,#6375,.T.);
#6626 = ORIENTED_EDGE('',*,*,#6594,.T.);
#6627 = PLANE('',#6628);
#6628 = AXIS2_PLACEMENT_3D('',#6629,#6630,#6631);
#6629 = CARTESIAN_POINT('',(-0.5,-0.37,3.E-02));
#6630 = DIRECTION('',(0.,1.,0.));
#6631 = DIRECTION('',(0.,-0.,1.));
#6632 = ADVANCED_FACE('',(#6633,#6703),#6713,.F.);
#6633 = FACE_BOUND('',#6634,.F.);
#6634 = EDGE_LOOP('',(#6635,#6645,#6654,#6662,#6671,#6679,#6688,#6696));
#6635 = ORIENTED_EDGE('',*,*,#6636,.F.);
#6636 = EDGE_CURVE('',#6637,#6639,#6641,.T.);
#6637 = VERTEX_POINT('',#6638);
#6638 = CARTESIAN_POINT('',(0.5,-0.4,3.E-02));
#6639 = VERTEX_POINT('',#6640);
#6640 = CARTESIAN_POINT('',(0.5,-0.4,0.77));
#6641 = LINE('',#6642,#6643);
#6642 = CARTESIAN_POINT('',(0.5,-0.4,0.));
#6643 = VECTOR('',#6644,1.);
#6644 = DIRECTION('',(0.,0.,1.));
#6645 = ORIENTED_EDGE('',*,*,#6646,.T.);
#6646 = EDGE_CURVE('',#6637,#6647,#6649,.T.);
#6647 = VERTEX_POINT('',#6648);
#6648 = CARTESIAN_POINT('',(0.5,-0.37,0.));
#6649 = CIRCLE('',#6650,3.E-02);
#6650 = AXIS2_PLACEMENT_3D('',#6651,#6652,#6653);
#6651 = CARTESIAN_POINT('',(0.5,-0.37,3.E-02));
#6652 = DIRECTION('',(1.,0.,-0.));
#6653 = DIRECTION('',(0.,0.,1.));
#6654 = ORIENTED_EDGE('',*,*,#6655,.T.);
#6655 = EDGE_CURVE('',#6647,#6656,#6658,.T.);
#6656 = VERTEX_POINT('',#6657);
#6657 = CARTESIAN_POINT('',(0.5,0.37,0.));
#6658 = LINE('',#6659,#6660);
#6659 = CARTESIAN_POINT('',(0.5,-0.4,0.));
#6660 = VECTOR('',#6661,1.);
#6661 = DIRECTION('',(0.,1.,0.));
#6662 = ORIENTED_EDGE('',*,*,#6663,.F.);
#6663 = EDGE_CURVE('',#6664,#6656,#6666,.T.);
#6664 = VERTEX_POINT('',#6665);
#6665 = CARTESIAN_POINT('',(0.5,0.4,3.E-02));
#6666 = CIRCLE('',#6667,3.E-02);
#6667 = AXIS2_PLACEMENT_3D('',#6668,#6669,#6670);
#6668 = CARTESIAN_POINT('',(0.5,0.37,3.E-02));
#6669 = DIRECTION('',(-1.,0.,0.));
#6670 = DIRECTION('',(0.,0.,1.));
#6671 = ORIENTED_EDGE('',*,*,#6672,.T.);
#6672 = EDGE_CURVE('',#6664,#6673,#6675,.T.);
#6673 = VERTEX_POINT('',#6674);
#6674 = CARTESIAN_POINT('',(0.5,0.4,0.77));
#6675 = LINE('',#6676,#6677);
#6676 = CARTESIAN_POINT('',(0.5,0.4,0.));
#6677 = VECTOR('',#6678,1.);
#6678 = DIRECTION('',(0.,0.,1.));
#6679 = ORIENTED_EDGE('',*,*,#6680,.T.);
#6680 = EDGE_CURVE('',#6673,#6681,#6683,.T.);
#6681 = VERTEX_POINT('',#6682);
#6682 = CARTESIAN_POINT('',(0.5,0.37,0.8));
#6683 = CIRCLE('',#6684,3.E-02);
#6684 = AXIS2_PLACEMENT_3D('',#6685,#6686,#6687);
#6685 = CARTESIAN_POINT('',(0.5,0.37,0.77));
#6686 = DIRECTION('',(1.,0.,-0.));
#6687 = DIRECTION('',(0.,0.,1.));
#6688 = ORIENTED_EDGE('',*,*,#6689,.F.);
#6689 = EDGE_CURVE('',#6690,#6681,#6692,.T.);
#6690 = VERTEX_POINT('',#6691);
#6691 = CARTESIAN_POINT('',(0.5,-0.37,0.8));
#6692 = LINE('',#6693,#6694);
#6693 = CARTESIAN_POINT('',(0.5,-0.4,0.8));
#6694 = VECTOR('',#6695,1.);
#6695 = DIRECTION('',(0.,1.,0.));
#6696 = ORIENTED_EDGE('',*,*,#6697,.F.);
#6697 = EDGE_CURVE('',#6639,#6690,#6698,.T.);
#6698 = CIRCLE('',#6699,3.E-02);
#6699 = AXIS2_PLACEMENT_3D('',#6700,#6701,#6702);
#6700 = CARTESIAN_POINT('',(0.5,-0.37,0.77));
#6701 = DIRECTION('',(-1.,0.,0.));
#6702 = DIRECTION('',(0.,0.,1.));
#6703 = FACE_BOUND('',#6704,.F.);
#6704 = EDGE_LOOP('',(#6705,#6706,#6707,#6708,#6709,#6710,#6711,#6712));
#6705 = ORIENTED_EDGE('',*,*,#6449,.F.);
#6706 = ORIENTED_EDGE('',*,*,#6619,.T.);
#6707 = ORIENTED_EDGE('',*,*,#6602,.T.);
#6708 = ORIENTED_EDGE('',*,*,#6579,.T.);
#6709 = ORIENTED_EDGE('',*,*,#6554,.F.);
#6710 = ORIENTED_EDGE('',*,*,#6521,.F.);
#6711 = ORIENTED_EDGE('',*,*,#6504,.T.);
#6712 = ORIENTED_EDGE('',*,*,#6474,.F.);
#6713 = PLANE('',#6714);
#6714 = AXIS2_PLACEMENT_3D('',#6715,#6716,#6717);
#6715 = CARTESIAN_POINT('',(0.5,-0.4,0.));
#6716 = DIRECTION('',(1.,0.,0.));
#6717 = DIRECTION('',(0.,0.,1.));
#6718 = ADVANCED_FACE('',(#6719),#6744,.F.);
#6719 = FACE_BOUND('',#6720,.F.);
#6720 = EDGE_LOOP('',(#6721,#6731,#6737,#6738));
#6721 = ORIENTED_EDGE('',*,*,#6722,.F.);
#6722 = EDGE_CURVE('',#6723,#6725,#6727,.T.);
#6723 = VERTEX_POINT('',#6724);
#6724 = CARTESIAN_POINT('',(0.8,-0.4,3.E-02));
#6725 = VERTEX_POINT('',#6726);
#6726 = CARTESIAN_POINT('',(0.8,-0.4,0.77));
#6727 = LINE('',#6728,#6729);
#6728 = CARTESIAN_POINT('',(0.8,-0.4,0.));
#6729 = VECTOR('',#6730,1.);
#6730 = DIRECTION('',(0.,0.,1.));
#6731 = ORIENTED_EDGE('',*,*,#6732,.F.);
#6732 = EDGE_CURVE('',#6637,#6723,#6733,.T.);
#6733 = LINE('',#6734,#6735);
#6734 = CARTESIAN_POINT('',(0.5,-0.4,3.E-02));
#6735 = VECTOR('',#6736,1.);
#6736 = DIRECTION('',(1.,0.,0.));
#6737 = ORIENTED_EDGE('',*,*,#6636,.T.);
#6738 = ORIENTED_EDGE('',*,*,#6739,.T.);
#6739 = EDGE_CURVE('',#6639,#6725,#6740,.T.);
#6740 = LINE('',#6741,#6742);
#6741 = CARTESIAN_POINT('',(0.5,-0.4,0.77));
#6742 = VECTOR('',#6743,1.);
#6743 = DIRECTION('',(1.,0.,0.));
#6744 = PLANE('',#6745);
#6745 = AXIS2_PLACEMENT_3D('',#6746,#6747,#6748);
#6746 = CARTESIAN_POINT('',(0.5,-0.4,0.));
#6747 = DIRECTION('',(0.,1.,0.));
#6748 = DIRECTION('',(0.,-0.,1.));
#6749 = ADVANCED_FACE('',(#6750),#6769,.T.);
#6750 = FACE_BOUND('',#6751,.T.);
#6751 = EDGE_LOOP('',(#6752,#6753,#6761,#6768));
#6752 = ORIENTED_EDGE('',*,*,#6646,.T.);
#6753 = ORIENTED_EDGE('',*,*,#6754,.T.);
#6754 = EDGE_CURVE('',#6647,#6755,#6757,.T.);
#6755 = VERTEX_POINT('',#6756);
#6756 = CARTESIAN_POINT('',(0.8,-0.37,0.));
#6757 = LINE('',#6758,#6759);
#6758 = CARTESIAN_POINT('',(0.5,-0.37,0.));
#6759 = VECTOR('',#6760,1.);
#6760 = DIRECTION('',(1.,0.,0.));
#6761 = ORIENTED_EDGE('',*,*,#6762,.F.);
#6762 = EDGE_CURVE('',#6723,#6755,#6763,.T.);
#6763 = CIRCLE('',#6764,3.E-02);
#6764 = AXIS2_PLACEMENT_3D('',#6765,#6766,#6767);
#6765 = CARTESIAN_POINT('',(0.8,-0.37,3.E-02));
#6766 = DIRECTION('',(1.,0.,-0.));
#6767 = DIRECTION('',(0.,0.,1.));
#6768 = ORIENTED_EDGE('',*,*,#6732,.F.);
#6769 = CYLINDRICAL_SURFACE('',#6770,3.E-02);
#6770 = AXIS2_PLACEMENT_3D('',#6771,#6772,#6773);
#6771 = CARTESIAN_POINT('',(0.5,-0.37,3.E-02));
#6772 = DIRECTION('',(1.,0.,0.));
#6773 = DIRECTION('',(0.,-1.,0.));
#6774 = ADVANCED_FACE('',(#6775),#6794,.T.);
#6775 = FACE_BOUND('',#6776,.T.);
#6776 = EDGE_LOOP('',(#6777,#6778,#6787,#6793));
#6777 = ORIENTED_EDGE('',*,*,#6739,.T.);
#6778 = ORIENTED_EDGE('',*,*,#6779,.T.);
#6779 = EDGE_CURVE('',#6725,#6780,#6782,.T.);
#6780 = VERTEX_POINT('',#6781);
#6781 = CARTESIAN_POINT('',(0.8,-0.37,0.8));
#6782 = CIRCLE('',#6783,3.E-02);
#6783 = AXIS2_PLACEMENT_3D('',#6784,#6785,#6786);
#6784 = CARTESIAN_POINT('',(0.8,-0.37,0.77));
#6785 = DIRECTION('',(-1.,0.,0.));
#6786 = DIRECTION('',(0.,0.,1.));
#6787 = ORIENTED_EDGE('',*,*,#6788,.F.);
#6788 = EDGE_CURVE('',#6690,#6780,#6789,.T.);
#6789 = LINE('',#6790,#6791);
#6790 = CARTESIAN_POINT('',(0.5,-0.37,0.8));
#6791 = VECTOR('',#6792,1.);
#6792 = DIRECTION('',(1.,0.,0.));
#6793 = ORIENTED_EDGE('',*,*,#6697,.F.);
#6794 = CYLINDRICAL_SURFACE('',#6795,3.E-02);
#6795 = AXIS2_PLACEMENT_3D('',#6796,#6797,#6798);
#6796 = CARTESIAN_POINT('',(0.5,-0.37,0.77));
#6797 = DIRECTION('',(1.,0.,0.));
#6798 = DIRECTION('',(0.,-1.,0.));
#6799 = ADVANCED_FACE('',(#6800),#6818,.F.);
#6800 = FACE_BOUND('',#6801,.F.);
#6801 = EDGE_LOOP('',(#6802,#6803,#6804,#6812));
#6802 = ORIENTED_EDGE('',*,*,#6655,.F.);
#6803 = ORIENTED_EDGE('',*,*,#6754,.T.);
#6804 = ORIENTED_EDGE('',*,*,#6805,.T.);
#6805 = EDGE_CURVE('',#6755,#6806,#6808,.T.);
#6806 = VERTEX_POINT('',#6807);
#6807 = CARTESIAN_POINT('',(0.8,0.37,0.));
#6808 = LINE('',#6809,#6810);
#6809 = CARTESIAN_POINT('',(0.8,-0.4,0.));
#6810 = VECTOR('',#6811,1.);
#6811 = DIRECTION('',(0.,1.,0.));
#6812 = ORIENTED_EDGE('',*,*,#6813,.F.);
#6813 = EDGE_CURVE('',#6656,#6806,#6814,.T.);
#6814 = LINE('',#6815,#6816);
#6815 = CARTESIAN_POINT('',(0.5,0.37,0.));
#6816 = VECTOR('',#6817,1.);
#6817 = DIRECTION('',(1.,0.,0.));
#6818 = PLANE('',#6819);
#6819 = AXIS2_PLACEMENT_3D('',#6820,#6821,#6822);
#6820 = CARTESIAN_POINT('',(0.5,-0.4,0.));
#6821 = DIRECTION('',(0.,0.,1.));
#6822 = DIRECTION('',(1.,0.,-0.));
#6823 = ADVANCED_FACE('',(#6824),#6842,.T.);
#6824 = FACE_BOUND('',#6825,.T.);
#6825 = EDGE_LOOP('',(#6826,#6827,#6828,#6836));
#6826 = ORIENTED_EDGE('',*,*,#6689,.F.);
#6827 = ORIENTED_EDGE('',*,*,#6788,.T.);
#6828 = ORIENTED_EDGE('',*,*,#6829,.T.);
#6829 = EDGE_CURVE('',#6780,#6830,#6832,.T.);
#6830 = VERTEX_POINT('',#6831);
#6831 = CARTESIAN_POINT('',(0.8,0.37,0.8));
#6832 = LINE('',#6833,#6834);
#6833 = CARTESIAN_POINT('',(0.8,-0.4,0.8));
#6834 = VECTOR('',#6835,1.);
#6835 = DIRECTION('',(0.,1.,0.));
#6836 = ORIENTED_EDGE('',*,*,#6837,.F.);
#6837 = EDGE_CURVE('',#6681,#6830,#6838,.T.);
#6838 = LINE('',#6839,#6840);
#6839 = CARTESIAN_POINT('',(0.5,0.37,0.8));
#6840 = VECTOR('',#6841,1.);
#6841 = DIRECTION('',(1.,0.,0.));
#6842 = PLANE('',#6843);
#6843 = AXIS2_PLACEMENT_3D('',#6844,#6845,#6846);
#6844 = CARTESIAN_POINT('',(0.5,-0.4,0.8));
#6845 = DIRECTION('',(0.,0.,1.));
#6846 = DIRECTION('',(1.,0.,-0.));
#6847 = ADVANCED_FACE('',(#6848),#6867,.T.);
#6848 = FACE_BOUND('',#6849,.T.);
#6849 = EDGE_LOOP('',(#6850,#6858,#6865,#6866));
#6850 = ORIENTED_EDGE('',*,*,#6851,.T.);
#6851 = EDGE_CURVE('',#6664,#6852,#6854,.T.);
#6852 = VERTEX_POINT('',#6853);
#6853 = CARTESIAN_POINT('',(0.8,0.4,3.E-02));
#6854 = LINE('',#6855,#6856);
#6855 = CARTESIAN_POINT('',(0.5,0.4,3.E-02));
#6856 = VECTOR('',#6857,1.);
#6857 = DIRECTION('',(1.,0.,0.));
#6858 = ORIENTED_EDGE('',*,*,#6859,.T.);
#6859 = EDGE_CURVE('',#6852,#6806,#6860,.T.);
#6860 = CIRCLE('',#6861,3.E-02);
#6861 = AXIS2_PLACEMENT_3D('',#6862,#6863,#6864);
#6862 = CARTESIAN_POINT('',(0.8,0.37,3.E-02));
#6863 = DIRECTION('',(-1.,0.,0.));
#6864 = DIRECTION('',(0.,0.,1.));
#6865 = ORIENTED_EDGE('',*,*,#6813,.F.);
#6866 = ORIENTED_EDGE('',*,*,#6663,.F.);
#6867 = CYLINDRICAL_SURFACE('',#6868,3.E-02);
#6868 = AXIS2_PLACEMENT_3D('',#6869,#6870,#6871);
#6869 = CARTESIAN_POINT('',(0.5,0.37,3.E-02));
#6870 = DIRECTION('',(1.,0.,0.));
#6871 = DIRECTION('',(-0.,1.,0.));
#6872 = ADVANCED_FACE('',(#6873),#6892,.T.);
#6873 = FACE_BOUND('',#6874,.T.);
#6874 = EDGE_LOOP('',(#6875,#6876,#6877,#6886));
#6875 = ORIENTED_EDGE('',*,*,#6680,.T.);
#6876 = ORIENTED_EDGE('',*,*,#6837,.T.);
#6877 = ORIENTED_EDGE('',*,*,#6878,.F.);
#6878 = EDGE_CURVE('',#6879,#6830,#6881,.T.);
#6879 = VERTEX_POINT('',#6880);
#6880 = CARTESIAN_POINT('',(0.8,0.4,0.77));
#6881 = CIRCLE('',#6882,3.E-02);
#6882 = AXIS2_PLACEMENT_3D('',#6883,#6884,#6885);
#6883 = CARTESIAN_POINT('',(0.8,0.37,0.77));
#6884 = DIRECTION('',(1.,0.,-0.));
#6885 = DIRECTION('',(0.,0.,1.));
#6886 = ORIENTED_EDGE('',*,*,#6887,.F.);
#6887 = EDGE_CURVE('',#6673,#6879,#6888,.T.);
#6888 = LINE('',#6889,#6890);
#6889 = CARTESIAN_POINT('',(0.5,0.4,0.77));
#6890 = VECTOR('',#6891,1.);
#6891 = DIRECTION('',(1.,0.,0.));
#6892 = CYLINDRICAL_SURFACE('',#6893,3.E-02);
#6893 = AXIS2_PLACEMENT_3D('',#6894,#6895,#6896);
#6894 = CARTESIAN_POINT('',(0.5,0.37,0.77));
#6895 = DIRECTION('',(1.,0.,0.));
#6896 = DIRECTION('',(-0.,1.,0.));
#6897 = ADVANCED_FACE('',(#6898),#6909,.T.);
#6898 = FACE_BOUND('',#6899,.T.);
#6899 = EDGE_LOOP('',(#6900,#6906,#6907,#6908));
#6900 = ORIENTED_EDGE('',*,*,#6901,.F.);
#6901 = EDGE_CURVE('',#6852,#6879,#6902,.T.);
#6902 = LINE('',#6903,#6904);
#6903 = CARTESIAN_POINT('',(0.8,0.4,0.));
#6904 = VECTOR('',#6905,1.);
#6905 = DIRECTION('',(0.,0.,1.));
#6906 = ORIENTED_EDGE('',*,*,#6851,.F.);
#6907 = ORIENTED_EDGE('',*,*,#6672,.T.);
#6908 = ORIENTED_EDGE('',*,*,#6887,.T.);
#6909 = PLANE('',#6910);
#6910 = AXIS2_PLACEMENT_3D('',#6911,#6912,#6913);
#6911 = CARTESIAN_POINT('',(0.5,0.4,0.));
#6912 = DIRECTION('',(0.,1.,0.));
#6913 = DIRECTION('',(0.,-0.,1.));
#6914 = ADVANCED_FACE('',(#6915),#6925,.T.);
#6915 = FACE_BOUND('',#6916,.T.);
#6916 = EDGE_LOOP('',(#6917,#6918,#6919,#6920,#6921,#6922,#6923,#6924));
#6917 = ORIENTED_EDGE('',*,*,#6722,.F.);
#6918 = ORIENTED_EDGE('',*,*,#6762,.T.);
#6919 = ORIENTED_EDGE('',*,*,#6805,.T.);
#6920 = ORIENTED_EDGE('',*,*,#6859,.F.);
#6921 = ORIENTED_EDGE('',*,*,#6901,.T.);
#6922 = ORIENTED_EDGE('',*,*,#6878,.T.);
#6923 = ORIENTED_EDGE('',*,*,#6829,.F.);
#6924 = ORIENTED_EDGE('',*,*,#6779,.F.);
#6925 = PLANE('',#6926);
#6926 = AXIS2_PLACEMENT_3D('',#6927,#6928,#6929);
#6927 = CARTESIAN_POINT('',(0.8,-0.4,0.));
#6928 = DIRECTION('',(1.,0.,0.));
#6929 = DIRECTION('',(0.,0.,1.));
#6930 = ( GEOMETRIC_REPRESENTATION_CONTEXT(3) 
GLOBAL_UNCERTAINTY_ASSIGNED_CONTEXT((#6934)) 
GLOBAL_UNIT_ASSIGNED_CONTEXT((#6931,#6932,#6933)) REPRESENTATION_CONTEXT
('Context #1','3D Context with UNIT and UNCERTAINTY') );
#6931 = ( LENGTH_UNIT() NAMED_UNIT(*) SI_UNIT(.MILLI.,.METRE.) );
#6932 = ( NAMED_UNIT(*) PLANE_ANGLE_UNIT() SI_UNIT($,.RADIAN.) );
#6933 = ( NAMED_UNIT(*) SI_UNIT($,.STERADIAN.) SOLID_ANGLE_UNIT() );
#6934 = UNCERTAINTY_MEASURE_WITH_UNIT(LENGTH_MEASURE(1.E-07),#6931,
  'distance_accuracy_value','confusion accuracy');
#6935 = CONTEXT_DEPENDENT_SHAPE_REPRESENTATION(#6936,#6938);
#6936 = ( REPRESENTATION_RELATIONSHIP('','',#6075,#6052) 
REPRESENTATION_RELATIONSHIP_WITH_TRANSFORMATION(#6937) 
SHAPE_REPRESENTATION_RELATIONSHIP() );
#6937 = ITEM_DEFINED_TRANSFORMATION('','',#11,#6053);
#6938 = PRODUCT_DEFINITION_SHAPE('Placement','Placement of an item',
  #6939);
#6939 = NEXT_ASSEMBLY_USAGE_OCCURRENCE('9','=>[0:1:1:9]','',#6047,#6070,
  $);
#6940 = PRODUCT_RELATED_PRODUCT_CATEGORY('part',$,(#6072));
#6941 = CONTEXT_DEPENDENT_SHAPE_REPRESENTATION(#6942,#6944);
#6942 = ( REPRESENTATION_RELATIONSHIP('','',#80,#10) 
REPRESENTATION_RELATIONSHIP_WITH_TRANSFORMATION(#6943) 
SHAPE_REPRESENTATION_RELATIONSHIP() );
#6943 = ITEM_DEFINED_TRANSFORMATION('','',#11,#39);
#6944 = PRODUCT_DEFINITION_SHAPE('Placement','Placement of an item',
  #6945);
#6945 = NEXT_ASSEMBLY_USAGE_OCCURRENCE('11','J2','',#5,#75,$);
#6946 = CONTEXT_DEPENDENT_SHAPE_REPRESENTATION(#6947,#6949);
#6947 = ( REPRESENTATION_RELATIONSHIP('','',#80,#10) 
REPRESENTATION_RELATIONSHIP_WITH_TRANSFORMATION(#6948) 
SHAPE_REPRESENTATION_RELATIONSHIP() );
#6948 = ITEM_DEFINED_TRANSFORMATION('','',#11,#43);
#6949 = PRODUCT_DEFINITION_SHAPE('Placement','Placement of an item',
  #6950);
#6950 = NEXT_ASSEMBLY_USAGE_OCCURRENCE('12','J3','',#5,#75,$);
#6951 = CONTEXT_DEPENDENT_SHAPE_REPRESENTATION(#6952,#6954);
#6952 = ( REPRESENTATION_RELATIONSHIP('','',#4558,#10) 
REPRESENTATION_RELATIONSHIP_WITH_TRANSFORMATION(#6953) 
SHAPE_REPRESENTATION_RELATIONSHIP() );
#6953 = ITEM_DEFINED_TRANSFORMATION('','',#11,#47);
#6954 = PRODUCT_DEFINITION_SHAPE('Placement','Placement of an item',
  #6955);
#6955 = NEXT_ASSEMBLY_USAGE_OCCURRENCE('13','C3','',#5,#4553,$);
#6956 = SHAPE_DEFINITION_REPRESENTATION(#6957,#6963);
#6957 = PRODUCT_DEFINITION_SHAPE('','',#6958);
#6958 = PRODUCT_DEFINITION('design','',#6959,#6962);
#6959 = PRODUCT_DEFINITION_FORMATION('','',#6960);
#6960 = PRODUCT('WSON-8-1EP_2x2mm_P0.5mm_EP0.9x1.6mm',
  'WSON-8-1EP_2x2mm_P0.5mm_EP0.9x1.6mm','',(#6961));
#6961 = PRODUCT_CONTEXT('',#2,'mechanical');
#6962 = PRODUCT_DEFINITION_CONTEXT('part definition',#2,'design');
#6963 = SHAPE_REPRESENTATION('',(#11,#6964),#6968);
#6964 = AXIS2_PLACEMENT_3D('',#6965,#6966,#6967);
#6965 = CARTESIAN_POINT('',(0.,0.,0.));
#6966 = DIRECTION('',(0.,0.,1.));
#6967 = DIRECTION('',(1.,0.,-0.));
#6968 = ( GEOMETRIC_REPRESENTATION_CONTEXT(3) 
GLOBAL_UNCERTAINTY_ASSIGNED_CONTEXT((#6972)) 
GLOBAL_UNIT_ASSIGNED_CONTEXT((#6969,#6970,#6971)) REPRESENTATION_CONTEXT
('Context #1','3D Context with UNIT and UNCERTAINTY') );
#6969 = ( LENGTH_UNIT() NAMED_UNIT(*) SI_UNIT(.MILLI.,.METRE.) );
#6970 = ( NAMED_UNIT(*) PLANE_ANGLE_UNIT() SI_UNIT($,.RADIAN.) );
#6971 = ( NAMED_UNIT(*) SI_UNIT($,.STERADIAN.) SOLID_ANGLE_UNIT() );
#6972 = UNCERTAINTY_MEASURE_WITH_UNIT(LENGTH_MEASURE(1.E-07),#6969,
  'distance_accuracy_value','confusion accuracy');
#6973 = CONTEXT_DEPENDENT_SHAPE_REPRESENTATION(#6974,#6976);
#6974 = ( REPRESENTATION_RELATIONSHIP('','',#6963,#10) 
REPRESENTATION_RELATIONSHIP_WITH_TRANSFORMATION(#6975) 
SHAPE_REPRESENTATION_RELATIONSHIP() );
#6975 = ITEM_DEFINED_TRANSFORMATION('','',#11,#51);
#6976 = PRODUCT_DEFINITION_SHAPE('Placement','Placement of an item',
  #6977);
#6977 = NEXT_ASSEMBLY_USAGE_OCCURRENCE('15','U2','',#5,#6958,$);
#6978 = PRODUCT_RELATED_PRODUCT_CATEGORY('part',$,(#6960));
#6979 = SHAPE_DEFINITION_REPRESENTATION(#6980,#6986);
#6980 = PRODUCT_DEFINITION_SHAPE('','',#6981);
#6981 = PRODUCT_DEFINITION('design','',#6982,#6985);
#6982 = PRODUCT_DEFINITION_FORMATION('','',#6983);
#6983 = PRODUCT('WSON_8_1EP_2x2mm_P05mm_EP09x16mm',
  'WSON_8_1EP_2x2mm_P05mm_EP09x16mm','',(#6984));
#6984 = PRODUCT_CONTEXT('',#2,'mechanical');
#6985 = PRODUCT_DEFINITION_CONTEXT('part definition',#2,'design');
#6986 = ADVANCED_BREP_SHAPE_REPRESENTATION('',(#11,#6987),#8941);
#6987 = MANIFOLD_SOLID_BREP('',#6988);
#6988 = CLOSED_SHELL('',(#6989,#7029,#7076,#7100,#7140,#7157,#7472,#7581
    ,#7593,#7716,#7733,#7773,#7797,#7837,#7870,#7894,#7927,#7967,#7991,
    #8031,#8064,#8088,#8121,#8161,#8185,#8225,#8258,#8282,#8315,#8355,
    #8379,#8412,#8429,#8460,#8484,#8508,#8532,#8549,#8572,#8589,#8606,
    #8623,#8640,#8657,#8674,#8691,#8708,#8720,#8737,#8749,#8766,#8778,
    #8795,#8807,#8824,#8836,#8853,#8865,#8882,#8894,#8907,#8932));
#6989 = ADVANCED_FACE('',(#6990),#7024,.T.);
#6990 = FACE_BOUND('',#6991,.F.);
#6991 = EDGE_LOOP('',(#6992,#7002,#7010,#7018));
#6992 = ORIENTED_EDGE('',*,*,#6993,.T.);
#6993 = EDGE_CURVE('',#6994,#6996,#6998,.T.);
#6994 = VERTEX_POINT('',#6995);
#6995 = CARTESIAN_POINT('',(-1.,-0.875,0.));
#6996 = VERTEX_POINT('',#6997);
#6997 = CARTESIAN_POINT('',(-0.7,-0.875,0.));
#6998 = LINE('',#6999,#7000);
#6999 = CARTESIAN_POINT('',(-1.,-0.875,0.));
#7000 = VECTOR('',#7001,1.);
#7001 = DIRECTION('',(1.,-2.288475490444E-17,0.));
#7002 = ORIENTED_EDGE('',*,*,#7003,.T.);
#7003 = EDGE_CURVE('',#6996,#7004,#7006,.T.);
#7004 = VERTEX_POINT('',#7005);
#7005 = CARTESIAN_POINT('',(-0.7,-0.625,0.));
#7006 = LINE('',#7007,#7008);
#7007 = CARTESIAN_POINT('',(-0.7,-0.875,0.));
#7008 = VECTOR('',#7009,1.);
#7009 = DIRECTION('',(2.288475490444E-17,1.,0.));
#7010 = ORIENTED_EDGE('',*,*,#7011,.T.);
#7011 = EDGE_CURVE('',#7004,#7012,#7014,.T.);
#7012 = VERTEX_POINT('',#7013);
#7013 = CARTESIAN_POINT('',(-1.,-0.625,0.));
#7014 = LINE('',#7015,#7016);
#7015 = CARTESIAN_POINT('',(-0.7,-0.625,0.));
#7016 = VECTOR('',#7017,1.);
#7017 = DIRECTION('',(-1.,2.288475490444E-17,0.));
#7018 = ORIENTED_EDGE('',*,*,#7019,.T.);
#7019 = EDGE_CURVE('',#7012,#6994,#7020,.T.);
#7020 = LINE('',#7021,#7022);
#7021 = CARTESIAN_POINT('',(-1.,-0.625,0.));
#7022 = VECTOR('',#7023,1.);
#7023 = DIRECTION('',(-2.288475490444E-17,-1.,0.));
#7024 = PLANE('',#7025);
#7025 = AXIS2_PLACEMENT_3D('',#7026,#7027,#7028);
#7026 = CARTESIAN_POINT('',(-1.,-0.875,0.));
#7027 = DIRECTION('',(0.,-0.,-1.));
#7028 = DIRECTION('',(2.288475490444E-17,1.,0.));
#7029 = ADVANCED_FACE('',(#7030),#7071,.F.);
#7030 = FACE_BOUND('',#7031,.F.);
#7031 = EDGE_LOOP('',(#7032,#7033,#7041,#7049,#7057,#7065));
#7032 = ORIENTED_EDGE('',*,*,#6993,.F.);
#7033 = ORIENTED_EDGE('',*,*,#7034,.T.);
#7034 = EDGE_CURVE('',#6994,#7035,#7037,.T.);
#7035 = VERTEX_POINT('',#7036);
#7036 = CARTESIAN_POINT('',(-1.,-0.875,0.2));
#7037 = LINE('',#7038,#7039);
#7038 = CARTESIAN_POINT('',(-1.,-0.875,0.));
#7039 = VECTOR('',#7040,1.);
#7040 = DIRECTION('',(0.,0.,1.));
#7041 = ORIENTED_EDGE('',*,*,#7042,.T.);
#7042 = EDGE_CURVE('',#7035,#7043,#7045,.T.);
#7043 = VERTEX_POINT('',#7044);
#7044 = CARTESIAN_POINT('',(-0.99,-0.875,0.2));
#7045 = LINE('',#7046,#7047);
#7046 = CARTESIAN_POINT('',(-1.,-0.875,0.2));
#7047 = VECTOR('',#7048,1.);
#7048 = DIRECTION('',(1.,-2.288475490444E-17,0.));
#7049 = ORIENTED_EDGE('',*,*,#7050,.F.);
#7050 = EDGE_CURVE('',#7051,#7043,#7053,.T.);
#7051 = VERTEX_POINT('',#7052);
#7052 = CARTESIAN_POINT('',(-0.99,-0.875,2.E-02));
#7053 = LINE('',#7054,#7055);
#7054 = CARTESIAN_POINT('',(-0.99,-0.875,1.E-02));
#7055 = VECTOR('',#7056,1.);
#7056 = DIRECTION('',(0.,0.,1.));
#7057 = ORIENTED_EDGE('',*,*,#7058,.F.);
#7058 = EDGE_CURVE('',#7059,#7051,#7061,.T.);
#7059 = VERTEX_POINT('',#7060);
#7060 = CARTESIAN_POINT('',(-0.7,-0.875,2.E-02));
#7061 = LINE('',#7062,#7063);
#7062 = CARTESIAN_POINT('',(-0.995,-0.875,2.E-02));
#7063 = VECTOR('',#7064,1.);
#7064 = DIRECTION('',(-1.,2.288475490444E-17,0.));
#7065 = ORIENTED_EDGE('',*,*,#7066,.F.);
#7066 = EDGE_CURVE('',#6996,#7059,#7067,.T.);
#7067 = LINE('',#7068,#7069);
#7068 = CARTESIAN_POINT('',(-0.7,-0.875,0.));
#7069 = VECTOR('',#7070,1.);
#7070 = DIRECTION('',(0.,0.,1.));
#7071 = PLANE('',#7072);
#7072 = AXIS2_PLACEMENT_3D('',#7073,#7074,#7075);
#7073 = CARTESIAN_POINT('',(-1.,-0.875,0.));
#7074 = DIRECTION('',(2.288475490444E-17,1.,0.));
#7075 = DIRECTION('',(1.,-2.288475490444E-17,0.));
#7076 = ADVANCED_FACE('',(#7077),#7095,.F.);
#7077 = FACE_BOUND('',#7078,.F.);
#7078 = EDGE_LOOP('',(#7079,#7080,#7081,#7089));
#7079 = ORIENTED_EDGE('',*,*,#7003,.F.);
#7080 = ORIENTED_EDGE('',*,*,#7066,.T.);
#7081 = ORIENTED_EDGE('',*,*,#7082,.F.);
#7082 = EDGE_CURVE('',#7083,#7059,#7085,.T.);
#7083 = VERTEX_POINT('',#7084);
#7084 = CARTESIAN_POINT('',(-0.7,-0.625,2.E-02));
#7085 = LINE('',#7086,#7087);
#7086 = CARTESIAN_POINT('',(-0.7,5.75E-02,2.E-02));
#7087 = VECTOR('',#7088,1.);
#7088 = DIRECTION('',(-2.288475490444E-17,-1.,0.));
#7089 = ORIENTED_EDGE('',*,*,#7090,.F.);
#7090 = EDGE_CURVE('',#7004,#7083,#7091,.T.);
#7091 = LINE('',#7092,#7093);
#7092 = CARTESIAN_POINT('',(-0.7,-0.625,0.));
#7093 = VECTOR('',#7094,1.);
#7094 = DIRECTION('',(0.,0.,1.));
#7095 = PLANE('',#7096);
#7096 = AXIS2_PLACEMENT_3D('',#7097,#7098,#7099);
#7097 = CARTESIAN_POINT('',(-0.7,-0.875,0.));
#7098 = DIRECTION('',(-1.,2.288475490444E-17,0.));
#7099 = DIRECTION('',(2.288475490444E-17,1.,0.));
#7100 = ADVANCED_FACE('',(#7101),#7135,.F.);
#7101 = FACE_BOUND('',#7102,.F.);
#7102 = EDGE_LOOP('',(#7103,#7104,#7105,#7113,#7121,#7129));
#7103 = ORIENTED_EDGE('',*,*,#7011,.F.);
#7104 = ORIENTED_EDGE('',*,*,#7090,.T.);
#7105 = ORIENTED_EDGE('',*,*,#7106,.F.);
#7106 = EDGE_CURVE('',#7107,#7083,#7109,.T.);
#7107 = VERTEX_POINT('',#7108);
#7108 = CARTESIAN_POINT('',(-0.99,-0.625,2.E-02));
#7109 = LINE('',#7110,#7111);
#7110 = CARTESIAN_POINT('',(-0.845,-0.625,2.E-02));
#7111 = VECTOR('',#7112,1.);
#7112 = DIRECTION('',(1.,-2.288475490444E-17,0.));
#7113 = ORIENTED_EDGE('',*,*,#7114,.F.);
#7114 = EDGE_CURVE('',#7115,#7107,#7117,.T.);
#7115 = VERTEX_POINT('',#7116);
#7116 = CARTESIAN_POINT('',(-0.99,-0.625,0.2));
#7117 = LINE('',#7118,#7119);
#7118 = CARTESIAN_POINT('',(-0.99,-0.625,1.E-02));
#7119 = VECTOR('',#7120,1.);
#7120 = DIRECTION('',(0.,0.,-1.));
#7121 = ORIENTED_EDGE('',*,*,#7122,.T.);
#7122 = EDGE_CURVE('',#7115,#7123,#7125,.T.);
#7123 = VERTEX_POINT('',#7124);
#7124 = CARTESIAN_POINT('',(-1.,-0.625,0.2));
#7125 = LINE('',#7126,#7127);
#7126 = CARTESIAN_POINT('',(-0.7,-0.625,0.2));
#7127 = VECTOR('',#7128,1.);
#7128 = DIRECTION('',(-1.,2.288475490444E-17,0.));
#7129 = ORIENTED_EDGE('',*,*,#7130,.F.);
#7130 = EDGE_CURVE('',#7012,#7123,#7131,.T.);
#7131 = LINE('',#7132,#7133);
#7132 = CARTESIAN_POINT('',(-1.,-0.625,0.));
#7133 = VECTOR('',#7134,1.);
#7134 = DIRECTION('',(0.,0.,1.));
#7135 = PLANE('',#7136);
#7136 = AXIS2_PLACEMENT_3D('',#7137,#7138,#7139);
#7137 = CARTESIAN_POINT('',(-0.7,-0.625,0.));
#7138 = DIRECTION('',(-2.288475490444E-17,-1.,0.));
#7139 = DIRECTION('',(-1.,2.288475490444E-17,0.));
#7140 = ADVANCED_FACE('',(#7141),#7152,.F.);
#7141 = FACE_BOUND('',#7142,.F.);
#7142 = EDGE_LOOP('',(#7143,#7144,#7150,#7151));
#7143 = ORIENTED_EDGE('',*,*,#7130,.T.);
#7144 = ORIENTED_EDGE('',*,*,#7145,.T.);
#7145 = EDGE_CURVE('',#7123,#7035,#7146,.T.);
#7146 = LINE('',#7147,#7148);
#7147 = CARTESIAN_POINT('',(-1.,-0.625,0.2));
#7148 = VECTOR('',#7149,1.);
#7149 = DIRECTION('',(-2.288475490444E-17,-1.,0.));
#7150 = ORIENTED_EDGE('',*,*,#7034,.F.);
#7151 = ORIENTED_EDGE('',*,*,#7019,.F.);
#7152 = PLANE('',#7153);
#7153 = AXIS2_PLACEMENT_3D('',#7154,#7155,#7156);
#7154 = CARTESIAN_POINT('',(-1.,-0.625,0.));
#7155 = DIRECTION('',(1.,-2.288475490444E-17,0.));
#7156 = DIRECTION('',(-2.288475490444E-17,-1.,0.));
#7157 = ADVANCED_FACE('',(#7158,#7425),#7467,.F.);
#7158 = FACE_BOUND('',#7159,.F.);
#7159 = EDGE_LOOP('',(#7160,#7170,#7178,#7186,#7194,#7202,#7210,#7218,
    #7226,#7234,#7242,#7250,#7258,#7266,#7274,#7280,#7281,#7282,#7283,
    #7291,#7299,#7307,#7315,#7323,#7331,#7339,#7347,#7355,#7363,#7371,
    #7379,#7387,#7395,#7403,#7411,#7419));
#7160 = ORIENTED_EDGE('',*,*,#7161,.F.);
#7161 = EDGE_CURVE('',#7162,#7164,#7166,.T.);
#7162 = VERTEX_POINT('',#7163);
#7163 = CARTESIAN_POINT('',(0.99,0.99,2.E-02));
#7164 = VERTEX_POINT('',#7165);
#7165 = CARTESIAN_POINT('',(0.99,0.875,2.E-02));
#7166 = LINE('',#7167,#7168);
#7167 = CARTESIAN_POINT('',(0.99,0.99,2.E-02));
#7168 = VECTOR('',#7169,1.);
#7169 = DIRECTION('',(2.22044604925E-16,-1.,0.));
#7170 = ORIENTED_EDGE('',*,*,#7171,.F.);
#7171 = EDGE_CURVE('',#7172,#7162,#7174,.T.);
#7172 = VERTEX_POINT('',#7173);
#7173 = CARTESIAN_POINT('',(-0.99,0.99,2.E-02));
#7174 = LINE('',#7175,#7176);
#7175 = CARTESIAN_POINT('',(-0.99,0.99,2.E-02));
#7176 = VECTOR('',#7177,1.);
#7177 = DIRECTION('',(1.,2.22044604925E-16,0.));
#7178 = ORIENTED_EDGE('',*,*,#7179,.T.);
#7179 = EDGE_CURVE('',#7172,#7180,#7182,.T.);
#7180 = VERTEX_POINT('',#7181);
#7181 = CARTESIAN_POINT('',(-0.99,0.875,2.E-02));
#7182 = LINE('',#7183,#7184);
#7183 = CARTESIAN_POINT('',(-0.99,0.99,2.E-02));
#7184 = VECTOR('',#7185,1.);
#7185 = DIRECTION('',(2.22044604925E-16,-1.,0.));
#7186 = ORIENTED_EDGE('',*,*,#7187,.T.);
#7187 = EDGE_CURVE('',#7180,#7188,#7190,.T.);
#7188 = VERTEX_POINT('',#7189);
#7189 = CARTESIAN_POINT('',(-0.7,0.875,2.E-02));
#7190 = LINE('',#7191,#7192);
#7191 = CARTESIAN_POINT('',(-0.845,0.875,2.E-02));
#7192 = VECTOR('',#7193,1.);
#7193 = DIRECTION('',(1.,-2.288475490444E-17,0.));
#7194 = ORIENTED_EDGE('',*,*,#7195,.T.);
#7195 = EDGE_CURVE('',#7188,#7196,#7198,.T.);
#7196 = VERTEX_POINT('',#7197);
#7197 = CARTESIAN_POINT('',(-0.7,0.625,2.E-02));
#7198 = LINE('',#7199,#7200);
#7199 = CARTESIAN_POINT('',(-0.7,0.8075,2.E-02));
#7200 = VECTOR('',#7201,1.);
#7201 = DIRECTION('',(-2.288475490444E-17,-1.,0.));
#7202 = ORIENTED_EDGE('',*,*,#7203,.T.);
#7203 = EDGE_CURVE('',#7196,#7204,#7206,.T.);
#7204 = VERTEX_POINT('',#7205);
#7205 = CARTESIAN_POINT('',(-0.99,0.625,2.E-02));
#7206 = LINE('',#7207,#7208);
#7207 = CARTESIAN_POINT('',(-0.995,0.625,2.E-02));
#7208 = VECTOR('',#7209,1.);
#7209 = DIRECTION('',(-1.,2.288475490444E-17,0.));
#7210 = ORIENTED_EDGE('',*,*,#7211,.T.);
#7211 = EDGE_CURVE('',#7204,#7212,#7214,.T.);
#7212 = VERTEX_POINT('',#7213);
#7213 = CARTESIAN_POINT('',(-0.99,0.375,2.E-02));
#7214 = LINE('',#7215,#7216);
#7215 = CARTESIAN_POINT('',(-0.99,0.99,2.E-02));
#7216 = VECTOR('',#7217,1.);
#7217 = DIRECTION('',(2.22044604925E-16,-1.,0.));
#7218 = ORIENTED_EDGE('',*,*,#7219,.T.);
#7219 = EDGE_CURVE('',#7212,#7220,#7222,.T.);
#7220 = VERTEX_POINT('',#7221);
#7221 = CARTESIAN_POINT('',(-0.7,0.375,2.E-02));
#7222 = LINE('',#7223,#7224);
#7223 = CARTESIAN_POINT('',(-0.845,0.375,2.E-02));
#7224 = VECTOR('',#7225,1.);
#7225 = DIRECTION('',(1.,-2.288475490444E-17,0.));
#7226 = ORIENTED_EDGE('',*,*,#7227,.T.);
#7227 = EDGE_CURVE('',#7220,#7228,#7230,.T.);
#7228 = VERTEX_POINT('',#7229);
#7229 = CARTESIAN_POINT('',(-0.7,0.125,2.E-02));
#7230 = LINE('',#7231,#7232);
#7231 = CARTESIAN_POINT('',(-0.7,0.5575,2.E-02));
#7232 = VECTOR('',#7233,1.);
#7233 = DIRECTION('',(-2.288475490444E-17,-1.,0.));
#7234 = ORIENTED_EDGE('',*,*,#7235,.T.);
#7235 = EDGE_CURVE('',#7228,#7236,#7238,.T.);
#7236 = VERTEX_POINT('',#7237);
#7237 = CARTESIAN_POINT('',(-0.99,0.125,2.E-02));
#7238 = LINE('',#7239,#7240);
#7239 = CARTESIAN_POINT('',(-0.995,0.125,2.E-02));
#7240 = VECTOR('',#7241,1.);
#7241 = DIRECTION('',(-1.,2.288475490444E-17,0.));
#7242 = ORIENTED_EDGE('',*,*,#7243,.T.);
#7243 = EDGE_CURVE('',#7236,#7244,#7246,.T.);
#7244 = VERTEX_POINT('',#7245);
#7245 = CARTESIAN_POINT('',(-0.99,-0.125,2.E-02));
#7246 = LINE('',#7247,#7248);
#7247 = CARTESIAN_POINT('',(-0.99,0.99,2.E-02));
#7248 = VECTOR('',#7249,1.);
#7249 = DIRECTION('',(2.22044604925E-16,-1.,0.));
#7250 = ORIENTED_EDGE('',*,*,#7251,.T.);
#7251 = EDGE_CURVE('',#7244,#7252,#7254,.T.);
#7252 = VERTEX_POINT('',#7253);
#7253 = CARTESIAN_POINT('',(-0.7,-0.125,2.E-02));
#7254 = LINE('',#7255,#7256);
#7255 = CARTESIAN_POINT('',(-0.845,-0.125,2.E-02));
#7256 = VECTOR('',#7257,1.);
#7257 = DIRECTION('',(1.,-2.288475490444E-17,0.));
#7258 = ORIENTED_EDGE('',*,*,#7259,.T.);
#7259 = EDGE_CURVE('',#7252,#7260,#7262,.T.);
#7260 = VERTEX_POINT('',#7261);
#7261 = CARTESIAN_POINT('',(-0.7,-0.375,2.E-02));
#7262 = LINE('',#7263,#7264);
#7263 = CARTESIAN_POINT('',(-0.7,0.3075,2.E-02));
#7264 = VECTOR('',#7265,1.);
#7265 = DIRECTION('',(-2.288475490444E-17,-1.,0.));
#7266 = ORIENTED_EDGE('',*,*,#7267,.T.);
#7267 = EDGE_CURVE('',#7260,#7268,#7270,.T.);
#7268 = VERTEX_POINT('',#7269);
#7269 = CARTESIAN_POINT('',(-0.99,-0.375,2.E-02));
#7270 = LINE('',#7271,#7272);
#7271 = CARTESIAN_POINT('',(-0.995,-0.375,2.E-02));
#7272 = VECTOR('',#7273,1.);
#7273 = DIRECTION('',(-1.,2.288475490444E-17,0.));
#7274 = ORIENTED_EDGE('',*,*,#7275,.T.);
#7275 = EDGE_CURVE('',#7268,#7107,#7276,.T.);
#7276 = LINE('',#7277,#7278);
#7277 = CARTESIAN_POINT('',(-0.99,0.99,2.E-02));
#7278 = VECTOR('',#7279,1.);
#7279 = DIRECTION('',(2.22044604925E-16,-1.,0.));
#7280 = ORIENTED_EDGE('',*,*,#7106,.T.);
#7281 = ORIENTED_EDGE('',*,*,#7082,.T.);
#7282 = ORIENTED_EDGE('',*,*,#7058,.T.);
#7283 = ORIENTED_EDGE('',*,*,#7284,.T.);
#7284 = EDGE_CURVE('',#7051,#7285,#7287,.T.);
#7285 = VERTEX_POINT('',#7286);
#7286 = CARTESIAN_POINT('',(-0.99,-0.99,2.E-02));
#7287 = LINE('',#7288,#7289);
#7288 = CARTESIAN_POINT('',(-0.99,0.99,2.E-02));
#7289 = VECTOR('',#7290,1.);
#7290 = DIRECTION('',(2.22044604925E-16,-1.,0.));
#7291 = ORIENTED_EDGE('',*,*,#7292,.T.);
#7292 = EDGE_CURVE('',#7285,#7293,#7295,.T.);
#7293 = VERTEX_POINT('',#7294);
#7294 = CARTESIAN_POINT('',(0.99,-0.99,2.E-02));
#7295 = LINE('',#7296,#7297);
#7296 = CARTESIAN_POINT('',(-0.99,-0.99,2.E-02));
#7297 = VECTOR('',#7298,1.);
#7298 = DIRECTION('',(1.,2.22044604925E-16,0.));
#7299 = ORIENTED_EDGE('',*,*,#7300,.F.);
#7300 = EDGE_CURVE('',#7301,#7293,#7303,.T.);
#7301 = VERTEX_POINT('',#7302);
#7302 = CARTESIAN_POINT('',(0.99,-0.875,2.E-02));
#7303 = LINE('',#7304,#7305);
#7304 = CARTESIAN_POINT('',(0.99,0.99,2.E-02));
#7305 = VECTOR('',#7306,1.);
#7306 = DIRECTION('',(2.22044604925E-16,-1.,0.));
#7307 = ORIENTED_EDGE('',*,*,#7308,.T.);
#7308 = EDGE_CURVE('',#7301,#7309,#7311,.T.);
#7309 = VERTEX_POINT('',#7310);
#7310 = CARTESIAN_POINT('',(0.7,-0.875,2.E-02));
#7311 = LINE('',#7312,#7313);
#7312 = CARTESIAN_POINT('',(-0.145,-0.875,2.E-02));
#7313 = VECTOR('',#7314,1.);
#7314 = DIRECTION('',(-1.,-9.95799250103E-17,0.));
#7315 = ORIENTED_EDGE('',*,*,#7316,.T.);
#7316 = EDGE_CURVE('',#7309,#7317,#7319,.T.);
#7317 = VERTEX_POINT('',#7318);
#7318 = CARTESIAN_POINT('',(0.7,-0.625,2.E-02));
#7319 = LINE('',#7320,#7321);
#7320 = CARTESIAN_POINT('',(0.7,0.1825,2.E-02));
#7321 = VECTOR('',#7322,1.);
#7322 = DIRECTION('',(-9.95799250103E-17,1.,0.));
#7323 = ORIENTED_EDGE('',*,*,#7324,.T.);
#7324 = EDGE_CURVE('',#7317,#7325,#7327,.T.);
#7325 = VERTEX_POINT('',#7326);
#7326 = CARTESIAN_POINT('',(0.99,-0.625,2.E-02));
#7327 = LINE('',#7328,#7329);
#7328 = CARTESIAN_POINT('',(5.E-03,-0.625,2.E-02));
#7329 = VECTOR('',#7330,1.);
#7330 = DIRECTION('',(1.,9.95799250103E-17,0.));
#7331 = ORIENTED_EDGE('',*,*,#7332,.F.);
#7332 = EDGE_CURVE('',#7333,#7325,#7335,.T.);
#7333 = VERTEX_POINT('',#7334);
#7334 = CARTESIAN_POINT('',(0.99,-0.375,2.E-02));
#7335 = LINE('',#7336,#7337);
#7336 = CARTESIAN_POINT('',(0.99,0.99,2.E-02));
#7337 = VECTOR('',#7338,1.);
#7338 = DIRECTION('',(2.22044604925E-16,-1.,0.));
#7339 = ORIENTED_EDGE('',*,*,#7340,.T.);
#7340 = EDGE_CURVE('',#7333,#7341,#7343,.T.);
#7341 = VERTEX_POINT('',#7342);
#7342 = CARTESIAN_POINT('',(0.7,-0.375,2.E-02));
#7343 = LINE('',#7344,#7345);
#7344 = CARTESIAN_POINT('',(-0.145,-0.375,2.E-02));
#7345 = VECTOR('',#7346,1.);
#7346 = DIRECTION('',(-1.,-9.95799250103E-17,0.));
#7347 = ORIENTED_EDGE('',*,*,#7348,.T.);
#7348 = EDGE_CURVE('',#7341,#7349,#7351,.T.);
#7349 = VERTEX_POINT('',#7350);
#7350 = CARTESIAN_POINT('',(0.7,-0.125,2.E-02));
#7351 = LINE('',#7352,#7353);
#7352 = CARTESIAN_POINT('',(0.7,0.4325,2.E-02));
#7353 = VECTOR('',#7354,1.);
#7354 = DIRECTION('',(-9.95799250103E-17,1.,0.));
#7355 = ORIENTED_EDGE('',*,*,#7356,.T.);
#7356 = EDGE_CURVE('',#7349,#7357,#7359,.T.);
#7357 = VERTEX_POINT('',#7358);
#7358 = CARTESIAN_POINT('',(0.99,-0.125,2.E-02));
#7359 = LINE('',#7360,#7361);
#7360 = CARTESIAN_POINT('',(5.E-03,-0.125,2.E-02));
#7361 = VECTOR('',#7362,1.);
#7362 = DIRECTION('',(1.,9.95799250103E-17,0.));
#7363 = ORIENTED_EDGE('',*,*,#7364,.F.);
#7364 = EDGE_CURVE('',#7365,#7357,#7367,.T.);
#7365 = VERTEX_POINT('',#7366);
#7366 = CARTESIAN_POINT('',(0.99,0.125,2.E-02));
#7367 = LINE('',#7368,#7369);
#7368 = CARTESIAN_POINT('',(0.99,0.99,2.E-02));
#7369 = VECTOR('',#7370,1.);
#7370 = DIRECTION('',(2.22044604925E-16,-1.,0.));
#7371 = ORIENTED_EDGE('',*,*,#7372,.T.);
#7372 = EDGE_CURVE('',#7365,#7373,#7375,.T.);
#7373 = VERTEX_POINT('',#7374);
#7374 = CARTESIAN_POINT('',(0.7,0.125,2.E-02));
#7375 = LINE('',#7376,#7377);
#7376 = CARTESIAN_POINT('',(-0.145,0.125,2.E-02));
#7377 = VECTOR('',#7378,1.);
#7378 = DIRECTION('',(-1.,-9.95799250103E-17,0.));
#7379 = ORIENTED_EDGE('',*,*,#7380,.T.);
#7380 = EDGE_CURVE('',#7373,#7381,#7383,.T.);
#7381 = VERTEX_POINT('',#7382);
#7382 = CARTESIAN_POINT('',(0.7,0.375,2.E-02));
#7383 = LINE('',#7384,#7385);
#7384 = CARTESIAN_POINT('',(0.7,0.6825,2.E-02));
#7385 = VECTOR('',#7386,1.);
#7386 = DIRECTION('',(-9.95799250103E-17,1.,0.));
#7387 = ORIENTED_EDGE('',*,*,#7388,.T.);
#7388 = EDGE_CURVE('',#7381,#7389,#7391,.T.);
#7389 = VERTEX_POINT('',#7390);
#7390 = CARTESIAN_POINT('',(0.99,0.375,2.E-02));
#7391 = LINE('',#7392,#7393);
#7392 = CARTESIAN_POINT('',(5.E-03,0.375,2.E-02));
#7393 = VECTOR('',#7394,1.);
#7394 = DIRECTION('',(1.,9.95799250103E-17,0.));
#7395 = ORIENTED_EDGE('',*,*,#7396,.F.);
#7396 = EDGE_CURVE('',#7397,#7389,#7399,.T.);
#7397 = VERTEX_POINT('',#7398);
#7398 = CARTESIAN_POINT('',(0.99,0.625,2.E-02));
#7399 = LINE('',#7400,#7401);
#7400 = CARTESIAN_POINT('',(0.99,0.99,2.E-02));
#7401 = VECTOR('',#7402,1.);
#7402 = DIRECTION('',(2.22044604925E-16,-1.,0.));
#7403 = ORIENTED_EDGE('',*,*,#7404,.T.);
#7404 = EDGE_CURVE('',#7397,#7405,#7407,.T.);
#7405 = VERTEX_POINT('',#7406);
#7406 = CARTESIAN_POINT('',(0.7,0.625,2.E-02));
#7407 = LINE('',#7408,#7409);
#7408 = CARTESIAN_POINT('',(-0.145,0.625,2.E-02));
#7409 = VECTOR('',#7410,1.);
#7410 = DIRECTION('',(-1.,-9.95799250103E-17,0.));
#7411 = ORIENTED_EDGE('',*,*,#7412,.T.);
#7412 = EDGE_CURVE('',#7405,#7413,#7415,.T.);
#7413 = VERTEX_POINT('',#7414);
#7414 = CARTESIAN_POINT('',(0.7,0.875,2.E-02));
#7415 = LINE('',#7416,#7417);
#7416 = CARTESIAN_POINT('',(0.7,0.9325,2.E-02));
#7417 = VECTOR('',#7418,1.);
#7418 = DIRECTION('',(-9.95799250103E-17,1.,0.));
#7419 = ORIENTED_EDGE('',*,*,#7420,.T.);
#7420 = EDGE_CURVE('',#7413,#7164,#7421,.T.);
#7421 = LINE('',#7422,#7423);
#7422 = CARTESIAN_POINT('',(5.E-03,0.875,2.E-02));
#7423 = VECTOR('',#7424,1.);
#7424 = DIRECTION('',(1.,9.95799250103E-17,0.));
#7425 = FACE_BOUND('',#7426,.F.);
#7426 = EDGE_LOOP('',(#7427,#7437,#7445,#7453,#7461));
#7427 = ORIENTED_EDGE('',*,*,#7428,.T.);
#7428 = EDGE_CURVE('',#7429,#7431,#7433,.T.);
#7429 = VERTEX_POINT('',#7430);
#7430 = CARTESIAN_POINT('',(-0.45,0.55,2.E-02));
#7431 = VERTEX_POINT('',#7432);
#7432 = CARTESIAN_POINT('',(-0.2,0.8,2.E-02));
#7433 = LINE('',#7434,#7435);
#7434 = CARTESIAN_POINT('',(-0.35,0.65,2.E-02));
#7435 = VECTOR('',#7436,1.);
#7436 = DIRECTION('',(0.707106781187,0.707106781187,0.));
#7437 = ORIENTED_EDGE('',*,*,#7438,.T.);
#7438 = EDGE_CURVE('',#7431,#7439,#7441,.T.);
#7439 = VERTEX_POINT('',#7440);
#7440 = CARTESIAN_POINT('',(0.45,0.8,2.E-02));
#7441 = LINE('',#7442,#7443);
#7442 = CARTESIAN_POINT('',(-0.27,0.8,2.E-02));
#7443 = VECTOR('',#7444,1.);
#7444 = DIRECTION('',(1.,2.22044604925E-16,0.));
#7445 = ORIENTED_EDGE('',*,*,#7446,.T.);
#7446 = EDGE_CURVE('',#7439,#7447,#7449,.T.);
#7447 = VERTEX_POINT('',#7448);
#7448 = CARTESIAN_POINT('',(0.45,-0.8,2.E-02));
#7449 = LINE('',#7450,#7451);
#7450 = CARTESIAN_POINT('',(0.45,9.5E-02,2.E-02));
#7451 = VECTOR('',#7452,1.);
#7452 = DIRECTION('',(2.22044604925E-16,-1.,0.));
#7453 = ORIENTED_EDGE('',*,*,#7454,.T.);
#7454 = EDGE_CURVE('',#7447,#7455,#7457,.T.);
#7455 = VERTEX_POINT('',#7456);
#7456 = CARTESIAN_POINT('',(-0.45,-0.8,2.E-02));
#7457 = LINE('',#7458,#7459);
#7458 = CARTESIAN_POINT('',(-0.72,-0.8,2.E-02));
#7459 = VECTOR('',#7460,1.);
#7460 = DIRECTION('',(-1.,-2.22044604925E-16,0.));
#7461 = ORIENTED_EDGE('',*,*,#7462,.T.);
#7462 = EDGE_CURVE('',#7455,#7429,#7463,.T.);
#7463 = LINE('',#7464,#7465);
#7464 = CARTESIAN_POINT('',(-0.45,0.77,2.E-02));
#7465 = VECTOR('',#7466,1.);
#7466 = DIRECTION('',(-2.22044604925E-16,1.,0.));
#7467 = PLANE('',#7468);
#7468 = AXIS2_PLACEMENT_3D('',#7469,#7470,#7471);
#7469 = CARTESIAN_POINT('',(-0.99,0.99,2.E-02));
#7470 = DIRECTION('',(0.,0.,1.));
#7471 = DIRECTION('',(2.22044604925E-16,-1.,0.));
#7472 = ADVANCED_FACE('',(#7473),#7576,.F.);
#7473 = FACE_BOUND('',#7474,.F.);
#7474 = EDGE_LOOP('',(#7475,#7476,#7484,#7492,#7498,#7499,#7500,#7506,
    #7507,#7508,#7516,#7524,#7530,#7531,#7539,#7547,#7553,#7554,#7562,
    #7570));
#7475 = ORIENTED_EDGE('',*,*,#7179,.F.);
#7476 = ORIENTED_EDGE('',*,*,#7477,.T.);
#7477 = EDGE_CURVE('',#7172,#7478,#7480,.T.);
#7478 = VERTEX_POINT('',#7479);
#7479 = CARTESIAN_POINT('',(-0.99,0.99,0.82));
#7480 = LINE('',#7481,#7482);
#7481 = CARTESIAN_POINT('',(-0.99,0.99,2.E-02));
#7482 = VECTOR('',#7483,1.);
#7483 = DIRECTION('',(0.,0.,1.));
#7484 = ORIENTED_EDGE('',*,*,#7485,.T.);
#7485 = EDGE_CURVE('',#7478,#7486,#7488,.T.);
#7486 = VERTEX_POINT('',#7487);
#7487 = CARTESIAN_POINT('',(-0.99,-0.99,0.82));
#7488 = LINE('',#7489,#7490);
#7489 = CARTESIAN_POINT('',(-0.99,0.99,0.82));
#7490 = VECTOR('',#7491,1.);
#7491 = DIRECTION('',(2.22044604925E-16,-1.,0.));
#7492 = ORIENTED_EDGE('',*,*,#7493,.F.);
#7493 = EDGE_CURVE('',#7285,#7486,#7494,.T.);
#7494 = LINE('',#7495,#7496);
#7495 = CARTESIAN_POINT('',(-0.99,-0.99,2.E-02));
#7496 = VECTOR('',#7497,1.);
#7497 = DIRECTION('',(0.,0.,1.));
#7498 = ORIENTED_EDGE('',*,*,#7284,.F.);
#7499 = ORIENTED_EDGE('',*,*,#7050,.T.);
#7500 = ORIENTED_EDGE('',*,*,#7501,.T.);
#7501 = EDGE_CURVE('',#7043,#7115,#7502,.T.);
#7502 = LINE('',#7503,#7504);
#7503 = CARTESIAN_POINT('',(-0.99,5.75E-02,0.2));
#7504 = VECTOR('',#7505,1.);
#7505 = DIRECTION('',(-2.22044604925E-16,1.,0.));
#7506 = ORIENTED_EDGE('',*,*,#7114,.T.);
#7507 = ORIENTED_EDGE('',*,*,#7275,.F.);
#7508 = ORIENTED_EDGE('',*,*,#7509,.T.);
#7509 = EDGE_CURVE('',#7268,#7510,#7512,.T.);
#7510 = VERTEX_POINT('',#7511);
#7511 = CARTESIAN_POINT('',(-0.99,-0.375,0.2));
#7512 = LINE('',#7513,#7514);
#7513 = CARTESIAN_POINT('',(-0.99,-0.375,1.E-02));
#7514 = VECTOR('',#7515,1.);
#7515 = DIRECTION('',(0.,0.,1.));
#7516 = ORIENTED_EDGE('',*,*,#7517,.T.);
#7517 = EDGE_CURVE('',#7510,#7518,#7520,.T.);
#7518 = VERTEX_POINT('',#7519);
#7519 = CARTESIAN_POINT('',(-0.99,-0.125,0.2));
#7520 = LINE('',#7521,#7522);
#7521 = CARTESIAN_POINT('',(-0.99,0.3075,0.2));
#7522 = VECTOR('',#7523,1.);
#7523 = DIRECTION('',(-2.22044604925E-16,1.,0.));
#7524 = ORIENTED_EDGE('',*,*,#7525,.T.);
#7525 = EDGE_CURVE('',#7518,#7244,#7526,.T.);
#7526 = LINE('',#7527,#7528);
#7527 = CARTESIAN_POINT('',(-0.99,-0.125,1.E-02));
#7528 = VECTOR('',#7529,1.);
#7529 = DIRECTION('',(0.,0.,-1.));
#7530 = ORIENTED_EDGE('',*,*,#7243,.F.);
#7531 = ORIENTED_EDGE('',*,*,#7532,.T.);
#7532 = EDGE_CURVE('',#7236,#7533,#7535,.T.);
#7533 = VERTEX_POINT('',#7534);
#7534 = CARTESIAN_POINT('',(-0.99,0.125,0.2));
#7535 = LINE('',#7536,#7537);
#7536 = CARTESIAN_POINT('',(-0.99,0.125,1.E-02));
#7537 = VECTOR('',#7538,1.);
#7538 = DIRECTION('',(0.,0.,1.));
#7539 = ORIENTED_EDGE('',*,*,#7540,.T.);
#7540 = EDGE_CURVE('',#7533,#7541,#7543,.T.);
#7541 = VERTEX_POINT('',#7542);
#7542 = CARTESIAN_POINT('',(-0.99,0.375,0.2));
#7543 = LINE('',#7544,#7545);
#7544 = CARTESIAN_POINT('',(-0.99,0.5575,0.2));
#7545 = VECTOR('',#7546,1.);
#7546 = DIRECTION('',(-2.22044604925E-16,1.,0.));
#7547 = ORIENTED_EDGE('',*,*,#7548,.T.);
#7548 = EDGE_CURVE('',#7541,#7212,#7549,.T.);
#7549 = LINE('',#7550,#7551);
#7550 = CARTESIAN_POINT('',(-0.99,0.375,1.E-02));
#7551 = VECTOR('',#7552,1.);
#7552 = DIRECTION('',(0.,0.,-1.));
#7553 = ORIENTED_EDGE('',*,*,#7211,.F.);
#7554 = ORIENTED_EDGE('',*,*,#7555,.T.);
#7555 = EDGE_CURVE('',#7204,#7556,#7558,.T.);
#7556 = VERTEX_POINT('',#7557);
#7557 = CARTESIAN_POINT('',(-0.99,0.625,0.2));
#7558 = LINE('',#7559,#7560);
#7559 = CARTESIAN_POINT('',(-0.99,0.625,1.E-02));
#7560 = VECTOR('',#7561,1.);
#7561 = DIRECTION('',(0.,0.,1.));
#7562 = ORIENTED_EDGE('',*,*,#7563,.T.);
#7563 = EDGE_CURVE('',#7556,#7564,#7566,.T.);
#7564 = VERTEX_POINT('',#7565);
#7565 = CARTESIAN_POINT('',(-0.99,0.875,0.2));
#7566 = LINE('',#7567,#7568);
#7567 = CARTESIAN_POINT('',(-0.99,0.8075,0.2));
#7568 = VECTOR('',#7569,1.);
#7569 = DIRECTION('',(-2.22044604925E-16,1.,0.));
#7570 = ORIENTED_EDGE('',*,*,#7571,.T.);
#7571 = EDGE_CURVE('',#7564,#7180,#7572,.T.);
#7572 = LINE('',#7573,#7574);
#7573 = CARTESIAN_POINT('',(-0.99,0.875,1.E-02));
#7574 = VECTOR('',#7575,1.);
#7575 = DIRECTION('',(0.,0.,-1.));
#7576 = PLANE('',#7577);
#7577 = AXIS2_PLACEMENT_3D('',#7578,#7579,#7580);
#7578 = CARTESIAN_POINT('',(-0.99,0.99,2.E-02));
#7579 = DIRECTION('',(1.,2.22044604925E-16,0.));
#7580 = DIRECTION('',(0.,-0.,1.));
#7581 = ADVANCED_FACE('',(#7582),#7588,.F.);
#7582 = FACE_BOUND('',#7583,.F.);
#7583 = EDGE_LOOP('',(#7584,#7585,#7586,#7587));
#7584 = ORIENTED_EDGE('',*,*,#7042,.F.);
#7585 = ORIENTED_EDGE('',*,*,#7145,.F.);
#7586 = ORIENTED_EDGE('',*,*,#7122,.F.);
#7587 = ORIENTED_EDGE('',*,*,#7501,.F.);
#7588 = PLANE('',#7589);
#7589 = AXIS2_PLACEMENT_3D('',#7590,#7591,#7592);
#7590 = CARTESIAN_POINT('',(-1.,-0.875,0.2));
#7591 = DIRECTION('',(0.,-0.,-1.));
#7592 = DIRECTION('',(2.288475490444E-17,1.,0.));
#7593 = ADVANCED_FACE('',(#7594),#7711,.T.);
#7594 = FACE_BOUND('',#7595,.T.);
#7595 = EDGE_LOOP('',(#7596,#7597,#7605,#7613,#7619,#7620,#7628,#7636,
    #7642,#7643,#7651,#7659,#7665,#7666,#7674,#7682,#7688,#7689,#7697,
    #7705));
#7596 = ORIENTED_EDGE('',*,*,#7161,.F.);
#7597 = ORIENTED_EDGE('',*,*,#7598,.T.);
#7598 = EDGE_CURVE('',#7162,#7599,#7601,.T.);
#7599 = VERTEX_POINT('',#7600);
#7600 = CARTESIAN_POINT('',(0.99,0.99,0.82));
#7601 = LINE('',#7602,#7603);
#7602 = CARTESIAN_POINT('',(0.99,0.99,2.E-02));
#7603 = VECTOR('',#7604,1.);
#7604 = DIRECTION('',(0.,0.,1.));
#7605 = ORIENTED_EDGE('',*,*,#7606,.T.);
#7606 = EDGE_CURVE('',#7599,#7607,#7609,.T.);
#7607 = VERTEX_POINT('',#7608);
#7608 = CARTESIAN_POINT('',(0.99,-0.99,0.82));
#7609 = LINE('',#7610,#7611);
#7610 = CARTESIAN_POINT('',(0.99,0.99,0.82));
#7611 = VECTOR('',#7612,1.);
#7612 = DIRECTION('',(2.22044604925E-16,-1.,0.));
#7613 = ORIENTED_EDGE('',*,*,#7614,.F.);
#7614 = EDGE_CURVE('',#7293,#7607,#7615,.T.);
#7615 = LINE('',#7616,#7617);
#7616 = CARTESIAN_POINT('',(0.99,-0.99,2.E-02));
#7617 = VECTOR('',#7618,1.);
#7618 = DIRECTION('',(0.,0.,1.));
#7619 = ORIENTED_EDGE('',*,*,#7300,.F.);
#7620 = ORIENTED_EDGE('',*,*,#7621,.T.);
#7621 = EDGE_CURVE('',#7301,#7622,#7624,.T.);
#7622 = VERTEX_POINT('',#7623);
#7623 = CARTESIAN_POINT('',(0.99,-0.875,0.2));
#7624 = LINE('',#7625,#7626);
#7625 = CARTESIAN_POINT('',(0.99,-0.875,1.E-02));
#7626 = VECTOR('',#7627,1.);
#7627 = DIRECTION('',(0.,0.,1.));
#7628 = ORIENTED_EDGE('',*,*,#7629,.T.);
#7629 = EDGE_CURVE('',#7622,#7630,#7632,.T.);
#7630 = VERTEX_POINT('',#7631);
#7631 = CARTESIAN_POINT('',(0.99,-0.625,0.2));
#7632 = LINE('',#7633,#7634);
#7633 = CARTESIAN_POINT('',(0.99,0.1825,0.2));
#7634 = VECTOR('',#7635,1.);
#7635 = DIRECTION('',(-2.22044604925E-16,1.,0.));
#7636 = ORIENTED_EDGE('',*,*,#7637,.T.);
#7637 = EDGE_CURVE('',#7630,#7325,#7638,.T.);
#7638 = LINE('',#7639,#7640);
#7639 = CARTESIAN_POINT('',(0.99,-0.625,1.E-02));
#7640 = VECTOR('',#7641,1.);
#7641 = DIRECTION('',(0.,0.,-1.));
#7642 = ORIENTED_EDGE('',*,*,#7332,.F.);
#7643 = ORIENTED_EDGE('',*,*,#7644,.T.);
#7644 = EDGE_CURVE('',#7333,#7645,#7647,.T.);
#7645 = VERTEX_POINT('',#7646);
#7646 = CARTESIAN_POINT('',(0.99,-0.375,0.2));
#7647 = LINE('',#7648,#7649);
#7648 = CARTESIAN_POINT('',(0.99,-0.375,1.E-02));
#7649 = VECTOR('',#7650,1.);
#7650 = DIRECTION('',(0.,0.,1.));
#7651 = ORIENTED_EDGE('',*,*,#7652,.T.);
#7652 = EDGE_CURVE('',#7645,#7653,#7655,.T.);
#7653 = VERTEX_POINT('',#7654);
#7654 = CARTESIAN_POINT('',(0.99,-0.125,0.2));
#7655 = LINE('',#7656,#7657);
#7656 = CARTESIAN_POINT('',(0.99,0.4325,0.2));
#7657 = VECTOR('',#7658,1.);
#7658 = DIRECTION('',(-2.22044604925E-16,1.,0.));
#7659 = ORIENTED_EDGE('',*,*,#7660,.T.);
#7660 = EDGE_CURVE('',#7653,#7357,#7661,.T.);
#7661 = LINE('',#7662,#7663);
#7662 = CARTESIAN_POINT('',(0.99,-0.125,1.E-02));
#7663 = VECTOR('',#7664,1.);
#7664 = DIRECTION('',(0.,0.,-1.));
#7665 = ORIENTED_EDGE('',*,*,#7364,.F.);
#7666 = ORIENTED_EDGE('',*,*,#7667,.T.);
#7667 = EDGE_CURVE('',#7365,#7668,#7670,.T.);
#7668 = VERTEX_POINT('',#7669);
#7669 = CARTESIAN_POINT('',(0.99,0.125,0.2));
#7670 = LINE('',#7671,#7672);
#7671 = CARTESIAN_POINT('',(0.99,0.125,1.E-02));
#7672 = VECTOR('',#7673,1.);
#7673 = DIRECTION('',(0.,0.,1.));
#7674 = ORIENTED_EDGE('',*,*,#7675,.T.);
#7675 = EDGE_CURVE('',#7668,#7676,#7678,.T.);
#7676 = VERTEX_POINT('',#7677);
#7677 = CARTESIAN_POINT('',(0.99,0.375,0.2));
#7678 = LINE('',#7679,#7680);
#7679 = CARTESIAN_POINT('',(0.99,0.6825,0.2));
#7680 = VECTOR('',#7681,1.);
#7681 = DIRECTION('',(-2.22044604925E-16,1.,0.));
#7682 = ORIENTED_EDGE('',*,*,#7683,.T.);
#7683 = EDGE_CURVE('',#7676,#7389,#7684,.T.);
#7684 = LINE('',#7685,#7686);
#7685 = CARTESIAN_POINT('',(0.99,0.375,1.E-02));
#7686 = VECTOR('',#7687,1.);
#7687 = DIRECTION('',(0.,0.,-1.));
#7688 = ORIENTED_EDGE('',*,*,#7396,.F.);
#7689 = ORIENTED_EDGE('',*,*,#7690,.T.);
#7690 = EDGE_CURVE('',#7397,#7691,#7693,.T.);
#7691 = VERTEX_POINT('',#7692);
#7692 = CARTESIAN_POINT('',(0.99,0.625,0.2));
#7693 = LINE('',#7694,#7695);
#7694 = CARTESIAN_POINT('',(0.99,0.625,1.E-02));
#7695 = VECTOR('',#7696,1.);
#7696 = DIRECTION('',(0.,0.,1.));
#7697 = ORIENTED_EDGE('',*,*,#7698,.T.);
#7698 = EDGE_CURVE('',#7691,#7699,#7701,.T.);
#7699 = VERTEX_POINT('',#7700);
#7700 = CARTESIAN_POINT('',(0.99,0.875,0.2));
#7701 = LINE('',#7702,#7703);
#7702 = CARTESIAN_POINT('',(0.99,0.9325,0.2));
#7703 = VECTOR('',#7704,1.);
#7704 = DIRECTION('',(-2.22044604925E-16,1.,0.));
#7705 = ORIENTED_EDGE('',*,*,#7706,.T.);
#7706 = EDGE_CURVE('',#7699,#7164,#7707,.T.);
#7707 = LINE('',#7708,#7709);
#7708 = CARTESIAN_POINT('',(0.99,0.875,1.E-02));
#7709 = VECTOR('',#7710,1.);
#7710 = DIRECTION('',(0.,0.,-1.));
#7711 = PLANE('',#7712);
#7712 = AXIS2_PLACEMENT_3D('',#7713,#7714,#7715);
#7713 = CARTESIAN_POINT('',(0.99,0.99,2.E-02));
#7714 = DIRECTION('',(1.,2.22044604925E-16,0.));
#7715 = DIRECTION('',(0.,-0.,1.));
#7716 = ADVANCED_FACE('',(#7717),#7728,.F.);
#7717 = FACE_BOUND('',#7718,.F.);
#7718 = EDGE_LOOP('',(#7719,#7720,#7721,#7722));
#7719 = ORIENTED_EDGE('',*,*,#7477,.F.);
#7720 = ORIENTED_EDGE('',*,*,#7171,.T.);
#7721 = ORIENTED_EDGE('',*,*,#7598,.T.);
#7722 = ORIENTED_EDGE('',*,*,#7723,.F.);
#7723 = EDGE_CURVE('',#7478,#7599,#7724,.T.);
#7724 = LINE('',#7725,#7726);
#7725 = CARTESIAN_POINT('',(-0.99,0.99,0.82));
#7726 = VECTOR('',#7727,1.);
#7727 = DIRECTION('',(1.,2.22044604925E-16,0.));
#7728 = PLANE('',#7729);
#7729 = AXIS2_PLACEMENT_3D('',#7730,#7731,#7732);
#7730 = CARTESIAN_POINT('',(-0.99,0.99,2.E-02));
#7731 = DIRECTION('',(2.22044604925E-16,-1.,0.));
#7732 = DIRECTION('',(0.,0.,1.));
#7733 = ADVANCED_FACE('',(#7734),#7768,.F.);
#7734 = FACE_BOUND('',#7735,.F.);
#7735 = EDGE_LOOP('',(#7736,#7746,#7754,#7760,#7761,#7762));
#7736 = ORIENTED_EDGE('',*,*,#7737,.F.);
#7737 = EDGE_CURVE('',#7738,#7740,#7742,.T.);
#7738 = VERTEX_POINT('',#7739);
#7739 = CARTESIAN_POINT('',(1.,0.875,0.));
#7740 = VERTEX_POINT('',#7741);
#7741 = CARTESIAN_POINT('',(0.7,0.875,0.));
#7742 = LINE('',#7743,#7744);
#7743 = CARTESIAN_POINT('',(1.,0.875,0.));
#7744 = VECTOR('',#7745,1.);
#7745 = DIRECTION('',(-1.,-9.95799250103E-17,0.));
#7746 = ORIENTED_EDGE('',*,*,#7747,.T.);
#7747 = EDGE_CURVE('',#7738,#7748,#7750,.T.);
#7748 = VERTEX_POINT('',#7749);
#7749 = CARTESIAN_POINT('',(1.,0.875,0.2));
#7750 = LINE('',#7751,#7752);
#7751 = CARTESIAN_POINT('',(1.,0.875,0.));
#7752 = VECTOR('',#7753,1.);
#7753 = DIRECTION('',(0.,0.,1.));
#7754 = ORIENTED_EDGE('',*,*,#7755,.T.);
#7755 = EDGE_CURVE('',#7748,#7699,#7756,.T.);
#7756 = LINE('',#7757,#7758);
#7757 = CARTESIAN_POINT('',(1.,0.875,0.2));
#7758 = VECTOR('',#7759,1.);
#7759 = DIRECTION('',(-1.,-9.95799250103E-17,0.));
#7760 = ORIENTED_EDGE('',*,*,#7706,.T.);
#7761 = ORIENTED_EDGE('',*,*,#7420,.F.);
#7762 = ORIENTED_EDGE('',*,*,#7763,.F.);
#7763 = EDGE_CURVE('',#7740,#7413,#7764,.T.);
#7764 = LINE('',#7765,#7766);
#7765 = CARTESIAN_POINT('',(0.7,0.875,0.));
#7766 = VECTOR('',#7767,1.);
#7767 = DIRECTION('',(0.,0.,1.));
#7768 = PLANE('',#7769);
#7769 = AXIS2_PLACEMENT_3D('',#7770,#7771,#7772);
#7770 = CARTESIAN_POINT('',(1.,0.875,0.));
#7771 = DIRECTION('',(9.95799250103E-17,-1.,0.));
#7772 = DIRECTION('',(-1.,-9.95799250103E-17,0.));
#7773 = ADVANCED_FACE('',(#7774),#7792,.F.);
#7774 = FACE_BOUND('',#7775,.F.);
#7775 = EDGE_LOOP('',(#7776,#7784,#7785,#7786));
#7776 = ORIENTED_EDGE('',*,*,#7777,.F.);
#7777 = EDGE_CURVE('',#7740,#7778,#7780,.T.);
#7778 = VERTEX_POINT('',#7779);
#7779 = CARTESIAN_POINT('',(0.7,0.625,0.));
#7780 = LINE('',#7781,#7782);
#7781 = CARTESIAN_POINT('',(0.7,0.875,0.));
#7782 = VECTOR('',#7783,1.);
#7783 = DIRECTION('',(9.95799250103E-17,-1.,0.));
#7784 = ORIENTED_EDGE('',*,*,#7763,.T.);
#7785 = ORIENTED_EDGE('',*,*,#7412,.F.);
#7786 = ORIENTED_EDGE('',*,*,#7787,.F.);
#7787 = EDGE_CURVE('',#7778,#7405,#7788,.T.);
#7788 = LINE('',#7789,#7790);
#7789 = CARTESIAN_POINT('',(0.7,0.625,0.));
#7790 = VECTOR('',#7791,1.);
#7791 = DIRECTION('',(0.,0.,1.));
#7792 = PLANE('',#7793);
#7793 = AXIS2_PLACEMENT_3D('',#7794,#7795,#7796);
#7794 = CARTESIAN_POINT('',(0.7,0.875,0.));
#7795 = DIRECTION('',(1.,9.95799250103E-17,0.));
#7796 = DIRECTION('',(9.95799250103E-17,-1.,0.));
#7797 = ADVANCED_FACE('',(#7798),#7832,.F.);
#7798 = FACE_BOUND('',#7799,.F.);
#7799 = EDGE_LOOP('',(#7800,#7810,#7816,#7817,#7818,#7826));
#7800 = ORIENTED_EDGE('',*,*,#7801,.F.);
#7801 = EDGE_CURVE('',#7802,#7804,#7806,.T.);
#7802 = VERTEX_POINT('',#7803);
#7803 = CARTESIAN_POINT('',(-0.7,0.875,0.));
#7804 = VERTEX_POINT('',#7805);
#7805 = CARTESIAN_POINT('',(-1.,0.875,0.));
#7806 = LINE('',#7807,#7808);
#7807 = CARTESIAN_POINT('',(-0.7,0.875,0.));
#7808 = VECTOR('',#7809,1.);
#7809 = DIRECTION('',(-1.,2.288475490444E-17,0.));
#7810 = ORIENTED_EDGE('',*,*,#7811,.T.);
#7811 = EDGE_CURVE('',#7802,#7188,#7812,.T.);
#7812 = LINE('',#7813,#7814);
#7813 = CARTESIAN_POINT('',(-0.7,0.875,0.));
#7814 = VECTOR('',#7815,1.);
#7815 = DIRECTION('',(0.,0.,1.));
#7816 = ORIENTED_EDGE('',*,*,#7187,.F.);
#7817 = ORIENTED_EDGE('',*,*,#7571,.F.);
#7818 = ORIENTED_EDGE('',*,*,#7819,.T.);
#7819 = EDGE_CURVE('',#7564,#7820,#7822,.T.);
#7820 = VERTEX_POINT('',#7821);
#7821 = CARTESIAN_POINT('',(-1.,0.875,0.2));
#7822 = LINE('',#7823,#7824);
#7823 = CARTESIAN_POINT('',(-0.7,0.875,0.2));
#7824 = VECTOR('',#7825,1.);
#7825 = DIRECTION('',(-1.,2.288475490444E-17,0.));
#7826 = ORIENTED_EDGE('',*,*,#7827,.F.);
#7827 = EDGE_CURVE('',#7804,#7820,#7828,.T.);
#7828 = LINE('',#7829,#7830);
#7829 = CARTESIAN_POINT('',(-1.,0.875,0.));
#7830 = VECTOR('',#7831,1.);
#7831 = DIRECTION('',(0.,0.,1.));
#7832 = PLANE('',#7833);
#7833 = AXIS2_PLACEMENT_3D('',#7834,#7835,#7836);
#7834 = CARTESIAN_POINT('',(-0.7,0.875,0.));
#7835 = DIRECTION('',(-2.288475490444E-17,-1.,0.));
#7836 = DIRECTION('',(-1.,2.288475490444E-17,0.));
#7837 = ADVANCED_FACE('',(#7838),#7865,.F.);
#7838 = FACE_BOUND('',#7839,.F.);
#7839 = EDGE_LOOP('',(#7840,#7848,#7849,#7850,#7851,#7859));
#7840 = ORIENTED_EDGE('',*,*,#7841,.F.);
#7841 = EDGE_CURVE('',#7778,#7842,#7844,.T.);
#7842 = VERTEX_POINT('',#7843);
#7843 = CARTESIAN_POINT('',(1.,0.625,0.));
#7844 = LINE('',#7845,#7846);
#7845 = CARTESIAN_POINT('',(0.7,0.625,0.));
#7846 = VECTOR('',#7847,1.);
#7847 = DIRECTION('',(1.,9.95799250103E-17,0.));
#7848 = ORIENTED_EDGE('',*,*,#7787,.T.);
#7849 = ORIENTED_EDGE('',*,*,#7404,.F.);
#7850 = ORIENTED_EDGE('',*,*,#7690,.T.);
#7851 = ORIENTED_EDGE('',*,*,#7852,.T.);
#7852 = EDGE_CURVE('',#7691,#7853,#7855,.T.);
#7853 = VERTEX_POINT('',#7854);
#7854 = CARTESIAN_POINT('',(1.,0.625,0.2));
#7855 = LINE('',#7856,#7857);
#7856 = CARTESIAN_POINT('',(0.7,0.625,0.2));
#7857 = VECTOR('',#7858,1.);
#7858 = DIRECTION('',(1.,9.95799250103E-17,0.));
#7859 = ORIENTED_EDGE('',*,*,#7860,.F.);
#7860 = EDGE_CURVE('',#7842,#7853,#7861,.T.);
#7861 = LINE('',#7862,#7863);
#7862 = CARTESIAN_POINT('',(1.,0.625,0.));
#7863 = VECTOR('',#7864,1.);
#7864 = DIRECTION('',(0.,0.,1.));
#7865 = PLANE('',#7866);
#7866 = AXIS2_PLACEMENT_3D('',#7867,#7868,#7869);
#7867 = CARTESIAN_POINT('',(0.7,0.625,0.));
#7868 = DIRECTION('',(-9.95799250103E-17,1.,0.));
#7869 = DIRECTION('',(1.,9.95799250103E-17,0.));
#7870 = ADVANCED_FACE('',(#7871),#7889,.F.);
#7871 = FACE_BOUND('',#7872,.F.);
#7872 = EDGE_LOOP('',(#7873,#7881,#7887,#7888));
#7873 = ORIENTED_EDGE('',*,*,#7874,.F.);
#7874 = EDGE_CURVE('',#7875,#7802,#7877,.T.);
#7875 = VERTEX_POINT('',#7876);
#7876 = CARTESIAN_POINT('',(-0.7,0.625,0.));
#7877 = LINE('',#7878,#7879);
#7878 = CARTESIAN_POINT('',(-0.7,0.625,0.));
#7879 = VECTOR('',#7880,1.);
#7880 = DIRECTION('',(2.288475490444E-17,1.,0.));
#7881 = ORIENTED_EDGE('',*,*,#7882,.T.);
#7882 = EDGE_CURVE('',#7875,#7196,#7883,.T.);
#7883 = LINE('',#7884,#7885);
#7884 = CARTESIAN_POINT('',(-0.7,0.625,0.));
#7885 = VECTOR('',#7886,1.);
#7886 = DIRECTION('',(0.,0.,1.));
#7887 = ORIENTED_EDGE('',*,*,#7195,.F.);
#7888 = ORIENTED_EDGE('',*,*,#7811,.F.);
#7889 = PLANE('',#7890);
#7890 = AXIS2_PLACEMENT_3D('',#7891,#7892,#7893);
#7891 = CARTESIAN_POINT('',(-0.7,0.625,0.));
#7892 = DIRECTION('',(-1.,2.288475490444E-17,0.));
#7893 = DIRECTION('',(2.288475490444E-17,1.,0.));
#7894 = ADVANCED_FACE('',(#7895),#7922,.F.);
#7895 = FACE_BOUND('',#7896,.F.);
#7896 = EDGE_LOOP('',(#7897,#7905,#7913,#7919,#7920,#7921));
#7897 = ORIENTED_EDGE('',*,*,#7898,.F.);
#7898 = EDGE_CURVE('',#7899,#7875,#7901,.T.);
#7899 = VERTEX_POINT('',#7900);
#7900 = CARTESIAN_POINT('',(-1.,0.625,0.));
#7901 = LINE('',#7902,#7903);
#7902 = CARTESIAN_POINT('',(-1.,0.625,0.));
#7903 = VECTOR('',#7904,1.);
#7904 = DIRECTION('',(1.,-2.288475490444E-17,0.));
#7905 = ORIENTED_EDGE('',*,*,#7906,.T.);
#7906 = EDGE_CURVE('',#7899,#7907,#7909,.T.);
#7907 = VERTEX_POINT('',#7908);
#7908 = CARTESIAN_POINT('',(-1.,0.625,0.2));
#7909 = LINE('',#7910,#7911);
#7910 = CARTESIAN_POINT('',(-1.,0.625,0.));
#7911 = VECTOR('',#7912,1.);
#7912 = DIRECTION('',(0.,0.,1.));
#7913 = ORIENTED_EDGE('',*,*,#7914,.T.);
#7914 = EDGE_CURVE('',#7907,#7556,#7915,.T.);
#7915 = LINE('',#7916,#7917);
#7916 = CARTESIAN_POINT('',(-1.,0.625,0.2));
#7917 = VECTOR('',#7918,1.);
#7918 = DIRECTION('',(1.,-2.288475490444E-17,0.));
#7919 = ORIENTED_EDGE('',*,*,#7555,.F.);
#7920 = ORIENTED_EDGE('',*,*,#7203,.F.);
#7921 = ORIENTED_EDGE('',*,*,#7882,.F.);
#7922 = PLANE('',#7923);
#7923 = AXIS2_PLACEMENT_3D('',#7924,#7925,#7926);
#7924 = CARTESIAN_POINT('',(-1.,0.625,0.));
#7925 = DIRECTION('',(2.288475490444E-17,1.,0.));
#7926 = DIRECTION('',(1.,-2.288475490444E-17,0.));
#7927 = ADVANCED_FACE('',(#7928),#7962,.F.);
#7928 = FACE_BOUND('',#7929,.F.);
#7929 = EDGE_LOOP('',(#7930,#7940,#7948,#7954,#7955,#7956));
#7930 = ORIENTED_EDGE('',*,*,#7931,.F.);
#7931 = EDGE_CURVE('',#7932,#7934,#7936,.T.);
#7932 = VERTEX_POINT('',#7933);
#7933 = CARTESIAN_POINT('',(1.,0.375,0.));
#7934 = VERTEX_POINT('',#7935);
#7935 = CARTESIAN_POINT('',(0.7,0.375,0.));
#7936 = LINE('',#7937,#7938);
#7937 = CARTESIAN_POINT('',(1.,0.375,0.));
#7938 = VECTOR('',#7939,1.);
#7939 = DIRECTION('',(-1.,-9.95799250103E-17,0.));
#7940 = ORIENTED_EDGE('',*,*,#7941,.T.);
#7941 = EDGE_CURVE('',#7932,#7942,#7944,.T.);
#7942 = VERTEX_POINT('',#7943);
#7943 = CARTESIAN_POINT('',(1.,0.375,0.2));
#7944 = LINE('',#7945,#7946);
#7945 = CARTESIAN_POINT('',(1.,0.375,0.));
#7946 = VECTOR('',#7947,1.);
#7947 = DIRECTION('',(0.,0.,1.));
#7948 = ORIENTED_EDGE('',*,*,#7949,.T.);
#7949 = EDGE_CURVE('',#7942,#7676,#7950,.T.);
#7950 = LINE('',#7951,#7952);
#7951 = CARTESIAN_POINT('',(1.,0.375,0.2));
#7952 = VECTOR('',#7953,1.);
#7953 = DIRECTION('',(-1.,-9.95799250103E-17,0.));
#7954 = ORIENTED_EDGE('',*,*,#7683,.T.);
#7955 = ORIENTED_EDGE('',*,*,#7388,.F.);
#7956 = ORIENTED_EDGE('',*,*,#7957,.F.);
#7957 = EDGE_CURVE('',#7934,#7381,#7958,.T.);
#7958 = LINE('',#7959,#7960);
#7959 = CARTESIAN_POINT('',(0.7,0.375,0.));
#7960 = VECTOR('',#7961,1.);
#7961 = DIRECTION('',(0.,0.,1.));
#7962 = PLANE('',#7963);
#7963 = AXIS2_PLACEMENT_3D('',#7964,#7965,#7966);
#7964 = CARTESIAN_POINT('',(1.,0.375,0.));
#7965 = DIRECTION('',(9.95799250103E-17,-1.,0.));
#7966 = DIRECTION('',(-1.,-9.95799250103E-17,0.));
#7967 = ADVANCED_FACE('',(#7968),#7986,.F.);
#7968 = FACE_BOUND('',#7969,.F.);
#7969 = EDGE_LOOP('',(#7970,#7978,#7979,#7980));
#7970 = ORIENTED_EDGE('',*,*,#7971,.F.);
#7971 = EDGE_CURVE('',#7934,#7972,#7974,.T.);
#7972 = VERTEX_POINT('',#7973);
#7973 = CARTESIAN_POINT('',(0.7,0.125,0.));
#7974 = LINE('',#7975,#7976);
#7975 = CARTESIAN_POINT('',(0.7,0.375,0.));
#7976 = VECTOR('',#7977,1.);
#7977 = DIRECTION('',(9.95799250103E-17,-1.,0.));
#7978 = ORIENTED_EDGE('',*,*,#7957,.T.);
#7979 = ORIENTED_EDGE('',*,*,#7380,.F.);
#7980 = ORIENTED_EDGE('',*,*,#7981,.F.);
#7981 = EDGE_CURVE('',#7972,#7373,#7982,.T.);
#7982 = LINE('',#7983,#7984);
#7983 = CARTESIAN_POINT('',(0.7,0.125,0.));
#7984 = VECTOR('',#7985,1.);
#7985 = DIRECTION('',(0.,0.,1.));
#7986 = PLANE('',#7987);
#7987 = AXIS2_PLACEMENT_3D('',#7988,#7989,#7990);
#7988 = CARTESIAN_POINT('',(0.7,0.375,0.));
#7989 = DIRECTION('',(1.,9.95799250103E-17,0.));
#7990 = DIRECTION('',(9.95799250103E-17,-1.,0.));
#7991 = ADVANCED_FACE('',(#7992),#8026,.F.);
#7992 = FACE_BOUND('',#7993,.F.);
#7993 = EDGE_LOOP('',(#7994,#8004,#8010,#8011,#8012,#8020));
#7994 = ORIENTED_EDGE('',*,*,#7995,.F.);
#7995 = EDGE_CURVE('',#7996,#7998,#8000,.T.);
#7996 = VERTEX_POINT('',#7997);
#7997 = CARTESIAN_POINT('',(-0.7,0.375,0.));
#7998 = VERTEX_POINT('',#7999);
#7999 = CARTESIAN_POINT('',(-1.,0.375,0.));
#8000 = LINE('',#8001,#8002);
#8001 = CARTESIAN_POINT('',(-0.7,0.375,0.));
#8002 = VECTOR('',#8003,1.);
#8003 = DIRECTION('',(-1.,2.288475490444E-17,0.));
#8004 = ORIENTED_EDGE('',*,*,#8005,.T.);
#8005 = EDGE_CURVE('',#7996,#7220,#8006,.T.);
#8006 = LINE('',#8007,#8008);
#8007 = CARTESIAN_POINT('',(-0.7,0.375,0.));
#8008 = VECTOR('',#8009,1.);
#8009 = DIRECTION('',(0.,0.,1.));
#8010 = ORIENTED_EDGE('',*,*,#7219,.F.);
#8011 = ORIENTED_EDGE('',*,*,#7548,.F.);
#8012 = ORIENTED_EDGE('',*,*,#8013,.T.);
#8013 = EDGE_CURVE('',#7541,#8014,#8016,.T.);
#8014 = VERTEX_POINT('',#8015);
#8015 = CARTESIAN_POINT('',(-1.,0.375,0.2));
#8016 = LINE('',#8017,#8018);
#8017 = CARTESIAN_POINT('',(-0.7,0.375,0.2));
#8018 = VECTOR('',#8019,1.);
#8019 = DIRECTION('',(-1.,2.288475490444E-17,0.));
#8020 = ORIENTED_EDGE('',*,*,#8021,.F.);
#8021 = EDGE_CURVE('',#7998,#8014,#8022,.T.);
#8022 = LINE('',#8023,#8024);
#8023 = CARTESIAN_POINT('',(-1.,0.375,0.));
#8024 = VECTOR('',#8025,1.);
#8025 = DIRECTION('',(0.,0.,1.));
#8026 = PLANE('',#8027);
#8027 = AXIS2_PLACEMENT_3D('',#8028,#8029,#8030);
#8028 = CARTESIAN_POINT('',(-0.7,0.375,0.));
#8029 = DIRECTION('',(-2.288475490444E-17,-1.,0.));
#8030 = DIRECTION('',(-1.,2.288475490444E-17,0.));
#8031 = ADVANCED_FACE('',(#8032),#8059,.F.);
#8032 = FACE_BOUND('',#8033,.F.);
#8033 = EDGE_LOOP('',(#8034,#8042,#8043,#8044,#8045,#8053));
#8034 = ORIENTED_EDGE('',*,*,#8035,.F.);
#8035 = EDGE_CURVE('',#7972,#8036,#8038,.T.);
#8036 = VERTEX_POINT('',#8037);
#8037 = CARTESIAN_POINT('',(1.,0.125,0.));
#8038 = LINE('',#8039,#8040);
#8039 = CARTESIAN_POINT('',(0.7,0.125,0.));
#8040 = VECTOR('',#8041,1.);
#8041 = DIRECTION('',(1.,9.95799250103E-17,0.));
#8042 = ORIENTED_EDGE('',*,*,#7981,.T.);
#8043 = ORIENTED_EDGE('',*,*,#7372,.F.);
#8044 = ORIENTED_EDGE('',*,*,#7667,.T.);
#8045 = ORIENTED_EDGE('',*,*,#8046,.T.);
#8046 = EDGE_CURVE('',#7668,#8047,#8049,.T.);
#8047 = VERTEX_POINT('',#8048);
#8048 = CARTESIAN_POINT('',(1.,0.125,0.2));
#8049 = LINE('',#8050,#8051);
#8050 = CARTESIAN_POINT('',(0.7,0.125,0.2));
#8051 = VECTOR('',#8052,1.);
#8052 = DIRECTION('',(1.,9.95799250103E-17,0.));
#8053 = ORIENTED_EDGE('',*,*,#8054,.F.);
#8054 = EDGE_CURVE('',#8036,#8047,#8055,.T.);
#8055 = LINE('',#8056,#8057);
#8056 = CARTESIAN_POINT('',(1.,0.125,0.));
#8057 = VECTOR('',#8058,1.);
#8058 = DIRECTION('',(0.,0.,1.));
#8059 = PLANE('',#8060);
#8060 = AXIS2_PLACEMENT_3D('',#8061,#8062,#8063);
#8061 = CARTESIAN_POINT('',(0.7,0.125,0.));
#8062 = DIRECTION('',(-9.95799250103E-17,1.,0.));
#8063 = DIRECTION('',(1.,9.95799250103E-17,0.));
#8064 = ADVANCED_FACE('',(#8065),#8083,.F.);
#8065 = FACE_BOUND('',#8066,.F.);
#8066 = EDGE_LOOP('',(#8067,#8075,#8081,#8082));
#8067 = ORIENTED_EDGE('',*,*,#8068,.F.);
#8068 = EDGE_CURVE('',#8069,#7996,#8071,.T.);
#8069 = VERTEX_POINT('',#8070);
#8070 = CARTESIAN_POINT('',(-0.7,0.125,0.));
#8071 = LINE('',#8072,#8073);
#8072 = CARTESIAN_POINT('',(-0.7,0.125,0.));
#8073 = VECTOR('',#8074,1.);
#8074 = DIRECTION('',(2.288475490444E-17,1.,0.));
#8075 = ORIENTED_EDGE('',*,*,#8076,.T.);
#8076 = EDGE_CURVE('',#8069,#7228,#8077,.T.);
#8077 = LINE('',#8078,#8079);
#8078 = CARTESIAN_POINT('',(-0.7,0.125,0.));
#8079 = VECTOR('',#8080,1.);
#8080 = DIRECTION('',(0.,0.,1.));
#8081 = ORIENTED_EDGE('',*,*,#7227,.F.);
#8082 = ORIENTED_EDGE('',*,*,#8005,.F.);
#8083 = PLANE('',#8084);
#8084 = AXIS2_PLACEMENT_3D('',#8085,#8086,#8087);
#8085 = CARTESIAN_POINT('',(-0.7,0.125,0.));
#8086 = DIRECTION('',(-1.,2.288475490444E-17,0.));
#8087 = DIRECTION('',(2.288475490444E-17,1.,0.));
#8088 = ADVANCED_FACE('',(#8089),#8116,.F.);
#8089 = FACE_BOUND('',#8090,.F.);
#8090 = EDGE_LOOP('',(#8091,#8099,#8107,#8113,#8114,#8115));
#8091 = ORIENTED_EDGE('',*,*,#8092,.F.);
#8092 = EDGE_CURVE('',#8093,#8069,#8095,.T.);
#8093 = VERTEX_POINT('',#8094);
#8094 = CARTESIAN_POINT('',(-1.,0.125,0.));
#8095 = LINE('',#8096,#8097);
#8096 = CARTESIAN_POINT('',(-1.,0.125,0.));
#8097 = VECTOR('',#8098,1.);
#8098 = DIRECTION('',(1.,-2.288475490444E-17,0.));
#8099 = ORIENTED_EDGE('',*,*,#8100,.T.);
#8100 = EDGE_CURVE('',#8093,#8101,#8103,.T.);
#8101 = VERTEX_POINT('',#8102);
#8102 = CARTESIAN_POINT('',(-1.,0.125,0.2));
#8103 = LINE('',#8104,#8105);
#8104 = CARTESIAN_POINT('',(-1.,0.125,0.));
#8105 = VECTOR('',#8106,1.);
#8106 = DIRECTION('',(0.,0.,1.));
#8107 = ORIENTED_EDGE('',*,*,#8108,.T.);
#8108 = EDGE_CURVE('',#8101,#7533,#8109,.T.);
#8109 = LINE('',#8110,#8111);
#8110 = CARTESIAN_POINT('',(-1.,0.125,0.2));
#8111 = VECTOR('',#8112,1.);
#8112 = DIRECTION('',(1.,-2.288475490444E-17,0.));
#8113 = ORIENTED_EDGE('',*,*,#7532,.F.);
#8114 = ORIENTED_EDGE('',*,*,#7235,.F.);
#8115 = ORIENTED_EDGE('',*,*,#8076,.F.);
#8116 = PLANE('',#8117);
#8117 = AXIS2_PLACEMENT_3D('',#8118,#8119,#8120);
#8118 = CARTESIAN_POINT('',(-1.,0.125,0.));
#8119 = DIRECTION('',(2.288475490444E-17,1.,0.));
#8120 = DIRECTION('',(1.,-2.288475490444E-17,0.));
#8121 = ADVANCED_FACE('',(#8122),#8156,.F.);
#8122 = FACE_BOUND('',#8123,.F.);
#8123 = EDGE_LOOP('',(#8124,#8134,#8142,#8148,#8149,#8150));
#8124 = ORIENTED_EDGE('',*,*,#8125,.F.);
#8125 = EDGE_CURVE('',#8126,#8128,#8130,.T.);
#8126 = VERTEX_POINT('',#8127);
#8127 = CARTESIAN_POINT('',(1.,-0.125,0.));
#8128 = VERTEX_POINT('',#8129);
#8129 = CARTESIAN_POINT('',(0.7,-0.125,0.));
#8130 = LINE('',#8131,#8132);
#8131 = CARTESIAN_POINT('',(1.,-0.125,0.));
#8132 = VECTOR('',#8133,1.);
#8133 = DIRECTION('',(-1.,-9.95799250103E-17,0.));
#8134 = ORIENTED_EDGE('',*,*,#8135,.T.);
#8135 = EDGE_CURVE('',#8126,#8136,#8138,.T.);
#8136 = VERTEX_POINT('',#8137);
#8137 = CARTESIAN_POINT('',(1.,-0.125,0.2));
#8138 = LINE('',#8139,#8140);
#8139 = CARTESIAN_POINT('',(1.,-0.125,0.));
#8140 = VECTOR('',#8141,1.);
#8141 = DIRECTION('',(0.,0.,1.));
#8142 = ORIENTED_EDGE('',*,*,#8143,.T.);
#8143 = EDGE_CURVE('',#8136,#7653,#8144,.T.);
#8144 = LINE('',#8145,#8146);
#8145 = CARTESIAN_POINT('',(1.,-0.125,0.2));
#8146 = VECTOR('',#8147,1.);
#8147 = DIRECTION('',(-1.,-9.95799250103E-17,0.));
#8148 = ORIENTED_EDGE('',*,*,#7660,.T.);
#8149 = ORIENTED_EDGE('',*,*,#7356,.F.);
#8150 = ORIENTED_EDGE('',*,*,#8151,.F.);
#8151 = EDGE_CURVE('',#8128,#7349,#8152,.T.);
#8152 = LINE('',#8153,#8154);
#8153 = CARTESIAN_POINT('',(0.7,-0.125,0.));
#8154 = VECTOR('',#8155,1.);
#8155 = DIRECTION('',(0.,0.,1.));
#8156 = PLANE('',#8157);
#8157 = AXIS2_PLACEMENT_3D('',#8158,#8159,#8160);
#8158 = CARTESIAN_POINT('',(1.,-0.125,0.));
#8159 = DIRECTION('',(9.95799250103E-17,-1.,0.));
#8160 = DIRECTION('',(-1.,-9.95799250103E-17,0.));
#8161 = ADVANCED_FACE('',(#8162),#8180,.F.);
#8162 = FACE_BOUND('',#8163,.F.);
#8163 = EDGE_LOOP('',(#8164,#8172,#8173,#8174));
#8164 = ORIENTED_EDGE('',*,*,#8165,.F.);
#8165 = EDGE_CURVE('',#8128,#8166,#8168,.T.);
#8166 = VERTEX_POINT('',#8167);
#8167 = CARTESIAN_POINT('',(0.7,-0.375,0.));
#8168 = LINE('',#8169,#8170);
#8169 = CARTESIAN_POINT('',(0.7,-0.125,0.));
#8170 = VECTOR('',#8171,1.);
#8171 = DIRECTION('',(9.95799250103E-17,-1.,0.));
#8172 = ORIENTED_EDGE('',*,*,#8151,.T.);
#8173 = ORIENTED_EDGE('',*,*,#7348,.F.);
#8174 = ORIENTED_EDGE('',*,*,#8175,.F.);
#8175 = EDGE_CURVE('',#8166,#7341,#8176,.T.);
#8176 = LINE('',#8177,#8178);
#8177 = CARTESIAN_POINT('',(0.7,-0.375,0.));
#8178 = VECTOR('',#8179,1.);
#8179 = DIRECTION('',(0.,0.,1.));
#8180 = PLANE('',#8181);
#8181 = AXIS2_PLACEMENT_3D('',#8182,#8183,#8184);
#8182 = CARTESIAN_POINT('',(0.7,-0.125,0.));
#8183 = DIRECTION('',(1.,9.95799250103E-17,0.));
#8184 = DIRECTION('',(9.95799250103E-17,-1.,0.));
#8185 = ADVANCED_FACE('',(#8186),#8220,.F.);
#8186 = FACE_BOUND('',#8187,.F.);
#8187 = EDGE_LOOP('',(#8188,#8198,#8204,#8205,#8206,#8214));
#8188 = ORIENTED_EDGE('',*,*,#8189,.F.);
#8189 = EDGE_CURVE('',#8190,#8192,#8194,.T.);
#8190 = VERTEX_POINT('',#8191);
#8191 = CARTESIAN_POINT('',(-0.7,-0.125,0.));
#8192 = VERTEX_POINT('',#8193);
#8193 = CARTESIAN_POINT('',(-1.,-0.125,0.));
#8194 = LINE('',#8195,#8196);
#8195 = CARTESIAN_POINT('',(-0.7,-0.125,0.));
#8196 = VECTOR('',#8197,1.);
#8197 = DIRECTION('',(-1.,2.288475490444E-17,0.));
#8198 = ORIENTED_EDGE('',*,*,#8199,.T.);
#8199 = EDGE_CURVE('',#8190,#7252,#8200,.T.);
#8200 = LINE('',#8201,#8202);
#8201 = CARTESIAN_POINT('',(-0.7,-0.125,0.));
#8202 = VECTOR('',#8203,1.);
#8203 = DIRECTION('',(0.,0.,1.));
#8204 = ORIENTED_EDGE('',*,*,#7251,.F.);
#8205 = ORIENTED_EDGE('',*,*,#7525,.F.);
#8206 = ORIENTED_EDGE('',*,*,#8207,.T.);
#8207 = EDGE_CURVE('',#7518,#8208,#8210,.T.);
#8208 = VERTEX_POINT('',#8209);
#8209 = CARTESIAN_POINT('',(-1.,-0.125,0.2));
#8210 = LINE('',#8211,#8212);
#8211 = CARTESIAN_POINT('',(-0.7,-0.125,0.2));
#8212 = VECTOR('',#8213,1.);
#8213 = DIRECTION('',(-1.,2.288475490444E-17,0.));
#8214 = ORIENTED_EDGE('',*,*,#8215,.F.);
#8215 = EDGE_CURVE('',#8192,#8208,#8216,.T.);
#8216 = LINE('',#8217,#8218);
#8217 = CARTESIAN_POINT('',(-1.,-0.125,0.));
#8218 = VECTOR('',#8219,1.);
#8219 = DIRECTION('',(0.,0.,1.));
#8220 = PLANE('',#8221);
#8221 = AXIS2_PLACEMENT_3D('',#8222,#8223,#8224);
#8222 = CARTESIAN_POINT('',(-0.7,-0.125,0.));
#8223 = DIRECTION('',(-2.288475490444E-17,-1.,0.));
#8224 = DIRECTION('',(-1.,2.288475490444E-17,0.));
#8225 = ADVANCED_FACE('',(#8226),#8253,.F.);
#8226 = FACE_BOUND('',#8227,.F.);
#8227 = EDGE_LOOP('',(#8228,#8236,#8237,#8238,#8239,#8247));
#8228 = ORIENTED_EDGE('',*,*,#8229,.F.);
#8229 = EDGE_CURVE('',#8166,#8230,#8232,.T.);
#8230 = VERTEX_POINT('',#8231);
#8231 = CARTESIAN_POINT('',(1.,-0.375,0.));
#8232 = LINE('',#8233,#8234);
#8233 = CARTESIAN_POINT('',(0.7,-0.375,0.));
#8234 = VECTOR('',#8235,1.);
#8235 = DIRECTION('',(1.,9.95799250103E-17,0.));
#8236 = ORIENTED_EDGE('',*,*,#8175,.T.);
#8237 = ORIENTED_EDGE('',*,*,#7340,.F.);
#8238 = ORIENTED_EDGE('',*,*,#7644,.T.);
#8239 = ORIENTED_EDGE('',*,*,#8240,.T.);
#8240 = EDGE_CURVE('',#7645,#8241,#8243,.T.);
#8241 = VERTEX_POINT('',#8242);
#8242 = CARTESIAN_POINT('',(1.,-0.375,0.2));
#8243 = LINE('',#8244,#8245);
#8244 = CARTESIAN_POINT('',(0.7,-0.375,0.2));
#8245 = VECTOR('',#8246,1.);
#8246 = DIRECTION('',(1.,9.95799250103E-17,0.));
#8247 = ORIENTED_EDGE('',*,*,#8248,.F.);
#8248 = EDGE_CURVE('',#8230,#8241,#8249,.T.);
#8249 = LINE('',#8250,#8251);
#8250 = CARTESIAN_POINT('',(1.,-0.375,0.));
#8251 = VECTOR('',#8252,1.);
#8252 = DIRECTION('',(0.,0.,1.));
#8253 = PLANE('',#8254);
#8254 = AXIS2_PLACEMENT_3D('',#8255,#8256,#8257);
#8255 = CARTESIAN_POINT('',(0.7,-0.375,0.));
#8256 = DIRECTION('',(-9.95799250103E-17,1.,0.));
#8257 = DIRECTION('',(1.,9.95799250103E-17,0.));
#8258 = ADVANCED_FACE('',(#8259),#8277,.F.);
#8259 = FACE_BOUND('',#8260,.F.);
#8260 = EDGE_LOOP('',(#8261,#8269,#8275,#8276));
#8261 = ORIENTED_EDGE('',*,*,#8262,.F.);
#8262 = EDGE_CURVE('',#8263,#8190,#8265,.T.);
#8263 = VERTEX_POINT('',#8264);
#8264 = CARTESIAN_POINT('',(-0.7,-0.375,0.));
#8265 = LINE('',#8266,#8267);
#8266 = CARTESIAN_POINT('',(-0.7,-0.375,0.));
#8267 = VECTOR('',#8268,1.);
#8268 = DIRECTION('',(2.288475490444E-17,1.,0.));
#8269 = ORIENTED_EDGE('',*,*,#8270,.T.);
#8270 = EDGE_CURVE('',#8263,#7260,#8271,.T.);
#8271 = LINE('',#8272,#8273);
#8272 = CARTESIAN_POINT('',(-0.7,-0.375,0.));
#8273 = VECTOR('',#8274,1.);
#8274 = DIRECTION('',(0.,0.,1.));
#8275 = ORIENTED_EDGE('',*,*,#7259,.F.);
#8276 = ORIENTED_EDGE('',*,*,#8199,.F.);
#8277 = PLANE('',#8278);
#8278 = AXIS2_PLACEMENT_3D('',#8279,#8280,#8281);
#8279 = CARTESIAN_POINT('',(-0.7,-0.375,0.));
#8280 = DIRECTION('',(-1.,2.288475490444E-17,0.));
#8281 = DIRECTION('',(2.288475490444E-17,1.,0.));
#8282 = ADVANCED_FACE('',(#8283),#8310,.F.);
#8283 = FACE_BOUND('',#8284,.F.);
#8284 = EDGE_LOOP('',(#8285,#8293,#8301,#8307,#8308,#8309));
#8285 = ORIENTED_EDGE('',*,*,#8286,.F.);
#8286 = EDGE_CURVE('',#8287,#8263,#8289,.T.);
#8287 = VERTEX_POINT('',#8288);
#8288 = CARTESIAN_POINT('',(-1.,-0.375,0.));
#8289 = LINE('',#8290,#8291);
#8290 = CARTESIAN_POINT('',(-1.,-0.375,0.));
#8291 = VECTOR('',#8292,1.);
#8292 = DIRECTION('',(1.,-2.288475490444E-17,0.));
#8293 = ORIENTED_EDGE('',*,*,#8294,.T.);
#8294 = EDGE_CURVE('',#8287,#8295,#8297,.T.);
#8295 = VERTEX_POINT('',#8296);
#8296 = CARTESIAN_POINT('',(-1.,-0.375,0.2));
#8297 = LINE('',#8298,#8299);
#8298 = CARTESIAN_POINT('',(-1.,-0.375,0.));
#8299 = VECTOR('',#8300,1.);
#8300 = DIRECTION('',(0.,0.,1.));
#8301 = ORIENTED_EDGE('',*,*,#8302,.T.);
#8302 = EDGE_CURVE('',#8295,#7510,#8303,.T.);
#8303 = LINE('',#8304,#8305);
#8304 = CARTESIAN_POINT('',(-1.,-0.375,0.2));
#8305 = VECTOR('',#8306,1.);
#8306 = DIRECTION('',(1.,-2.288475490444E-17,0.));
#8307 = ORIENTED_EDGE('',*,*,#7509,.F.);
#8308 = ORIENTED_EDGE('',*,*,#7267,.F.);
#8309 = ORIENTED_EDGE('',*,*,#8270,.F.);
#8310 = PLANE('',#8311);
#8311 = AXIS2_PLACEMENT_3D('',#8312,#8313,#8314);
#8312 = CARTESIAN_POINT('',(-1.,-0.375,0.));
#8313 = DIRECTION('',(2.288475490444E-17,1.,0.));
#8314 = DIRECTION('',(1.,-2.288475490444E-17,0.));
#8315 = ADVANCED_FACE('',(#8316),#8350,.F.);
#8316 = FACE_BOUND('',#8317,.F.);
#8317 = EDGE_LOOP('',(#8318,#8328,#8336,#8342,#8343,#8344));
#8318 = ORIENTED_EDGE('',*,*,#8319,.F.);
#8319 = EDGE_CURVE('',#8320,#8322,#8324,.T.);
#8320 = VERTEX_POINT('',#8321);
#8321 = CARTESIAN_POINT('',(1.,-0.625,0.));
#8322 = VERTEX_POINT('',#8323);
#8323 = CARTESIAN_POINT('',(0.7,-0.625,0.));
#8324 = LINE('',#8325,#8326);
#8325 = CARTESIAN_POINT('',(1.,-0.625,0.));
#8326 = VECTOR('',#8327,1.);
#8327 = DIRECTION('',(-1.,-9.95799250103E-17,0.));
#8328 = ORIENTED_EDGE('',*,*,#8329,.T.);
#8329 = EDGE_CURVE('',#8320,#8330,#8332,.T.);
#8330 = VERTEX_POINT('',#8331);
#8331 = CARTESIAN_POINT('',(1.,-0.625,0.2));
#8332 = LINE('',#8333,#8334);
#8333 = CARTESIAN_POINT('',(1.,-0.625,0.));
#8334 = VECTOR('',#8335,1.);
#8335 = DIRECTION('',(0.,0.,1.));
#8336 = ORIENTED_EDGE('',*,*,#8337,.T.);
#8337 = EDGE_CURVE('',#8330,#7630,#8338,.T.);
#8338 = LINE('',#8339,#8340);
#8339 = CARTESIAN_POINT('',(1.,-0.625,0.2));
#8340 = VECTOR('',#8341,1.);
#8341 = DIRECTION('',(-1.,-9.95799250103E-17,0.));
#8342 = ORIENTED_EDGE('',*,*,#7637,.T.);
#8343 = ORIENTED_EDGE('',*,*,#7324,.F.);
#8344 = ORIENTED_EDGE('',*,*,#8345,.F.);
#8345 = EDGE_CURVE('',#8322,#7317,#8346,.T.);
#8346 = LINE('',#8347,#8348);
#8347 = CARTESIAN_POINT('',(0.7,-0.625,0.));
#8348 = VECTOR('',#8349,1.);
#8349 = DIRECTION('',(0.,0.,1.));
#8350 = PLANE('',#8351);
#8351 = AXIS2_PLACEMENT_3D('',#8352,#8353,#8354);
#8352 = CARTESIAN_POINT('',(1.,-0.625,0.));
#8353 = DIRECTION('',(9.95799250103E-17,-1.,0.));
#8354 = DIRECTION('',(-1.,-9.95799250103E-17,0.));
#8355 = ADVANCED_FACE('',(#8356),#8374,.F.);
#8356 = FACE_BOUND('',#8357,.F.);
#8357 = EDGE_LOOP('',(#8358,#8366,#8367,#8368));
#8358 = ORIENTED_EDGE('',*,*,#8359,.F.);
#8359 = EDGE_CURVE('',#8322,#8360,#8362,.T.);
#8360 = VERTEX_POINT('',#8361);
#8361 = CARTESIAN_POINT('',(0.7,-0.875,0.));
#8362 = LINE('',#8363,#8364);
#8363 = CARTESIAN_POINT('',(0.7,-0.625,0.));
#8364 = VECTOR('',#8365,1.);
#8365 = DIRECTION('',(9.95799250103E-17,-1.,0.));
#8366 = ORIENTED_EDGE('',*,*,#8345,.T.);
#8367 = ORIENTED_EDGE('',*,*,#7316,.F.);
#8368 = ORIENTED_EDGE('',*,*,#8369,.F.);
#8369 = EDGE_CURVE('',#8360,#7309,#8370,.T.);
#8370 = LINE('',#8371,#8372);
#8371 = CARTESIAN_POINT('',(0.7,-0.875,0.));
#8372 = VECTOR('',#8373,1.);
#8373 = DIRECTION('',(0.,0.,1.));
#8374 = PLANE('',#8375);
#8375 = AXIS2_PLACEMENT_3D('',#8376,#8377,#8378);
#8376 = CARTESIAN_POINT('',(0.7,-0.625,0.));
#8377 = DIRECTION('',(1.,9.95799250103E-17,0.));
#8378 = DIRECTION('',(9.95799250103E-17,-1.,0.));
#8379 = ADVANCED_FACE('',(#8380),#8407,.F.);
#8380 = FACE_BOUND('',#8381,.F.);
#8381 = EDGE_LOOP('',(#8382,#8390,#8391,#8392,#8393,#8401));
#8382 = ORIENTED_EDGE('',*,*,#8383,.F.);
#8383 = EDGE_CURVE('',#8360,#8384,#8386,.T.);
#8384 = VERTEX_POINT('',#8385);
#8385 = CARTESIAN_POINT('',(1.,-0.875,0.));
#8386 = LINE('',#8387,#8388);
#8387 = CARTESIAN_POINT('',(0.7,-0.875,0.));
#8388 = VECTOR('',#8389,1.);
#8389 = DIRECTION('',(1.,9.95799250103E-17,0.));
#8390 = ORIENTED_EDGE('',*,*,#8369,.T.);
#8391 = ORIENTED_EDGE('',*,*,#7308,.F.);
#8392 = ORIENTED_EDGE('',*,*,#7621,.T.);
#8393 = ORIENTED_EDGE('',*,*,#8394,.T.);
#8394 = EDGE_CURVE('',#7622,#8395,#8397,.T.);
#8395 = VERTEX_POINT('',#8396);
#8396 = CARTESIAN_POINT('',(1.,-0.875,0.2));
#8397 = LINE('',#8398,#8399);
#8398 = CARTESIAN_POINT('',(0.7,-0.875,0.2));
#8399 = VECTOR('',#8400,1.);
#8400 = DIRECTION('',(1.,9.95799250103E-17,0.));
#8401 = ORIENTED_EDGE('',*,*,#8402,.F.);
#8402 = EDGE_CURVE('',#8384,#8395,#8403,.T.);
#8403 = LINE('',#8404,#8405);
#8404 = CARTESIAN_POINT('',(1.,-0.875,0.));
#8405 = VECTOR('',#8406,1.);
#8406 = DIRECTION('',(0.,0.,1.));
#8407 = PLANE('',#8408);
#8408 = AXIS2_PLACEMENT_3D('',#8409,#8410,#8411);
#8409 = CARTESIAN_POINT('',(0.7,-0.875,0.));
#8410 = DIRECTION('',(-9.95799250103E-17,1.,0.));
#8411 = DIRECTION('',(1.,9.95799250103E-17,0.));
#8412 = ADVANCED_FACE('',(#8413),#8424,.T.);
#8413 = FACE_BOUND('',#8414,.T.);
#8414 = EDGE_LOOP('',(#8415,#8416,#8417,#8418));
#8415 = ORIENTED_EDGE('',*,*,#7493,.F.);
#8416 = ORIENTED_EDGE('',*,*,#7292,.T.);
#8417 = ORIENTED_EDGE('',*,*,#7614,.T.);
#8418 = ORIENTED_EDGE('',*,*,#8419,.F.);
#8419 = EDGE_CURVE('',#7486,#7607,#8420,.T.);
#8420 = LINE('',#8421,#8422);
#8421 = CARTESIAN_POINT('',(-0.99,-0.99,0.82));
#8422 = VECTOR('',#8423,1.);
#8423 = DIRECTION('',(1.,2.22044604925E-16,0.));
#8424 = PLANE('',#8425);
#8425 = AXIS2_PLACEMENT_3D('',#8426,#8427,#8428);
#8426 = CARTESIAN_POINT('',(-0.99,-0.99,2.E-02));
#8427 = DIRECTION('',(2.22044604925E-16,-1.,0.));
#8428 = DIRECTION('',(0.,0.,1.));
#8429 = ADVANCED_FACE('',(#8430),#8455,.F.);
#8430 = FACE_BOUND('',#8431,.F.);
#8431 = EDGE_LOOP('',(#8432,#8442,#8448,#8449));
#8432 = ORIENTED_EDGE('',*,*,#8433,.F.);
#8433 = EDGE_CURVE('',#8434,#8436,#8438,.T.);
#8434 = VERTEX_POINT('',#8435);
#8435 = CARTESIAN_POINT('',(-0.2,0.8,0.));
#8436 = VERTEX_POINT('',#8437);
#8437 = CARTESIAN_POINT('',(-0.45,0.55,0.));
#8438 = LINE('',#8439,#8440);
#8439 = CARTESIAN_POINT('',(-0.2,0.8,0.));
#8440 = VECTOR('',#8441,1.);
#8441 = DIRECTION('',(-0.707106781187,-0.707106781187,0.));
#8442 = ORIENTED_EDGE('',*,*,#8443,.T.);
#8443 = EDGE_CURVE('',#8434,#7431,#8444,.T.);
#8444 = LINE('',#8445,#8446);
#8445 = CARTESIAN_POINT('',(-0.2,0.8,0.));
#8446 = VECTOR('',#8447,1.);
#8447 = DIRECTION('',(0.,0.,1.));
#8448 = ORIENTED_EDGE('',*,*,#7428,.F.);
#8449 = ORIENTED_EDGE('',*,*,#8450,.F.);
#8450 = EDGE_CURVE('',#8436,#7429,#8451,.T.);
#8451 = LINE('',#8452,#8453);
#8452 = CARTESIAN_POINT('',(-0.45,0.55,0.));
#8453 = VECTOR('',#8454,1.);
#8454 = DIRECTION('',(0.,0.,1.));
#8455 = PLANE('',#8456);
#8456 = AXIS2_PLACEMENT_3D('',#8457,#8458,#8459);
#8457 = CARTESIAN_POINT('',(-0.2,0.8,0.));
#8458 = DIRECTION('',(0.707106781187,-0.707106781187,0.));
#8459 = DIRECTION('',(-0.707106781187,-0.707106781187,0.));
#8460 = ADVANCED_FACE('',(#8461),#8479,.F.);
#8461 = FACE_BOUND('',#8462,.F.);
#8462 = EDGE_LOOP('',(#8463,#8471,#8472,#8473));
#8463 = ORIENTED_EDGE('',*,*,#8464,.F.);
#8464 = EDGE_CURVE('',#8436,#8465,#8467,.T.);
#8465 = VERTEX_POINT('',#8466);
#8466 = CARTESIAN_POINT('',(-0.45,-0.8,0.));
#8467 = LINE('',#8468,#8469);
#8468 = CARTESIAN_POINT('',(-0.45,0.55,0.));
#8469 = VECTOR('',#8470,1.);
#8470 = DIRECTION('',(2.22044604925E-16,-1.,0.));
#8471 = ORIENTED_EDGE('',*,*,#8450,.T.);
#8472 = ORIENTED_EDGE('',*,*,#7462,.F.);
#8473 = ORIENTED_EDGE('',*,*,#8474,.F.);
#8474 = EDGE_CURVE('',#8465,#7455,#8475,.T.);
#8475 = LINE('',#8476,#8477);
#8476 = CARTESIAN_POINT('',(-0.45,-0.8,0.));
#8477 = VECTOR('',#8478,1.);
#8478 = DIRECTION('',(0.,0.,1.));
#8479 = PLANE('',#8480);
#8480 = AXIS2_PLACEMENT_3D('',#8481,#8482,#8483);
#8481 = CARTESIAN_POINT('',(-0.45,0.55,0.));
#8482 = DIRECTION('',(1.,2.22044604925E-16,0.));
#8483 = DIRECTION('',(2.22044604925E-16,-1.,0.));
#8484 = ADVANCED_FACE('',(#8485),#8503,.F.);
#8485 = FACE_BOUND('',#8486,.F.);
#8486 = EDGE_LOOP('',(#8487,#8495,#8501,#8502));
#8487 = ORIENTED_EDGE('',*,*,#8488,.F.);
#8488 = EDGE_CURVE('',#8489,#8434,#8491,.T.);
#8489 = VERTEX_POINT('',#8490);
#8490 = CARTESIAN_POINT('',(0.45,0.8,0.));
#8491 = LINE('',#8492,#8493);
#8492 = CARTESIAN_POINT('',(0.45,0.8,0.));
#8493 = VECTOR('',#8494,1.);
#8494 = DIRECTION('',(-1.,-2.22044604925E-16,0.));
#8495 = ORIENTED_EDGE('',*,*,#8496,.T.);
#8496 = EDGE_CURVE('',#8489,#7439,#8497,.T.);
#8497 = LINE('',#8498,#8499);
#8498 = CARTESIAN_POINT('',(0.45,0.8,0.));
#8499 = VECTOR('',#8500,1.);
#8500 = DIRECTION('',(0.,0.,1.));
#8501 = ORIENTED_EDGE('',*,*,#7438,.F.);
#8502 = ORIENTED_EDGE('',*,*,#8443,.F.);
#8503 = PLANE('',#8504);
#8504 = AXIS2_PLACEMENT_3D('',#8505,#8506,#8507);
#8505 = CARTESIAN_POINT('',(0.45,0.8,0.));
#8506 = DIRECTION('',(2.22044604925E-16,-1.,0.));
#8507 = DIRECTION('',(-1.,-2.22044604925E-16,0.));
#8508 = ADVANCED_FACE('',(#8509),#8527,.F.);
#8509 = FACE_BOUND('',#8510,.F.);
#8510 = EDGE_LOOP('',(#8511,#8519,#8520,#8521));
#8511 = ORIENTED_EDGE('',*,*,#8512,.F.);
#8512 = EDGE_CURVE('',#8465,#8513,#8515,.T.);
#8513 = VERTEX_POINT('',#8514);
#8514 = CARTESIAN_POINT('',(0.45,-0.8,0.));
#8515 = LINE('',#8516,#8517);
#8516 = CARTESIAN_POINT('',(-0.45,-0.8,0.));
#8517 = VECTOR('',#8518,1.);
#8518 = DIRECTION('',(1.,2.22044604925E-16,0.));
#8519 = ORIENTED_EDGE('',*,*,#8474,.T.);
#8520 = ORIENTED_EDGE('',*,*,#7454,.F.);
#8521 = ORIENTED_EDGE('',*,*,#8522,.F.);
#8522 = EDGE_CURVE('',#8513,#7447,#8523,.T.);
#8523 = LINE('',#8524,#8525);
#8524 = CARTESIAN_POINT('',(0.45,-0.8,0.));
#8525 = VECTOR('',#8526,1.);
#8526 = DIRECTION('',(0.,0.,1.));
#8527 = PLANE('',#8528);
#8528 = AXIS2_PLACEMENT_3D('',#8529,#8530,#8531);
#8529 = CARTESIAN_POINT('',(-0.45,-0.8,0.));
#8530 = DIRECTION('',(-2.22044604925E-16,1.,0.));
#8531 = DIRECTION('',(1.,2.22044604925E-16,0.));
#8532 = ADVANCED_FACE('',(#8533),#8544,.F.);
#8533 = FACE_BOUND('',#8534,.F.);
#8534 = EDGE_LOOP('',(#8535,#8541,#8542,#8543));
#8535 = ORIENTED_EDGE('',*,*,#8536,.F.);
#8536 = EDGE_CURVE('',#8513,#8489,#8537,.T.);
#8537 = LINE('',#8538,#8539);
#8538 = CARTESIAN_POINT('',(0.45,-0.8,0.));
#8539 = VECTOR('',#8540,1.);
#8540 = DIRECTION('',(-2.22044604925E-16,1.,0.));
#8541 = ORIENTED_EDGE('',*,*,#8522,.T.);
#8542 = ORIENTED_EDGE('',*,*,#7446,.F.);
#8543 = ORIENTED_EDGE('',*,*,#8496,.F.);
#8544 = PLANE('',#8545);
#8545 = AXIS2_PLACEMENT_3D('',#8546,#8547,#8548);
#8546 = CARTESIAN_POINT('',(0.45,-0.8,0.));
#8547 = DIRECTION('',(-1.,-2.22044604925E-16,0.));
#8548 = DIRECTION('',(-2.22044604925E-16,1.,0.));
#8549 = ADVANCED_FACE('',(#8550,#8556),#8567,.T.);
#8550 = FACE_BOUND('',#8551,.T.);
#8551 = EDGE_LOOP('',(#8552,#8553,#8554,#8555));
#8552 = ORIENTED_EDGE('',*,*,#7723,.F.);
#8553 = ORIENTED_EDGE('',*,*,#7485,.T.);
#8554 = ORIENTED_EDGE('',*,*,#8419,.T.);
#8555 = ORIENTED_EDGE('',*,*,#7606,.F.);
#8556 = FACE_BOUND('',#8557,.T.);
#8557 = EDGE_LOOP('',(#8558));
#8558 = ORIENTED_EDGE('',*,*,#8559,.T.);
#8559 = EDGE_CURVE('',#8560,#8560,#8562,.T.);
#8560 = VERTEX_POINT('',#8561);
#8561 = CARTESIAN_POINT('',(-0.65,0.525,0.82));
#8562 = CIRCLE('',#8563,0.125);
#8563 = AXIS2_PLACEMENT_3D('',#8564,#8565,#8566);
#8564 = CARTESIAN_POINT('',(-0.65,0.65,0.82));
#8565 = DIRECTION('',(0.,-0.,-1.));
#8566 = DIRECTION('',(2.22044604925E-16,-1.,0.));
#8567 = PLANE('',#8568);
#8568 = AXIS2_PLACEMENT_3D('',#8569,#8570,#8571);
#8569 = CARTESIAN_POINT('',(-0.99,0.99,0.82));
#8570 = DIRECTION('',(0.,0.,1.));
#8571 = DIRECTION('',(2.22044604925E-16,-1.,0.));
#8572 = ADVANCED_FACE('',(#8573),#8584,.F.);
#8573 = FACE_BOUND('',#8574,.F.);
#8574 = EDGE_LOOP('',(#8575,#8576,#8582,#8583));
#8575 = ORIENTED_EDGE('',*,*,#7914,.F.);
#8576 = ORIENTED_EDGE('',*,*,#8577,.F.);
#8577 = EDGE_CURVE('',#7820,#7907,#8578,.T.);
#8578 = LINE('',#8579,#8580);
#8579 = CARTESIAN_POINT('',(-1.,0.875,0.2));
#8580 = VECTOR('',#8581,1.);
#8581 = DIRECTION('',(-2.288475490444E-17,-1.,0.));
#8582 = ORIENTED_EDGE('',*,*,#7819,.F.);
#8583 = ORIENTED_EDGE('',*,*,#7563,.F.);
#8584 = PLANE('',#8585);
#8585 = AXIS2_PLACEMENT_3D('',#8586,#8587,#8588);
#8586 = CARTESIAN_POINT('',(-1.,0.625,0.2));
#8587 = DIRECTION('',(0.,-0.,-1.));
#8588 = DIRECTION('',(2.288475490444E-17,1.,0.));
#8589 = ADVANCED_FACE('',(#8590),#8601,.F.);
#8590 = FACE_BOUND('',#8591,.F.);
#8591 = EDGE_LOOP('',(#8592,#8593,#8599,#8600));
#8592 = ORIENTED_EDGE('',*,*,#8108,.F.);
#8593 = ORIENTED_EDGE('',*,*,#8594,.F.);
#8594 = EDGE_CURVE('',#8014,#8101,#8595,.T.);
#8595 = LINE('',#8596,#8597);
#8596 = CARTESIAN_POINT('',(-1.,0.375,0.2));
#8597 = VECTOR('',#8598,1.);
#8598 = DIRECTION('',(-2.288475490444E-17,-1.,0.));
#8599 = ORIENTED_EDGE('',*,*,#8013,.F.);
#8600 = ORIENTED_EDGE('',*,*,#7540,.F.);
#8601 = PLANE('',#8602);
#8602 = AXIS2_PLACEMENT_3D('',#8603,#8604,#8605);
#8603 = CARTESIAN_POINT('',(-1.,0.125,0.2));
#8604 = DIRECTION('',(0.,-0.,-1.));
#8605 = DIRECTION('',(2.288475490444E-17,1.,0.));
#8606 = ADVANCED_FACE('',(#8607),#8618,.F.);
#8607 = FACE_BOUND('',#8608,.F.);
#8608 = EDGE_LOOP('',(#8609,#8610,#8616,#8617));
#8609 = ORIENTED_EDGE('',*,*,#8302,.F.);
#8610 = ORIENTED_EDGE('',*,*,#8611,.F.);
#8611 = EDGE_CURVE('',#8208,#8295,#8612,.T.);
#8612 = LINE('',#8613,#8614);
#8613 = CARTESIAN_POINT('',(-1.,-0.125,0.2));
#8614 = VECTOR('',#8615,1.);
#8615 = DIRECTION('',(-2.288475490444E-17,-1.,0.));
#8616 = ORIENTED_EDGE('',*,*,#8207,.F.);
#8617 = ORIENTED_EDGE('',*,*,#7517,.F.);
#8618 = PLANE('',#8619);
#8619 = AXIS2_PLACEMENT_3D('',#8620,#8621,#8622);
#8620 = CARTESIAN_POINT('',(-1.,-0.375,0.2));
#8621 = DIRECTION('',(0.,-0.,-1.));
#8622 = DIRECTION('',(2.288475490444E-17,1.,0.));
#8623 = ADVANCED_FACE('',(#8624),#8635,.F.);
#8624 = FACE_BOUND('',#8625,.F.);
#8625 = EDGE_LOOP('',(#8626,#8627,#8633,#8634));
#8626 = ORIENTED_EDGE('',*,*,#7755,.F.);
#8627 = ORIENTED_EDGE('',*,*,#8628,.F.);
#8628 = EDGE_CURVE('',#7853,#7748,#8629,.T.);
#8629 = LINE('',#8630,#8631);
#8630 = CARTESIAN_POINT('',(1.,0.625,0.2));
#8631 = VECTOR('',#8632,1.);
#8632 = DIRECTION('',(-9.95799250103E-17,1.,0.));
#8633 = ORIENTED_EDGE('',*,*,#7852,.F.);
#8634 = ORIENTED_EDGE('',*,*,#7698,.T.);
#8635 = PLANE('',#8636);
#8636 = AXIS2_PLACEMENT_3D('',#8637,#8638,#8639);
#8637 = CARTESIAN_POINT('',(1.,0.875,0.2));
#8638 = DIRECTION('',(-0.,0.,-1.));
#8639 = DIRECTION('',(9.95799250103E-17,-1.,-0.));
#8640 = ADVANCED_FACE('',(#8641),#8652,.F.);
#8641 = FACE_BOUND('',#8642,.F.);
#8642 = EDGE_LOOP('',(#8643,#8644,#8650,#8651));
#8643 = ORIENTED_EDGE('',*,*,#8337,.F.);
#8644 = ORIENTED_EDGE('',*,*,#8645,.F.);
#8645 = EDGE_CURVE('',#8395,#8330,#8646,.T.);
#8646 = LINE('',#8647,#8648);
#8647 = CARTESIAN_POINT('',(1.,-0.875,0.2));
#8648 = VECTOR('',#8649,1.);
#8649 = DIRECTION('',(-9.95799250103E-17,1.,0.));
#8650 = ORIENTED_EDGE('',*,*,#8394,.F.);
#8651 = ORIENTED_EDGE('',*,*,#7629,.T.);
#8652 = PLANE('',#8653);
#8653 = AXIS2_PLACEMENT_3D('',#8654,#8655,#8656);
#8654 = CARTESIAN_POINT('',(1.,-0.625,0.2));
#8655 = DIRECTION('',(-0.,0.,-1.));
#8656 = DIRECTION('',(9.95799250103E-17,-1.,-0.));
#8657 = ADVANCED_FACE('',(#8658),#8669,.F.);
#8658 = FACE_BOUND('',#8659,.F.);
#8659 = EDGE_LOOP('',(#8660,#8661,#8667,#8668));
#8660 = ORIENTED_EDGE('',*,*,#7949,.F.);
#8661 = ORIENTED_EDGE('',*,*,#8662,.F.);
#8662 = EDGE_CURVE('',#8047,#7942,#8663,.T.);
#8663 = LINE('',#8664,#8665);
#8664 = CARTESIAN_POINT('',(1.,0.125,0.2));
#8665 = VECTOR('',#8666,1.);
#8666 = DIRECTION('',(-9.95799250103E-17,1.,0.));
#8667 = ORIENTED_EDGE('',*,*,#8046,.F.);
#8668 = ORIENTED_EDGE('',*,*,#7675,.T.);
#8669 = PLANE('',#8670);
#8670 = AXIS2_PLACEMENT_3D('',#8671,#8672,#8673);
#8671 = CARTESIAN_POINT('',(1.,0.375,0.2));
#8672 = DIRECTION('',(-0.,0.,-1.));
#8673 = DIRECTION('',(9.95799250103E-17,-1.,-0.));
#8674 = ADVANCED_FACE('',(#8675),#8686,.F.);
#8675 = FACE_BOUND('',#8676,.F.);
#8676 = EDGE_LOOP('',(#8677,#8678,#8684,#8685));
#8677 = ORIENTED_EDGE('',*,*,#8143,.F.);
#8678 = ORIENTED_EDGE('',*,*,#8679,.F.);
#8679 = EDGE_CURVE('',#8241,#8136,#8680,.T.);
#8680 = LINE('',#8681,#8682);
#8681 = CARTESIAN_POINT('',(1.,-0.375,0.2));
#8682 = VECTOR('',#8683,1.);
#8683 = DIRECTION('',(-9.95799250103E-17,1.,0.));
#8684 = ORIENTED_EDGE('',*,*,#8240,.F.);
#8685 = ORIENTED_EDGE('',*,*,#7652,.T.);
#8686 = PLANE('',#8687);
#8687 = AXIS2_PLACEMENT_3D('',#8688,#8689,#8690);
#8688 = CARTESIAN_POINT('',(1.,-0.125,0.2));
#8689 = DIRECTION('',(-0.,0.,-1.));
#8690 = DIRECTION('',(9.95799250103E-17,-1.,-0.));
#8691 = ADVANCED_FACE('',(#8692),#8703,.T.);
#8692 = FACE_BOUND('',#8693,.F.);
#8693 = EDGE_LOOP('',(#8694,#8695,#8696,#8697));
#8694 = ORIENTED_EDGE('',*,*,#7737,.T.);
#8695 = ORIENTED_EDGE('',*,*,#7777,.T.);
#8696 = ORIENTED_EDGE('',*,*,#7841,.T.);
#8697 = ORIENTED_EDGE('',*,*,#8698,.T.);
#8698 = EDGE_CURVE('',#7842,#7738,#8699,.T.);
#8699 = LINE('',#8700,#8701);
#8700 = CARTESIAN_POINT('',(1.,0.625,0.));
#8701 = VECTOR('',#8702,1.);
#8702 = DIRECTION('',(-9.95799250103E-17,1.,0.));
#8703 = PLANE('',#8704);
#8704 = AXIS2_PLACEMENT_3D('',#8705,#8706,#8707);
#8705 = CARTESIAN_POINT('',(1.,0.875,0.));
#8706 = DIRECTION('',(-0.,0.,-1.));
#8707 = DIRECTION('',(9.95799250103E-17,-1.,-0.));
#8708 = ADVANCED_FACE('',(#8709),#8715,.F.);
#8709 = FACE_BOUND('',#8710,.F.);
#8710 = EDGE_LOOP('',(#8711,#8712,#8713,#8714));
#8711 = ORIENTED_EDGE('',*,*,#7860,.T.);
#8712 = ORIENTED_EDGE('',*,*,#8628,.T.);
#8713 = ORIENTED_EDGE('',*,*,#7747,.F.);
#8714 = ORIENTED_EDGE('',*,*,#8698,.F.);
#8715 = PLANE('',#8716);
#8716 = AXIS2_PLACEMENT_3D('',#8717,#8718,#8719);
#8717 = CARTESIAN_POINT('',(1.,0.625,0.));
#8718 = DIRECTION('',(-1.,-9.95799250103E-17,0.));
#8719 = DIRECTION('',(-9.95799250103E-17,1.,0.));
#8720 = ADVANCED_FACE('',(#8721),#8732,.T.);
#8721 = FACE_BOUND('',#8722,.F.);
#8722 = EDGE_LOOP('',(#8723,#8724,#8725,#8726));
#8723 = ORIENTED_EDGE('',*,*,#7898,.T.);
#8724 = ORIENTED_EDGE('',*,*,#7874,.T.);
#8725 = ORIENTED_EDGE('',*,*,#7801,.T.);
#8726 = ORIENTED_EDGE('',*,*,#8727,.T.);
#8727 = EDGE_CURVE('',#7804,#7899,#8728,.T.);
#8728 = LINE('',#8729,#8730);
#8729 = CARTESIAN_POINT('',(-1.,0.875,0.));
#8730 = VECTOR('',#8731,1.);
#8731 = DIRECTION('',(-2.288475490444E-17,-1.,0.));
#8732 = PLANE('',#8733);
#8733 = AXIS2_PLACEMENT_3D('',#8734,#8735,#8736);
#8734 = CARTESIAN_POINT('',(-1.,0.625,0.));
#8735 = DIRECTION('',(0.,-0.,-1.));
#8736 = DIRECTION('',(2.288475490444E-17,1.,0.));
#8737 = ADVANCED_FACE('',(#8738),#8744,.F.);
#8738 = FACE_BOUND('',#8739,.F.);
#8739 = EDGE_LOOP('',(#8740,#8741,#8742,#8743));
#8740 = ORIENTED_EDGE('',*,*,#7827,.T.);
#8741 = ORIENTED_EDGE('',*,*,#8577,.T.);
#8742 = ORIENTED_EDGE('',*,*,#7906,.F.);
#8743 = ORIENTED_EDGE('',*,*,#8727,.F.);
#8744 = PLANE('',#8745);
#8745 = AXIS2_PLACEMENT_3D('',#8746,#8747,#8748);
#8746 = CARTESIAN_POINT('',(-1.,0.875,0.));
#8747 = DIRECTION('',(1.,-2.288475490444E-17,0.));
#8748 = DIRECTION('',(-2.288475490444E-17,-1.,0.));
#8749 = ADVANCED_FACE('',(#8750),#8761,.T.);
#8750 = FACE_BOUND('',#8751,.F.);
#8751 = EDGE_LOOP('',(#8752,#8753,#8754,#8755));
#8752 = ORIENTED_EDGE('',*,*,#7931,.T.);
#8753 = ORIENTED_EDGE('',*,*,#7971,.T.);
#8754 = ORIENTED_EDGE('',*,*,#8035,.T.);
#8755 = ORIENTED_EDGE('',*,*,#8756,.T.);
#8756 = EDGE_CURVE('',#8036,#7932,#8757,.T.);
#8757 = LINE('',#8758,#8759);
#8758 = CARTESIAN_POINT('',(1.,0.125,0.));
#8759 = VECTOR('',#8760,1.);
#8760 = DIRECTION('',(-9.95799250103E-17,1.,0.));
#8761 = PLANE('',#8762);
#8762 = AXIS2_PLACEMENT_3D('',#8763,#8764,#8765);
#8763 = CARTESIAN_POINT('',(1.,0.375,0.));
#8764 = DIRECTION('',(-0.,0.,-1.));
#8765 = DIRECTION('',(9.95799250103E-17,-1.,-0.));
#8766 = ADVANCED_FACE('',(#8767),#8773,.F.);
#8767 = FACE_BOUND('',#8768,.F.);
#8768 = EDGE_LOOP('',(#8769,#8770,#8771,#8772));
#8769 = ORIENTED_EDGE('',*,*,#8054,.T.);
#8770 = ORIENTED_EDGE('',*,*,#8662,.T.);
#8771 = ORIENTED_EDGE('',*,*,#7941,.F.);
#8772 = ORIENTED_EDGE('',*,*,#8756,.F.);
#8773 = PLANE('',#8774);
#8774 = AXIS2_PLACEMENT_3D('',#8775,#8776,#8777);
#8775 = CARTESIAN_POINT('',(1.,0.125,0.));
#8776 = DIRECTION('',(-1.,-9.95799250103E-17,0.));
#8777 = DIRECTION('',(-9.95799250103E-17,1.,0.));
#8778 = ADVANCED_FACE('',(#8779),#8790,.T.);
#8779 = FACE_BOUND('',#8780,.F.);
#8780 = EDGE_LOOP('',(#8781,#8782,#8783,#8784));
#8781 = ORIENTED_EDGE('',*,*,#8092,.T.);
#8782 = ORIENTED_EDGE('',*,*,#8068,.T.);
#8783 = ORIENTED_EDGE('',*,*,#7995,.T.);
#8784 = ORIENTED_EDGE('',*,*,#8785,.T.);
#8785 = EDGE_CURVE('',#7998,#8093,#8786,.T.);
#8786 = LINE('',#8787,#8788);
#8787 = CARTESIAN_POINT('',(-1.,0.375,0.));
#8788 = VECTOR('',#8789,1.);
#8789 = DIRECTION('',(-2.288475490444E-17,-1.,0.));
#8790 = PLANE('',#8791);
#8791 = AXIS2_PLACEMENT_3D('',#8792,#8793,#8794);
#8792 = CARTESIAN_POINT('',(-1.,0.125,0.));
#8793 = DIRECTION('',(0.,-0.,-1.));
#8794 = DIRECTION('',(2.288475490444E-17,1.,0.));
#8795 = ADVANCED_FACE('',(#8796),#8802,.F.);
#8796 = FACE_BOUND('',#8797,.F.);
#8797 = EDGE_LOOP('',(#8798,#8799,#8800,#8801));
#8798 = ORIENTED_EDGE('',*,*,#8021,.T.);
#8799 = ORIENTED_EDGE('',*,*,#8594,.T.);
#8800 = ORIENTED_EDGE('',*,*,#8100,.F.);
#8801 = ORIENTED_EDGE('',*,*,#8785,.F.);
#8802 = PLANE('',#8803);
#8803 = AXIS2_PLACEMENT_3D('',#8804,#8805,#8806);
#8804 = CARTESIAN_POINT('',(-1.,0.375,0.));
#8805 = DIRECTION('',(1.,-2.288475490444E-17,0.));
#8806 = DIRECTION('',(-2.288475490444E-17,-1.,0.));
#8807 = ADVANCED_FACE('',(#8808),#8819,.T.);
#8808 = FACE_BOUND('',#8809,.F.);
#8809 = EDGE_LOOP('',(#8810,#8811,#8812,#8813));
#8810 = ORIENTED_EDGE('',*,*,#8125,.T.);
#8811 = ORIENTED_EDGE('',*,*,#8165,.T.);
#8812 = ORIENTED_EDGE('',*,*,#8229,.T.);
#8813 = ORIENTED_EDGE('',*,*,#8814,.T.);
#8814 = EDGE_CURVE('',#8230,#8126,#8815,.T.);
#8815 = LINE('',#8816,#8817);
#8816 = CARTESIAN_POINT('',(1.,-0.375,0.));
#8817 = VECTOR('',#8818,1.);
#8818 = DIRECTION('',(-9.95799250103E-17,1.,0.));
#8819 = PLANE('',#8820);
#8820 = AXIS2_PLACEMENT_3D('',#8821,#8822,#8823);
#8821 = CARTESIAN_POINT('',(1.,-0.125,0.));
#8822 = DIRECTION('',(-0.,0.,-1.));
#8823 = DIRECTION('',(9.95799250103E-17,-1.,-0.));
#8824 = ADVANCED_FACE('',(#8825),#8831,.F.);
#8825 = FACE_BOUND('',#8826,.F.);
#8826 = EDGE_LOOP('',(#8827,#8828,#8829,#8830));
#8827 = ORIENTED_EDGE('',*,*,#8248,.T.);
#8828 = ORIENTED_EDGE('',*,*,#8679,.T.);
#8829 = ORIENTED_EDGE('',*,*,#8135,.F.);
#8830 = ORIENTED_EDGE('',*,*,#8814,.F.);
#8831 = PLANE('',#8832);
#8832 = AXIS2_PLACEMENT_3D('',#8833,#8834,#8835);
#8833 = CARTESIAN_POINT('',(1.,-0.375,0.));
#8834 = DIRECTION('',(-1.,-9.95799250103E-17,0.));
#8835 = DIRECTION('',(-9.95799250103E-17,1.,0.));
#8836 = ADVANCED_FACE('',(#8837),#8848,.T.);
#8837 = FACE_BOUND('',#8838,.F.);
#8838 = EDGE_LOOP('',(#8839,#8840,#8841,#8842));
#8839 = ORIENTED_EDGE('',*,*,#8286,.T.);
#8840 = ORIENTED_EDGE('',*,*,#8262,.T.);
#8841 = ORIENTED_EDGE('',*,*,#8189,.T.);
#8842 = ORIENTED_EDGE('',*,*,#8843,.T.);
#8843 = EDGE_CURVE('',#8192,#8287,#8844,.T.);
#8844 = LINE('',#8845,#8846);
#8845 = CARTESIAN_POINT('',(-1.,-0.125,0.));
#8846 = VECTOR('',#8847,1.);
#8847 = DIRECTION('',(-2.288475490444E-17,-1.,0.));
#8848 = PLANE('',#8849);
#8849 = AXIS2_PLACEMENT_3D('',#8850,#8851,#8852);
#8850 = CARTESIAN_POINT('',(-1.,-0.375,0.));
#8851 = DIRECTION('',(0.,-0.,-1.));
#8852 = DIRECTION('',(2.288475490444E-17,1.,0.));
#8853 = ADVANCED_FACE('',(#8854),#8860,.F.);
#8854 = FACE_BOUND('',#8855,.F.);
#8855 = EDGE_LOOP('',(#8856,#8857,#8858,#8859));
#8856 = ORIENTED_EDGE('',*,*,#8215,.T.);
#8857 = ORIENTED_EDGE('',*,*,#8611,.T.);
#8858 = ORIENTED_EDGE('',*,*,#8294,.F.);
#8859 = ORIENTED_EDGE('',*,*,#8843,.F.);
#8860 = PLANE('',#8861);
#8861 = AXIS2_PLACEMENT_3D('',#8862,#8863,#8864);
#8862 = CARTESIAN_POINT('',(-1.,-0.125,0.));
#8863 = DIRECTION('',(1.,-2.288475490444E-17,0.));
#8864 = DIRECTION('',(-2.288475490444E-17,-1.,0.));
#8865 = ADVANCED_FACE('',(#8866),#8877,.T.);
#8866 = FACE_BOUND('',#8867,.F.);
#8867 = EDGE_LOOP('',(#8868,#8869,#8870,#8871));
#8868 = ORIENTED_EDGE('',*,*,#8319,.T.);
#8869 = ORIENTED_EDGE('',*,*,#8359,.T.);
#8870 = ORIENTED_EDGE('',*,*,#8383,.T.);
#8871 = ORIENTED_EDGE('',*,*,#8872,.T.);
#8872 = EDGE_CURVE('',#8384,#8320,#8873,.T.);
#8873 = LINE('',#8874,#8875);
#8874 = CARTESIAN_POINT('',(1.,-0.875,0.));
#8875 = VECTOR('',#8876,1.);
#8876 = DIRECTION('',(-9.95799250103E-17,1.,0.));
#8877 = PLANE('',#8878);
#8878 = AXIS2_PLACEMENT_3D('',#8879,#8880,#8881);
#8879 = CARTESIAN_POINT('',(1.,-0.625,0.));
#8880 = DIRECTION('',(-0.,0.,-1.));
#8881 = DIRECTION('',(9.95799250103E-17,-1.,-0.));
#8882 = ADVANCED_FACE('',(#8883),#8889,.F.);
#8883 = FACE_BOUND('',#8884,.F.);
#8884 = EDGE_LOOP('',(#8885,#8886,#8887,#8888));
#8885 = ORIENTED_EDGE('',*,*,#8402,.T.);
#8886 = ORIENTED_EDGE('',*,*,#8645,.T.);
#8887 = ORIENTED_EDGE('',*,*,#8329,.F.);
#8888 = ORIENTED_EDGE('',*,*,#8872,.F.);
#8889 = PLANE('',#8890);
#8890 = AXIS2_PLACEMENT_3D('',#8891,#8892,#8893);
#8891 = CARTESIAN_POINT('',(1.,-0.875,0.));
#8892 = DIRECTION('',(-1.,-9.95799250103E-17,0.));
#8893 = DIRECTION('',(-9.95799250103E-17,1.,0.));
#8894 = ADVANCED_FACE('',(#8895),#8902,.T.);
#8895 = FACE_BOUND('',#8896,.F.);
#8896 = EDGE_LOOP('',(#8897,#8898,#8899,#8900,#8901));
#8897 = ORIENTED_EDGE('',*,*,#8464,.T.);
#8898 = ORIENTED_EDGE('',*,*,#8512,.T.);
#8899 = ORIENTED_EDGE('',*,*,#8536,.T.);
#8900 = ORIENTED_EDGE('',*,*,#8488,.T.);
#8901 = ORIENTED_EDGE('',*,*,#8433,.T.);
#8902 = PLANE('',#8903);
#8903 = AXIS2_PLACEMENT_3D('',#8904,#8905,#8906);
#8904 = CARTESIAN_POINT('',(-0.45,0.55,0.));
#8905 = DIRECTION('',(0.,0.,-1.));
#8906 = DIRECTION('',(-2.22044604925E-16,1.,0.));
#8907 = ADVANCED_FACE('',(#8908),#8927,.F.);
#8908 = FACE_BOUND('',#8909,.F.);
#8909 = EDGE_LOOP('',(#8910,#8918,#8925,#8926));
#8910 = ORIENTED_EDGE('',*,*,#8911,.T.);
#8911 = EDGE_CURVE('',#8560,#8912,#8914,.T.);
#8912 = VERTEX_POINT('',#8913);
#8913 = CARTESIAN_POINT('',(-0.65,0.525,0.81));
#8914 = LINE('',#8915,#8916);
#8915 = CARTESIAN_POINT('',(-0.65,0.525,0.83));
#8916 = VECTOR('',#8917,1.);
#8917 = DIRECTION('',(0.,-0.,-1.));
#8918 = ORIENTED_EDGE('',*,*,#8919,.T.);
#8919 = EDGE_CURVE('',#8912,#8912,#8920,.T.);
#8920 = CIRCLE('',#8921,0.125);
#8921 = AXIS2_PLACEMENT_3D('',#8922,#8923,#8924);
#8922 = CARTESIAN_POINT('',(-0.65,0.65,0.81));
#8923 = DIRECTION('',(-0.,0.,1.));
#8924 = DIRECTION('',(2.22044604925E-16,-1.,0.));
#8925 = ORIENTED_EDGE('',*,*,#8911,.F.);
#8926 = ORIENTED_EDGE('',*,*,#8559,.T.);
#8927 = CYLINDRICAL_SURFACE('',#8928,0.125);
#8928 = AXIS2_PLACEMENT_3D('',#8929,#8930,#8931);
#8929 = CARTESIAN_POINT('',(-0.65,0.65,0.83));
#8930 = DIRECTION('',(-0.,0.,-1.));
#8931 = DIRECTION('',(2.22044604925E-16,-1.,-0.));
#8932 = ADVANCED_FACE('',(#8933),#8936,.T.);
#8933 = FACE_BOUND('',#8934,.T.);
#8934 = EDGE_LOOP('',(#8935));
#8935 = ORIENTED_EDGE('',*,*,#8919,.T.);
#8936 = PLANE('',#8937);
#8937 = AXIS2_PLACEMENT_3D('',#8938,#8939,#8940);
#8938 = CARTESIAN_POINT('',(-0.65,0.65,0.81));
#8939 = DIRECTION('',(0.,0.,1.));
#8940 = DIRECTION('',(2.22044604925E-16,-1.,0.));
#8941 = ( GEOMETRIC_REPRESENTATION_CONTEXT(3) 
GLOBAL_UNCERTAINTY_ASSIGNED_CONTEXT((#8945)) 
GLOBAL_UNIT_ASSIGNED_CONTEXT((#8942,#8943,#8944)) REPRESENTATION_CONTEXT
('Context #1','3D Context with UNIT and UNCERTAINTY') );
#8942 = ( LENGTH_UNIT() NAMED_UNIT(*) SI_UNIT(.MILLI.,.METRE.) );
#8943 = ( NAMED_UNIT(*) PLANE_ANGLE_UNIT() SI_UNIT($,.RADIAN.) );
#8944 = ( NAMED_UNIT(*) SI_UNIT($,.STERADIAN.) SOLID_ANGLE_UNIT() );
#8945 = UNCERTAINTY_MEASURE_WITH_UNIT(LENGTH_MEASURE(1.E-07),#8942,
  'distance_accuracy_value','confusion accuracy');
#8946 = CONTEXT_DEPENDENT_SHAPE_REPRESENTATION(#8947,#8949);
#8947 = ( REPRESENTATION_RELATIONSHIP('','',#6986,#6963) 
REPRESENTATION_RELATIONSHIP_WITH_TRANSFORMATION(#8948) 
SHAPE_REPRESENTATION_RELATIONSHIP() );
#8948 = ITEM_DEFINED_TRANSFORMATION('','',#11,#6964);
#8949 = PRODUCT_DEFINITION_SHAPE('Placement','Placement of an item',
  #8950);
#8950 = NEXT_ASSEMBLY_USAGE_OCCURRENCE('14','=>[0:1:1:11]','',#6958,
  #6981,$);
#8951 = PRODUCT_RELATED_PRODUCT_CATEGORY('part',$,(#6983));
#8952 = SHAPE_DEFINITION_REPRESENTATION(#8953,#8959);
#8953 = PRODUCT_DEFINITION_SHAPE('','',#8954);
#8954 = PRODUCT_DEFINITION('design','',#8955,#8958);
#8955 = PRODUCT_DEFINITION_FORMATION('','',#8956);
#8956 = PRODUCT('PinHeader_1x11_P2.54mm_Vertical',
  'PinHeader_1x11_P2.54mm_Vertical','',(#8957));
#8957 = PRODUCT_CONTEXT('',#2,'mechanical');
#8958 = PRODUCT_DEFINITION_CONTEXT('part definition',#2,'design');
#8959 = SHAPE_REPRESENTATION('',(#11,#8960),#8964);
#8960 = AXIS2_PLACEMENT_3D('',#8961,#8962,#8963);
#8961 = CARTESIAN_POINT('',(0.,0.,0.));
#8962 = DIRECTION('',(0.,0.,1.));
#8963 = DIRECTION('',(1.,0.,-0.));
#8964 = ( GEOMETRIC_REPRESENTATION_CONTEXT(3) 
GLOBAL_UNCERTAINTY_ASSIGNED_CONTEXT((#8968)) 
GLOBAL_UNIT_ASSIGNED_CONTEXT((#8965,#8966,#8967)) REPRESENTATION_CONTEXT
('Context #1','3D Context with UNIT and UNCERTAINTY') );
#8965 = ( LENGTH_UNIT() NAMED_UNIT(*) SI_UNIT(.MILLI.,.METRE.) );
#8966 = ( NAMED_UNIT(*) PLANE_ANGLE_UNIT() SI_UNIT($,.RADIAN.) );
#8967 = ( NAMED_UNIT(*) SI_UNIT($,.STERADIAN.) SOLID_ANGLE_UNIT() );
#8968 = UNCERTAINTY_MEASURE_WITH_UNIT(LENGTH_MEASURE(1.E-07),#8965,
  'distance_accuracy_value','confusion accuracy');
#8969 = CONTEXT_DEPENDENT_SHAPE_REPRESENTATION(#8970,#8972);
#8970 = ( REPRESENTATION_RELATIONSHIP('','',#8959,#10) 
REPRESENTATION_RELATIONSHIP_WITH_TRANSFORMATION(#8971) 
SHAPE_REPRESENTATION_RELATIONSHIP() );
#8971 = ITEM_DEFINED_TRANSFORMATION('','',#11,#55);
#8972 = PRODUCT_DEFINITION_SHAPE('Placement','Placement of an item',
  #8973);
#8973 = NEXT_ASSEMBLY_USAGE_OCCURRENCE('17','J5','',#5,#8954,$);
#8974 = PRODUCT_RELATED_PRODUCT_CATEGORY('part',$,(#8956));
#8975 = SHAPE_DEFINITION_REPRESENTATION(#8976,#8982);
#8976 = PRODUCT_DEFINITION_SHAPE('','',#8977);
#8977 = PRODUCT_DEFINITION('design','',#8978,#8981);
#8978 = PRODUCT_DEFINITION_FORMATION('','',#8979);
#8979 = PRODUCT('PinHeader_1x11_P254mm_Vertical',
  'PinHeader_1x11_P254mm_Vertical','',(#8980));
#8980 = PRODUCT_CONTEXT('',#2,'mechanical');
#8981 = PRODUCT_DEFINITION_CONTEXT('part definition',#2,'design');
#8982 = ADVANCED_BREP_SHAPE_REPRESENTATION('',(#11,#8983),#16481);
#8983 = MANIFOLD_SOLID_BREP('',#8984);
#8984 = CLOSED_SHELL('',(#8985,#9025,#9056,#9087,#9990,#10893,#10910,
    #10927,#10944,#10961,#10978,#10995,#11012,#11029,#11046,#11063,
    #11080,#11097,#11114,#11131,#11148,#11165,#11182,#11199,#11216,
    #11233,#11250,#11267,#11284,#11301,#11318,#11335,#11352,#11369,
    #11386,#11403,#11420,#11437,#11454,#11471,#11488,#11505,#11522,
    #11539,#11556,#11573,#11590,#11607,#11624,#11641,#11658,#11675,
    #11692,#11709,#11726,#11743,#11760,#11777,#11794,#11811,#11828,
    #11845,#11862,#11879,#11896,#11913,#11930,#11947,#11964,#11981,
    #11993,#12024,#12048,#12072,#12089,#12120,#12144,#12168,#12185,
    #12216,#12240,#12264,#12281,#12312,#12336,#12360,#12377,#12408,
    #12432,#12456,#12473,#12504,#12528,#12552,#12569,#12600,#12624,
    #12648,#12665,#12696,#12720,#12744,#12761,#12792,#12816,#12840,
    #12857,#12888,#12912,#12936,#12953,#12984,#13008,#13032,#13049,
    #13080,#13104,#13128,#13145,#13176,#13200,#13224,#13241,#13272,
    #13296,#13320,#13337,#13368,#13392,#13416,#13433,#13464,#13488,
    #13512,#13529,#13560,#13584,#13608,#13625,#13656,#13680,#13704,
    #13721,#13752,#13776,#13800,#13817,#13848,#13872,#13896,#13913,
    #13944,#13968,#13992,#14009,#14040,#14064,#14088,#14105,#14136,
    #14160,#14184,#14201,#14232,#14256,#14280,#14297,#14328,#14352,
    #14376,#14393,#14424,#14448,#14472,#14489,#14520,#14544,#14568,
    #14585,#14616,#14640,#14664,#14681,#14712,#14736,#14760,#14777,
    #14808,#14832,#14856,#14873,#14904,#14928,#14952,#14969,#15000,
    #15024,#15048,#15065,#15096,#15120,#15144,#15161,#15192,#15216,
    #15240,#15257,#15288,#15312,#15336,#15353,#15384,#15408,#15432,
    #15449,#15480,#15504,#15528,#15545,#15576,#15600,#15624,#15641,
    #15672,#15696,#15720,#15737,#15768,#15792,#15816,#15833,#15864,
    #15888,#15912,#15929,#15960,#15984,#16008,#16025,#16056,#16080,
    #16104,#16121,#16152,#16176,#16200,#16217,#16229,#16241,#16253,
    #16265,#16277,#16289,#16301,#16313,#16325,#16337,#16349,#16361,
    #16373,#16385,#16397,#16409,#16421,#16433,#16445,#16457,#16469));
#8985 = ADVANCED_FACE('',(#8986),#9020,.F.);
#8986 = FACE_BOUND('',#8987,.F.);
#8987 = EDGE_LOOP('',(#8988,#8998,#9006,#9014));
#8988 = ORIENTED_EDGE('',*,*,#8989,.T.);
#8989 = EDGE_CURVE('',#8990,#8992,#8994,.T.);
#8990 = VERTEX_POINT('',#8991);
#8991 = CARTESIAN_POINT('',(-1.016,1.27,0.));
#8992 = VERTEX_POINT('',#8993);
#8993 = CARTESIAN_POINT('',(-1.016,1.27,2.54));
#8994 = LINE('',#8995,#8996);
#8995 = CARTESIAN_POINT('',(-1.016,1.27,0.));
#8996 = VECTOR('',#8997,1.);
#8997 = DIRECTION('',(0.,0.,1.));
#8998 = ORIENTED_EDGE('',*,*,#8999,.T.);
#8999 = EDGE_CURVE('',#8992,#9000,#9002,.T.);
#9000 = VERTEX_POINT('',#9001);
#9001 = CARTESIAN_POINT('',(-1.27,1.016,2.54));
#9002 = LINE('',#9003,#9004);
#9003 = CARTESIAN_POINT('',(-1.016,1.27,2.54));
#9004 = VECTOR('',#9005,1.);
#9005 = DIRECTION('',(-0.707106781187,-0.707106781187,0.));
#9006 = ORIENTED_EDGE('',*,*,#9007,.F.);
#9007 = EDGE_CURVE('',#9008,#9000,#9010,.T.);
#9008 = VERTEX_POINT('',#9009);
#9009 = CARTESIAN_POINT('',(-1.27,1.016,0.));
#9010 = LINE('',#9011,#9012);
#9011 = CARTESIAN_POINT('',(-1.27,1.016,0.));
#9012 = VECTOR('',#9013,1.);
#9013 = DIRECTION('',(0.,0.,1.));
#9014 = ORIENTED_EDGE('',*,*,#9015,.F.);
#9015 = EDGE_CURVE('',#8990,#9008,#9016,.T.);
#9016 = LINE('',#9017,#9018);
#9017 = CARTESIAN_POINT('',(-1.016,1.27,0.));
#9018 = VECTOR('',#9019,1.);
#9019 = DIRECTION('',(-0.707106781187,-0.707106781187,0.));
#9020 = PLANE('',#9021);
#9021 = AXIS2_PLACEMENT_3D('',#9022,#9023,#9024);
#9022 = CARTESIAN_POINT('',(-1.016,1.27,0.));
#9023 = DIRECTION('',(0.707106781187,-0.707106781187,0.));
#9024 = DIRECTION('',(-0.707106781187,-0.707106781187,0.));
#9025 = ADVANCED_FACE('',(#9026),#9051,.F.);
#9026 = FACE_BOUND('',#9027,.F.);
#9027 = EDGE_LOOP('',(#9028,#9038,#9044,#9045));
#9028 = ORIENTED_EDGE('',*,*,#9029,.T.);
#9029 = EDGE_CURVE('',#9030,#9032,#9034,.T.);
#9030 = VERTEX_POINT('',#9031);
#9031 = CARTESIAN_POINT('',(1.016,1.27,0.));
#9032 = VERTEX_POINT('',#9033);
#9033 = CARTESIAN_POINT('',(1.016,1.27,2.54));
#9034 = LINE('',#9035,#9036);
#9035 = CARTESIAN_POINT('',(1.016,1.27,0.));
#9036 = VECTOR('',#9037,1.);
#9037 = DIRECTION('',(0.,0.,1.));
#9038 = ORIENTED_EDGE('',*,*,#9039,.T.);
#9039 = EDGE_CURVE('',#9032,#8992,#9040,.T.);
#9040 = LINE('',#9041,#9042);
#9041 = CARTESIAN_POINT('',(1.016,1.27,2.54));
#9042 = VECTOR('',#9043,1.);
#9043 = DIRECTION('',(-1.,0.,0.));
#9044 = ORIENTED_EDGE('',*,*,#8989,.F.);
#9045 = ORIENTED_EDGE('',*,*,#9046,.F.);
#9046 = EDGE_CURVE('',#9030,#8990,#9047,.T.);
#9047 = LINE('',#9048,#9049);
#9048 = CARTESIAN_POINT('',(1.016,1.27,0.));
#9049 = VECTOR('',#9050,1.);
#9050 = DIRECTION('',(-1.,0.,0.));
#9051 = PLANE('',#9052);
#9052 = AXIS2_PLACEMENT_3D('',#9053,#9054,#9055);
#9053 = CARTESIAN_POINT('',(1.016,1.27,0.));
#9054 = DIRECTION('',(0.,-1.,0.));
#9055 = DIRECTION('',(-1.,0.,0.));
#9056 = ADVANCED_FACE('',(#9057),#9082,.F.);
#9057 = FACE_BOUND('',#9058,.F.);
#9058 = EDGE_LOOP('',(#9059,#9060,#9068,#9076));
#9059 = ORIENTED_EDGE('',*,*,#9007,.T.);
#9060 = ORIENTED_EDGE('',*,*,#9061,.T.);
#9061 = EDGE_CURVE('',#9000,#9062,#9064,.T.);
#9062 = VERTEX_POINT('',#9063);
#9063 = CARTESIAN_POINT('',(-1.27,-1.016,2.54));
#9064 = LINE('',#9065,#9066);
#9065 = CARTESIAN_POINT('',(-1.27,1.016,2.54));
#9066 = VECTOR('',#9067,1.);
#9067 = DIRECTION('',(0.,-1.,0.));
#9068 = ORIENTED_EDGE('',*,*,#9069,.F.);
#9069 = EDGE_CURVE('',#9070,#9062,#9072,.T.);
#9070 = VERTEX_POINT('',#9071);
#9071 = CARTESIAN_POINT('',(-1.27,-1.016,0.));
#9072 = LINE('',#9073,#9074);
#9073 = CARTESIAN_POINT('',(-1.27,-1.016,0.));
#9074 = VECTOR('',#9075,1.);
#9075 = DIRECTION('',(0.,0.,1.));
#9076 = ORIENTED_EDGE('',*,*,#9077,.F.);
#9077 = EDGE_CURVE('',#9008,#9070,#9078,.T.);
#9078 = LINE('',#9079,#9080);
#9079 = CARTESIAN_POINT('',(-1.27,1.016,0.));
#9080 = VECTOR('',#9081,1.);
#9081 = DIRECTION('',(0.,-1.,0.));
#9082 = PLANE('',#9083);
#9083 = AXIS2_PLACEMENT_3D('',#9084,#9085,#9086);
#9084 = CARTESIAN_POINT('',(-1.27,1.016,0.));
#9085 = DIRECTION('',(1.,0.,0.));
#9086 = DIRECTION('',(0.,-1.,0.));
#9087 = ADVANCED_FACE('',(#9088,#9611,#9645,#9679,#9713,#9747,#9781,
    #9815,#9849,#9883,#9917,#9951),#9985,.F.);
#9088 = FACE_BOUND('',#9089,.F.);
#9089 = EDGE_LOOP('',(#9090,#9091,#9092,#9100,#9108,#9116,#9124,#9132,
    #9140,#9148,#9156,#9164,#9172,#9180,#9188,#9196,#9204,#9212,#9220,
    #9228,#9236,#9244,#9252,#9260,#9268,#9276,#9284,#9292,#9300,#9308,
    #9316,#9324,#9332,#9340,#9348,#9356,#9364,#9372,#9380,#9388,#9396,
    #9404,#9412,#9420,#9428,#9436,#9444,#9452,#9460,#9468,#9476,#9484,
    #9492,#9500,#9508,#9516,#9524,#9532,#9540,#9548,#9556,#9564,#9572,
    #9580,#9588,#9596,#9604,#9610));
#9090 = ORIENTED_EDGE('',*,*,#9015,.T.);
#9091 = ORIENTED_EDGE('',*,*,#9077,.T.);
#9092 = ORIENTED_EDGE('',*,*,#9093,.T.);
#9093 = EDGE_CURVE('',#9070,#9094,#9096,.T.);
#9094 = VERTEX_POINT('',#9095);
#9095 = CARTESIAN_POINT('',(-1.016,-1.27,0.));
#9096 = LINE('',#9097,#9098);
#9097 = CARTESIAN_POINT('',(-1.27,-1.016,0.));
#9098 = VECTOR('',#9099,1.);
#9099 = DIRECTION('',(0.707106781187,-0.707106781187,0.));
#9100 = ORIENTED_EDGE('',*,*,#9101,.T.);
#9101 = EDGE_CURVE('',#9094,#9102,#9104,.T.);
#9102 = VERTEX_POINT('',#9103);
#9103 = CARTESIAN_POINT('',(-1.27,-1.524,0.));
#9104 = LINE('',#9105,#9106);
#9105 = CARTESIAN_POINT('',(-1.016,-1.27,0.));
#9106 = VECTOR('',#9107,1.);
#9107 = DIRECTION('',(-0.707106781187,-0.707106781187,0.));
#9108 = ORIENTED_EDGE('',*,*,#9109,.T.);
#9109 = EDGE_CURVE('',#9102,#9110,#9112,.T.);
#9110 = VERTEX_POINT('',#9111);
#9111 = CARTESIAN_POINT('',(-1.27,-3.556,0.));
#9112 = LINE('',#9113,#9114);
#9113 = CARTESIAN_POINT('',(-1.27,-1.524,0.));
#9114 = VECTOR('',#9115,1.);
#9115 = DIRECTION('',(0.,-1.,0.));
#9116 = ORIENTED_EDGE('',*,*,#9117,.T.);
#9117 = EDGE_CURVE('',#9110,#9118,#9120,.T.);
#9118 = VERTEX_POINT('',#9119);
#9119 = CARTESIAN_POINT('',(-1.016,-3.81,0.));
#9120 = LINE('',#9121,#9122);
#9121 = CARTESIAN_POINT('',(-1.27,-3.556,0.));
#9122 = VECTOR('',#9123,1.);
#9123 = DIRECTION('',(0.707106781187,-0.707106781187,0.));
#9124 = ORIENTED_EDGE('',*,*,#9125,.T.);
#9125 = EDGE_CURVE('',#9118,#9126,#9128,.T.);
#9126 = VERTEX_POINT('',#9127);
#9127 = CARTESIAN_POINT('',(-1.27,-4.064,0.));
#9128 = LINE('',#9129,#9130);
#9129 = CARTESIAN_POINT('',(-1.016,-3.81,0.));
#9130 = VECTOR('',#9131,1.);
#9131 = DIRECTION('',(-0.707106781187,-0.707106781187,0.));
#9132 = ORIENTED_EDGE('',*,*,#9133,.T.);
#9133 = EDGE_CURVE('',#9126,#9134,#9136,.T.);
#9134 = VERTEX_POINT('',#9135);
#9135 = CARTESIAN_POINT('',(-1.27,-6.096,0.));
#9136 = LINE('',#9137,#9138);
#9137 = CARTESIAN_POINT('',(-1.27,-4.064,0.));
#9138 = VECTOR('',#9139,1.);
#9139 = DIRECTION('',(0.,-1.,0.));
#9140 = ORIENTED_EDGE('',*,*,#9141,.T.);
#9141 = EDGE_CURVE('',#9134,#9142,#9144,.T.);
#9142 = VERTEX_POINT('',#9143);
#9143 = CARTESIAN_POINT('',(-1.016,-6.35,0.));
#9144 = LINE('',#9145,#9146);
#9145 = CARTESIAN_POINT('',(-1.27,-6.096,0.));
#9146 = VECTOR('',#9147,1.);
#9147 = DIRECTION('',(0.707106781187,-0.707106781187,0.));
#9148 = ORIENTED_EDGE('',*,*,#9149,.T.);
#9149 = EDGE_CURVE('',#9142,#9150,#9152,.T.);
#9150 = VERTEX_POINT('',#9151);
#9151 = CARTESIAN_POINT('',(-1.27,-6.604,0.));
#9152 = LINE('',#9153,#9154);
#9153 = CARTESIAN_POINT('',(-1.016,-6.35,0.));
#9154 = VECTOR('',#9155,1.);
#9155 = DIRECTION('',(-0.707106781187,-0.707106781187,0.));
#9156 = ORIENTED_EDGE('',*,*,#9157,.T.);
#9157 = EDGE_CURVE('',#9150,#9158,#9160,.T.);
#9158 = VERTEX_POINT('',#9159);
#9159 = CARTESIAN_POINT('',(-1.27,-8.636,0.));
#9160 = LINE('',#9161,#9162);
#9161 = CARTESIAN_POINT('',(-1.27,-6.604,0.));
#9162 = VECTOR('',#9163,1.);
#9163 = DIRECTION('',(0.,-1.,0.));
#9164 = ORIENTED_EDGE('',*,*,#9165,.T.);
#9165 = EDGE_CURVE('',#9158,#9166,#9168,.T.);
#9166 = VERTEX_POINT('',#9167);
#9167 = CARTESIAN_POINT('',(-1.016,-8.89,0.));
#9168 = LINE('',#9169,#9170);
#9169 = CARTESIAN_POINT('',(-1.27,-8.636,0.));
#9170 = VECTOR('',#9171,1.);
#9171 = DIRECTION('',(0.707106781187,-0.707106781187,0.));
#9172 = ORIENTED_EDGE('',*,*,#9173,.T.);
#9173 = EDGE_CURVE('',#9166,#9174,#9176,.T.);
#9174 = VERTEX_POINT('',#9175);
#9175 = CARTESIAN_POINT('',(-1.27,-9.144,0.));
#9176 = LINE('',#9177,#9178);
#9177 = CARTESIAN_POINT('',(-1.016,-8.89,0.));
#9178 = VECTOR('',#9179,1.);
#9179 = DIRECTION('',(-0.707106781187,-0.707106781187,0.));
#9180 = ORIENTED_EDGE('',*,*,#9181,.T.);
#9181 = EDGE_CURVE('',#9174,#9182,#9184,.T.);
#9182 = VERTEX_POINT('',#9183);
#9183 = CARTESIAN_POINT('',(-1.27,-11.176,0.));
#9184 = LINE('',#9185,#9186);
#9185 = CARTESIAN_POINT('',(-1.27,-9.144,0.));
#9186 = VECTOR('',#9187,1.);
#9187 = DIRECTION('',(0.,-1.,0.));
#9188 = ORIENTED_EDGE('',*,*,#9189,.T.);
#9189 = EDGE_CURVE('',#9182,#9190,#9192,.T.);
#9190 = VERTEX_POINT('',#9191);
#9191 = CARTESIAN_POINT('',(-1.016,-11.43,0.));
#9192 = LINE('',#9193,#9194);
#9193 = CARTESIAN_POINT('',(-1.27,-11.176,0.));
#9194 = VECTOR('',#9195,1.);
#9195 = DIRECTION('',(0.707106781187,-0.707106781187,0.));
#9196 = ORIENTED_EDGE('',*,*,#9197,.T.);
#9197 = EDGE_CURVE('',#9190,#9198,#9200,.T.);
#9198 = VERTEX_POINT('',#9199);
#9199 = CARTESIAN_POINT('',(-1.27,-11.684,0.));
#9200 = LINE('',#9201,#9202);
#9201 = CARTESIAN_POINT('',(-1.016,-11.43,0.));
#9202 = VECTOR('',#9203,1.);
#9203 = DIRECTION('',(-0.707106781187,-0.707106781187,0.));
#9204 = ORIENTED_EDGE('',*,*,#9205,.T.);
#9205 = EDGE_CURVE('',#9198,#9206,#9208,.T.);
#9206 = VERTEX_POINT('',#9207);
#9207 = CARTESIAN_POINT('',(-1.27,-13.716,0.));
#9208 = LINE('',#9209,#9210);
#9209 = CARTESIAN_POINT('',(-1.27,-11.684,0.));
#9210 = VECTOR('',#9211,1.);
#9211 = DIRECTION('',(0.,-1.,0.));
#9212 = ORIENTED_EDGE('',*,*,#9213,.T.);
#9213 = EDGE_CURVE('',#9206,#9214,#9216,.T.);
#9214 = VERTEX_POINT('',#9215);
#9215 = CARTESIAN_POINT('',(-1.016,-13.97,0.));
#9216 = LINE('',#9217,#9218);
#9217 = CARTESIAN_POINT('',(-1.27,-13.716,0.));
#9218 = VECTOR('',#9219,1.);
#9219 = DIRECTION('',(0.707106781187,-0.707106781187,0.));
#9220 = ORIENTED_EDGE('',*,*,#9221,.T.);
#9221 = EDGE_CURVE('',#9214,#9222,#9224,.T.);
#9222 = VERTEX_POINT('',#9223);
#9223 = CARTESIAN_POINT('',(-1.27,-14.224,0.));
#9224 = LINE('',#9225,#9226);
#9225 = CARTESIAN_POINT('',(-1.016,-13.97,0.));
#9226 = VECTOR('',#9227,1.);
#9227 = DIRECTION('',(-0.707106781187,-0.707106781187,0.));
#9228 = ORIENTED_EDGE('',*,*,#9229,.T.);
#9229 = EDGE_CURVE('',#9222,#9230,#9232,.T.);
#9230 = VERTEX_POINT('',#9231);
#9231 = CARTESIAN_POINT('',(-1.27,-16.256,0.));
#9232 = LINE('',#9233,#9234);
#9233 = CARTESIAN_POINT('',(-1.27,-14.224,0.));
#9234 = VECTOR('',#9235,1.);
#9235 = DIRECTION('',(0.,-1.,0.));
#9236 = ORIENTED_EDGE('',*,*,#9237,.T.);
#9237 = EDGE_CURVE('',#9230,#9238,#9240,.T.);
#9238 = VERTEX_POINT('',#9239);
#9239 = CARTESIAN_POINT('',(-1.016,-16.51,0.));
#9240 = LINE('',#9241,#9242);
#9241 = CARTESIAN_POINT('',(-1.27,-16.256,0.));
#9242 = VECTOR('',#9243,1.);
#9243 = DIRECTION('',(0.707106781187,-0.707106781187,0.));
#9244 = ORIENTED_EDGE('',*,*,#9245,.T.);
#9245 = EDGE_CURVE('',#9238,#9246,#9248,.T.);
#9246 = VERTEX_POINT('',#9247);
#9247 = CARTESIAN_POINT('',(-1.27,-16.764,0.));
#9248 = LINE('',#9249,#9250);
#9249 = CARTESIAN_POINT('',(-1.016,-16.51,0.));
#9250 = VECTOR('',#9251,1.);
#9251 = DIRECTION('',(-0.707106781187,-0.707106781187,0.));
#9252 = ORIENTED_EDGE('',*,*,#9253,.T.);
#9253 = EDGE_CURVE('',#9246,#9254,#9256,.T.);
#9254 = VERTEX_POINT('',#9255);
#9255 = CARTESIAN_POINT('',(-1.27,-18.796,0.));
#9256 = LINE('',#9257,#9258);
#9257 = CARTESIAN_POINT('',(-1.27,-16.764,0.));
#9258 = VECTOR('',#9259,1.);
#9259 = DIRECTION('',(0.,-1.,0.));
#9260 = ORIENTED_EDGE('',*,*,#9261,.T.);
#9261 = EDGE_CURVE('',#9254,#9262,#9264,.T.);
#9262 = VERTEX_POINT('',#9263);
#9263 = CARTESIAN_POINT('',(-1.016,-19.05,0.));
#9264 = LINE('',#9265,#9266);
#9265 = CARTESIAN_POINT('',(-1.27,-18.796,0.));
#9266 = VECTOR('',#9267,1.);
#9267 = DIRECTION('',(0.707106781187,-0.707106781187,0.));
#9268 = ORIENTED_EDGE('',*,*,#9269,.T.);
#9269 = EDGE_CURVE('',#9262,#9270,#9272,.T.);
#9270 = VERTEX_POINT('',#9271);
#9271 = CARTESIAN_POINT('',(-1.27,-19.304,0.));
#9272 = LINE('',#9273,#9274);
#9273 = CARTESIAN_POINT('',(-1.016,-19.05,0.));
#9274 = VECTOR('',#9275,1.);
#9275 = DIRECTION('',(-0.707106781187,-0.707106781187,0.));
#9276 = ORIENTED_EDGE('',*,*,#9277,.T.);
#9277 = EDGE_CURVE('',#9270,#9278,#9280,.T.);
#9278 = VERTEX_POINT('',#9279);
#9279 = CARTESIAN_POINT('',(-1.27,-21.336,0.));
#9280 = LINE('',#9281,#9282);
#9281 = CARTESIAN_POINT('',(-1.27,-19.304,0.));
#9282 = VECTOR('',#9283,1.);
#9283 = DIRECTION('',(0.,-1.,0.));
#9284 = ORIENTED_EDGE('',*,*,#9285,.T.);
#9285 = EDGE_CURVE('',#9278,#9286,#9288,.T.);
#9286 = VERTEX_POINT('',#9287);
#9287 = CARTESIAN_POINT('',(-1.016,-21.59,0.));
#9288 = LINE('',#9289,#9290);
#9289 = CARTESIAN_POINT('',(-1.27,-21.336,0.));
#9290 = VECTOR('',#9291,1.);
#9291 = DIRECTION('',(0.707106781187,-0.707106781187,0.));
#9292 = ORIENTED_EDGE('',*,*,#9293,.T.);
#9293 = EDGE_CURVE('',#9286,#9294,#9296,.T.);
#9294 = VERTEX_POINT('',#9295);
#9295 = CARTESIAN_POINT('',(-1.27,-21.844,0.));
#9296 = LINE('',#9297,#9298);
#9297 = CARTESIAN_POINT('',(-1.016,-21.59,0.));
#9298 = VECTOR('',#9299,1.);
#9299 = DIRECTION('',(-0.707106781187,-0.707106781187,0.));
#9300 = ORIENTED_EDGE('',*,*,#9301,.T.);
#9301 = EDGE_CURVE('',#9294,#9302,#9304,.T.);
#9302 = VERTEX_POINT('',#9303);
#9303 = CARTESIAN_POINT('',(-1.27,-23.876,0.));
#9304 = LINE('',#9305,#9306);
#9305 = CARTESIAN_POINT('',(-1.27,-21.844,0.));
#9306 = VECTOR('',#9307,1.);
#9307 = DIRECTION('',(0.,-1.,0.));
#9308 = ORIENTED_EDGE('',*,*,#9309,.T.);
#9309 = EDGE_CURVE('',#9302,#9310,#9312,.T.);
#9310 = VERTEX_POINT('',#9311);
#9311 = CARTESIAN_POINT('',(-1.016,-24.13,0.));
#9312 = LINE('',#9313,#9314);
#9313 = CARTESIAN_POINT('',(-1.27,-23.876,0.));
#9314 = VECTOR('',#9315,1.);
#9315 = DIRECTION('',(0.707106781187,-0.707106781187,0.));
#9316 = ORIENTED_EDGE('',*,*,#9317,.T.);
#9317 = EDGE_CURVE('',#9310,#9318,#9320,.T.);
#9318 = VERTEX_POINT('',#9319);
#9319 = CARTESIAN_POINT('',(-1.27,-24.384,0.));
#9320 = LINE('',#9321,#9322);
#9321 = CARTESIAN_POINT('',(-1.016,-24.13,0.));
#9322 = VECTOR('',#9323,1.);
#9323 = DIRECTION('',(-0.707106781187,-0.707106781187,0.));
#9324 = ORIENTED_EDGE('',*,*,#9325,.T.);
#9325 = EDGE_CURVE('',#9318,#9326,#9328,.T.);
#9326 = VERTEX_POINT('',#9327);
#9327 = CARTESIAN_POINT('',(-1.27,-26.416,0.));
#9328 = LINE('',#9329,#9330);
#9329 = CARTESIAN_POINT('',(-1.27,-24.384,0.));
#9330 = VECTOR('',#9331,1.);
#9331 = DIRECTION('',(0.,-1.,0.));
#9332 = ORIENTED_EDGE('',*,*,#9333,.T.);
#9333 = EDGE_CURVE('',#9326,#9334,#9336,.T.);
#9334 = VERTEX_POINT('',#9335);
#9335 = CARTESIAN_POINT('',(-1.016,-26.67,0.));
#9336 = LINE('',#9337,#9338);
#9337 = CARTESIAN_POINT('',(-1.27,-26.416,0.));
#9338 = VECTOR('',#9339,1.);
#9339 = DIRECTION('',(0.707106781187,-0.707106781187,0.));
#9340 = ORIENTED_EDGE('',*,*,#9341,.T.);
#9341 = EDGE_CURVE('',#9334,#9342,#9344,.T.);
#9342 = VERTEX_POINT('',#9343);
#9343 = CARTESIAN_POINT('',(1.016,-26.67,0.));
#9344 = LINE('',#9345,#9346);
#9345 = CARTESIAN_POINT('',(-1.016,-26.67,0.));
#9346 = VECTOR('',#9347,1.);
#9347 = DIRECTION('',(1.,0.,0.));
#9348 = ORIENTED_EDGE('',*,*,#9349,.T.);
#9349 = EDGE_CURVE('',#9342,#9350,#9352,.T.);
#9350 = VERTEX_POINT('',#9351);
#9351 = CARTESIAN_POINT('',(1.27,-26.416,0.));
#9352 = LINE('',#9353,#9354);
#9353 = CARTESIAN_POINT('',(1.016,-26.67,0.));
#9354 = VECTOR('',#9355,1.);
#9355 = DIRECTION('',(0.707106781187,0.707106781187,0.));
#9356 = ORIENTED_EDGE('',*,*,#9357,.T.);
#9357 = EDGE_CURVE('',#9350,#9358,#9360,.T.);
#9358 = VERTEX_POINT('',#9359);
#9359 = CARTESIAN_POINT('',(1.27,-24.384,0.));
#9360 = LINE('',#9361,#9362);
#9361 = CARTESIAN_POINT('',(1.27,-26.416,0.));
#9362 = VECTOR('',#9363,1.);
#9363 = DIRECTION('',(0.,1.,0.));
#9364 = ORIENTED_EDGE('',*,*,#9365,.T.);
#9365 = EDGE_CURVE('',#9358,#9366,#9368,.T.);
#9366 = VERTEX_POINT('',#9367);
#9367 = CARTESIAN_POINT('',(1.016,-24.13,0.));
#9368 = LINE('',#9369,#9370);
#9369 = CARTESIAN_POINT('',(1.27,-24.384,0.));
#9370 = VECTOR('',#9371,1.);
#9371 = DIRECTION('',(-0.707106781187,0.707106781187,0.));
#9372 = ORIENTED_EDGE('',*,*,#9373,.T.);
#9373 = EDGE_CURVE('',#9366,#9374,#9376,.T.);
#9374 = VERTEX_POINT('',#9375);
#9375 = CARTESIAN_POINT('',(1.27,-23.876,0.));
#9376 = LINE('',#9377,#9378);
#9377 = CARTESIAN_POINT('',(1.016,-24.13,0.));
#9378 = VECTOR('',#9379,1.);
#9379 = DIRECTION('',(0.707106781187,0.707106781187,0.));
#9380 = ORIENTED_EDGE('',*,*,#9381,.T.);
#9381 = EDGE_CURVE('',#9374,#9382,#9384,.T.);
#9382 = VERTEX_POINT('',#9383);
#9383 = CARTESIAN_POINT('',(1.27,-21.844,0.));
#9384 = LINE('',#9385,#9386);
#9385 = CARTESIAN_POINT('',(1.27,-23.876,0.));
#9386 = VECTOR('',#9387,1.);
#9387 = DIRECTION('',(0.,1.,0.));
#9388 = ORIENTED_EDGE('',*,*,#9389,.T.);
#9389 = EDGE_CURVE('',#9382,#9390,#9392,.T.);
#9390 = VERTEX_POINT('',#9391);
#9391 = CARTESIAN_POINT('',(1.016,-21.59,0.));
#9392 = LINE('',#9393,#9394);
#9393 = CARTESIAN_POINT('',(1.27,-21.844,0.));
#9394 = VECTOR('',#9395,1.);
#9395 = DIRECTION('',(-0.707106781187,0.707106781187,0.));
#9396 = ORIENTED_EDGE('',*,*,#9397,.T.);
#9397 = EDGE_CURVE('',#9390,#9398,#9400,.T.);
#9398 = VERTEX_POINT('',#9399);
#9399 = CARTESIAN_POINT('',(1.27,-21.336,0.));
#9400 = LINE('',#9401,#9402);
#9401 = CARTESIAN_POINT('',(1.016,-21.59,0.));
#9402 = VECTOR('',#9403,1.);
#9403 = DIRECTION('',(0.707106781187,0.707106781187,0.));
#9404 = ORIENTED_EDGE('',*,*,#9405,.T.);
#9405 = EDGE_CURVE('',#9398,#9406,#9408,.T.);
#9406 = VERTEX_POINT('',#9407);
#9407 = CARTESIAN_POINT('',(1.27,-19.304,0.));
#9408 = LINE('',#9409,#9410);
#9409 = CARTESIAN_POINT('',(1.27,-21.336,0.));
#9410 = VECTOR('',#9411,1.);
#9411 = DIRECTION('',(0.,1.,0.));
#9412 = ORIENTED_EDGE('',*,*,#9413,.T.);
#9413 = EDGE_CURVE('',#9406,#9414,#9416,.T.);
#9414 = VERTEX_POINT('',#9415);
#9415 = CARTESIAN_POINT('',(1.016,-19.05,0.));
#9416 = LINE('',#9417,#9418);
#9417 = CARTESIAN_POINT('',(1.27,-19.304,0.));
#9418 = VECTOR('',#9419,1.);
#9419 = DIRECTION('',(-0.707106781187,0.707106781187,0.));
#9420 = ORIENTED_EDGE('',*,*,#9421,.T.);
#9421 = EDGE_CURVE('',#9414,#9422,#9424,.T.);
#9422 = VERTEX_POINT('',#9423);
#9423 = CARTESIAN_POINT('',(1.27,-18.796,0.));
#9424 = LINE('',#9425,#9426);
#9425 = CARTESIAN_POINT('',(1.016,-19.05,0.));
#9426 = VECTOR('',#9427,1.);
#9427 = DIRECTION('',(0.707106781187,0.707106781187,0.));
#9428 = ORIENTED_EDGE('',*,*,#9429,.T.);
#9429 = EDGE_CURVE('',#9422,#9430,#9432,.T.);
#9430 = VERTEX_POINT('',#9431);
#9431 = CARTESIAN_POINT('',(1.27,-16.764,0.));
#9432 = LINE('',#9433,#9434);
#9433 = CARTESIAN_POINT('',(1.27,-18.796,0.));
#9434 = VECTOR('',#9435,1.);
#9435 = DIRECTION('',(0.,1.,0.));
#9436 = ORIENTED_EDGE('',*,*,#9437,.T.);
#9437 = EDGE_CURVE('',#9430,#9438,#9440,.T.);
#9438 = VERTEX_POINT('',#9439);
#9439 = CARTESIAN_POINT('',(1.016,-16.51,0.));
#9440 = LINE('',#9441,#9442);
#9441 = CARTESIAN_POINT('',(1.27,-16.764,0.));
#9442 = VECTOR('',#9443,1.);
#9443 = DIRECTION('',(-0.707106781187,0.707106781187,0.));
#9444 = ORIENTED_EDGE('',*,*,#9445,.T.);
#9445 = EDGE_CURVE('',#9438,#9446,#9448,.T.);
#9446 = VERTEX_POINT('',#9447);
#9447 = CARTESIAN_POINT('',(1.27,-16.256,0.));
#9448 = LINE('',#9449,#9450);
#9449 = CARTESIAN_POINT('',(1.016,-16.51,0.));
#9450 = VECTOR('',#9451,1.);
#9451 = DIRECTION('',(0.707106781187,0.707106781187,0.));
#9452 = ORIENTED_EDGE('',*,*,#9453,.T.);
#9453 = EDGE_CURVE('',#9446,#9454,#9456,.T.);
#9454 = VERTEX_POINT('',#9455);
#9455 = CARTESIAN_POINT('',(1.27,-14.224,0.));
#9456 = LINE('',#9457,#9458);
#9457 = CARTESIAN_POINT('',(1.27,-16.256,0.));
#9458 = VECTOR('',#9459,1.);
#9459 = DIRECTION('',(0.,1.,0.));
#9460 = ORIENTED_EDGE('',*,*,#9461,.T.);
#9461 = EDGE_CURVE('',#9454,#9462,#9464,.T.);
#9462 = VERTEX_POINT('',#9463);
#9463 = CARTESIAN_POINT('',(1.016,-13.97,0.));
#9464 = LINE('',#9465,#9466);
#9465 = CARTESIAN_POINT('',(1.27,-14.224,0.));
#9466 = VECTOR('',#9467,1.);
#9467 = DIRECTION('',(-0.707106781187,0.707106781187,0.));
#9468 = ORIENTED_EDGE('',*,*,#9469,.T.);
#9469 = EDGE_CURVE('',#9462,#9470,#9472,.T.);
#9470 = VERTEX_POINT('',#9471);
#9471 = CARTESIAN_POINT('',(1.27,-13.716,0.));
#9472 = LINE('',#9473,#9474);
#9473 = CARTESIAN_POINT('',(1.016,-13.97,0.));
#9474 = VECTOR('',#9475,1.);
#9475 = DIRECTION('',(0.707106781187,0.707106781187,0.));
#9476 = ORIENTED_EDGE('',*,*,#9477,.T.);
#9477 = EDGE_CURVE('',#9470,#9478,#9480,.T.);
#9478 = VERTEX_POINT('',#9479);
#9479 = CARTESIAN_POINT('',(1.27,-11.684,0.));
#9480 = LINE('',#9481,#9482);
#9481 = CARTESIAN_POINT('',(1.27,-13.716,0.));
#9482 = VECTOR('',#9483,1.);
#9483 = DIRECTION('',(0.,1.,0.));
#9484 = ORIENTED_EDGE('',*,*,#9485,.T.);
#9485 = EDGE_CURVE('',#9478,#9486,#9488,.T.);
#9486 = VERTEX_POINT('',#9487);
#9487 = CARTESIAN_POINT('',(1.016,-11.43,0.));
#9488 = LINE('',#9489,#9490);
#9489 = CARTESIAN_POINT('',(1.27,-11.684,0.));
#9490 = VECTOR('',#9491,1.);
#9491 = DIRECTION('',(-0.707106781187,0.707106781187,0.));
#9492 = ORIENTED_EDGE('',*,*,#9493,.T.);
#9493 = EDGE_CURVE('',#9486,#9494,#9496,.T.);
#9494 = VERTEX_POINT('',#9495);
#9495 = CARTESIAN_POINT('',(1.27,-11.176,0.));
#9496 = LINE('',#9497,#9498);
#9497 = CARTESIAN_POINT('',(1.016,-11.43,0.));
#9498 = VECTOR('',#9499,1.);
#9499 = DIRECTION('',(0.707106781187,0.707106781187,0.));
#9500 = ORIENTED_EDGE('',*,*,#9501,.T.);
#9501 = EDGE_CURVE('',#9494,#9502,#9504,.T.);
#9502 = VERTEX_POINT('',#9503);
#9503 = CARTESIAN_POINT('',(1.27,-9.144,0.));
#9504 = LINE('',#9505,#9506);
#9505 = CARTESIAN_POINT('',(1.27,-11.176,0.));
#9506 = VECTOR('',#9507,1.);
#9507 = DIRECTION('',(0.,1.,0.));
#9508 = ORIENTED_EDGE('',*,*,#9509,.T.);
#9509 = EDGE_CURVE('',#9502,#9510,#9512,.T.);
#9510 = VERTEX_POINT('',#9511);
#9511 = CARTESIAN_POINT('',(1.016,-8.89,0.));
#9512 = LINE('',#9513,#9514);
#9513 = CARTESIAN_POINT('',(1.27,-9.144,0.));
#9514 = VECTOR('',#9515,1.);
#9515 = DIRECTION('',(-0.707106781187,0.707106781187,0.));
#9516 = ORIENTED_EDGE('',*,*,#9517,.T.);
#9517 = EDGE_CURVE('',#9510,#9518,#9520,.T.);
#9518 = VERTEX_POINT('',#9519);
#9519 = CARTESIAN_POINT('',(1.27,-8.636,0.));
#9520 = LINE('',#9521,#9522);
#9521 = CARTESIAN_POINT('',(1.016,-8.89,0.));
#9522 = VECTOR('',#9523,1.);
#9523 = DIRECTION('',(0.707106781187,0.707106781187,0.));
#9524 = ORIENTED_EDGE('',*,*,#9525,.T.);
#9525 = EDGE_CURVE('',#9518,#9526,#9528,.T.);
#9526 = VERTEX_POINT('',#9527);
#9527 = CARTESIAN_POINT('',(1.27,-6.604,0.));
#9528 = LINE('',#9529,#9530);
#9529 = CARTESIAN_POINT('',(1.27,-8.636,0.));
#9530 = VECTOR('',#9531,1.);
#9531 = DIRECTION('',(0.,1.,0.));
#9532 = ORIENTED_EDGE('',*,*,#9533,.T.);
#9533 = EDGE_CURVE('',#9526,#9534,#9536,.T.);
#9534 = VERTEX_POINT('',#9535);
#9535 = CARTESIAN_POINT('',(1.016,-6.35,0.));
#9536 = LINE('',#9537,#9538);
#9537 = CARTESIAN_POINT('',(1.27,-6.604,0.));
#9538 = VECTOR('',#9539,1.);
#9539 = DIRECTION('',(-0.707106781187,0.707106781187,0.));
#9540 = ORIENTED_EDGE('',*,*,#9541,.T.);
#9541 = EDGE_CURVE('',#9534,#9542,#9544,.T.);
#9542 = VERTEX_POINT('',#9543);
#9543 = CARTESIAN_POINT('',(1.27,-6.096,0.));
#9544 = LINE('',#9545,#9546);
#9545 = CARTESIAN_POINT('',(1.016,-6.35,0.));
#9546 = VECTOR('',#9547,1.);
#9547 = DIRECTION('',(0.707106781187,0.707106781187,0.));
#9548 = ORIENTED_EDGE('',*,*,#9549,.T.);
#9549 = EDGE_CURVE('',#9542,#9550,#9552,.T.);
#9550 = VERTEX_POINT('',#9551);
#9551 = CARTESIAN_POINT('',(1.27,-4.064,0.));
#9552 = LINE('',#9553,#9554);
#9553 = CARTESIAN_POINT('',(1.27,-6.096,0.));
#9554 = VECTOR('',#9555,1.);
#9555 = DIRECTION('',(0.,1.,0.));
#9556 = ORIENTED_EDGE('',*,*,#9557,.T.);
#9557 = EDGE_CURVE('',#9550,#9558,#9560,.T.);
#9558 = VERTEX_POINT('',#9559);
#9559 = CARTESIAN_POINT('',(1.016,-3.81,0.));
#9560 = LINE('',#9561,#9562);
#9561 = CARTESIAN_POINT('',(1.27,-4.064,0.));
#9562 = VECTOR('',#9563,1.);
#9563 = DIRECTION('',(-0.707106781187,0.707106781187,0.));
#9564 = ORIENTED_EDGE('',*,*,#9565,.T.);
#9565 = EDGE_CURVE('',#9558,#9566,#9568,.T.);
#9566 = VERTEX_POINT('',#9567);
#9567 = CARTESIAN_POINT('',(1.27,-3.556,0.));
#9568 = LINE('',#9569,#9570);
#9569 = CARTESIAN_POINT('',(1.016,-3.81,0.));
#9570 = VECTOR('',#9571,1.);
#9571 = DIRECTION('',(0.707106781187,0.707106781187,0.));
#9572 = ORIENTED_EDGE('',*,*,#9573,.T.);
#9573 = EDGE_CURVE('',#9566,#9574,#9576,.T.);
#9574 = VERTEX_POINT('',#9575);
#9575 = CARTESIAN_POINT('',(1.27,-1.524,0.));
#9576 = LINE('',#9577,#9578);
#9577 = CARTESIAN_POINT('',(1.27,-3.556,0.));
#9578 = VECTOR('',#9579,1.);
#9579 = DIRECTION('',(0.,1.,0.));
#9580 = ORIENTED_EDGE('',*,*,#9581,.T.);
#9581 = EDGE_CURVE('',#9574,#9582,#9584,.T.);
#9582 = VERTEX_POINT('',#9583);
#9583 = CARTESIAN_POINT('',(1.016,-1.27,0.));
#9584 = LINE('',#9585,#9586);
#9585 = CARTESIAN_POINT('',(1.27,-1.524,0.));
#9586 = VECTOR('',#9587,1.);
#9587 = DIRECTION('',(-0.707106781187,0.707106781187,0.));
#9588 = ORIENTED_EDGE('',*,*,#9589,.T.);
#9589 = EDGE_CURVE('',#9582,#9590,#9592,.T.);
#9590 = VERTEX_POINT('',#9591);
#9591 = CARTESIAN_POINT('',(1.27,-1.016,0.));
#9592 = LINE('',#9593,#9594);
#9593 = CARTESIAN_POINT('',(1.016,-1.27,0.));
#9594 = VECTOR('',#9595,1.);
#9595 = DIRECTION('',(0.707106781187,0.707106781187,0.));
#9596 = ORIENTED_EDGE('',*,*,#9597,.T.);
#9597 = EDGE_CURVE('',#9590,#9598,#9600,.T.);
#9598 = VERTEX_POINT('',#9599);
#9599 = CARTESIAN_POINT('',(1.27,1.016,0.));
#9600 = LINE('',#9601,#9602);
#9601 = CARTESIAN_POINT('',(1.27,-1.016,0.));
#9602 = VECTOR('',#9603,1.);
#9603 = DIRECTION('',(0.,1.,0.));
#9604 = ORIENTED_EDGE('',*,*,#9605,.T.);
#9605 = EDGE_CURVE('',#9598,#9030,#9606,.T.);
#9606 = LINE('',#9607,#9608);
#9607 = CARTESIAN_POINT('',(1.27,1.016,0.));
#9608 = VECTOR('',#9609,1.);
#9609 = DIRECTION('',(-0.707106781187,0.707106781187,0.));
#9610 = ORIENTED_EDGE('',*,*,#9046,.T.);
#9611 = FACE_BOUND('',#9612,.F.);
#9612 = EDGE_LOOP('',(#9613,#9623,#9631,#9639));
#9613 = ORIENTED_EDGE('',*,*,#9614,.F.);
#9614 = EDGE_CURVE('',#9615,#9617,#9619,.T.);
#9615 = VERTEX_POINT('',#9616);
#9616 = CARTESIAN_POINT('',(0.32,-18.1,0.));
#9617 = VERTEX_POINT('',#9618);
#9618 = CARTESIAN_POINT('',(0.32,-17.46,0.));
#9619 = LINE('',#9620,#9621);
#9620 = CARTESIAN_POINT('',(0.32,-15.4,0.));
#9621 = VECTOR('',#9622,1.);
#9622 = DIRECTION('',(0.,1.,0.));
#9623 = ORIENTED_EDGE('',*,*,#9624,.T.);
#9624 = EDGE_CURVE('',#9615,#9625,#9627,.T.);
#9625 = VERTEX_POINT('',#9626);
#9626 = CARTESIAN_POINT('',(-0.32,-18.1,0.));
#9627 = LINE('',#9628,#9629);
#9628 = CARTESIAN_POINT('',(-0.16,-18.1,0.));
#9629 = VECTOR('',#9630,1.);
#9630 = DIRECTION('',(-1.,0.,0.));
#9631 = ORIENTED_EDGE('',*,*,#9632,.T.);
#9632 = EDGE_CURVE('',#9625,#9633,#9635,.T.);
#9633 = VERTEX_POINT('',#9634);
#9634 = CARTESIAN_POINT('',(-0.32,-17.46,0.));
#9635 = LINE('',#9636,#9637);
#9636 = CARTESIAN_POINT('',(-0.32,-15.4,0.));
#9637 = VECTOR('',#9638,1.);
#9638 = DIRECTION('',(0.,1.,0.));
#9639 = ORIENTED_EDGE('',*,*,#9640,.F.);
#9640 = EDGE_CURVE('',#9617,#9633,#9641,.T.);
#9641 = LINE('',#9642,#9643);
#9642 = CARTESIAN_POINT('',(-0.16,-17.46,0.));
#9643 = VECTOR('',#9644,1.);
#9644 = DIRECTION('',(-1.,0.,0.));
#9645 = FACE_BOUND('',#9646,.F.);
#9646 = EDGE_LOOP('',(#9647,#9657,#9665,#9673));
#9647 = ORIENTED_EDGE('',*,*,#9648,.F.);
#9648 = EDGE_CURVE('',#9649,#9651,#9653,.T.);
#9649 = VERTEX_POINT('',#9650);
#9650 = CARTESIAN_POINT('',(0.32,-15.56,0.));
#9651 = VERTEX_POINT('',#9652);
#9652 = CARTESIAN_POINT('',(0.32,-14.92,0.));
#9653 = LINE('',#9654,#9655);
#9654 = CARTESIAN_POINT('',(0.32,-14.13,0.));
#9655 = VECTOR('',#9656,1.);
#9656 = DIRECTION('',(0.,1.,0.));
#9657 = ORIENTED_EDGE('',*,*,#9658,.T.);
#9658 = EDGE_CURVE('',#9649,#9659,#9661,.T.);
#9659 = VERTEX_POINT('',#9660);
#9660 = CARTESIAN_POINT('',(-0.32,-15.56,0.));
#9661 = LINE('',#9662,#9663);
#9662 = CARTESIAN_POINT('',(-0.16,-15.56,0.));
#9663 = VECTOR('',#9664,1.);
#9664 = DIRECTION('',(-1.,0.,0.));
#9665 = ORIENTED_EDGE('',*,*,#9666,.T.);
#9666 = EDGE_CURVE('',#9659,#9667,#9669,.T.);
#9667 = VERTEX_POINT('',#9668);
#9668 = CARTESIAN_POINT('',(-0.32,-14.92,0.));
#9669 = LINE('',#9670,#9671);
#9670 = CARTESIAN_POINT('',(-0.32,-14.13,0.));
#9671 = VECTOR('',#9672,1.);
#9672 = DIRECTION('',(0.,1.,0.));
#9673 = ORIENTED_EDGE('',*,*,#9674,.F.);
#9674 = EDGE_CURVE('',#9651,#9667,#9675,.T.);
#9675 = LINE('',#9676,#9677);
#9676 = CARTESIAN_POINT('',(-0.16,-14.92,0.));
#9677 = VECTOR('',#9678,1.);
#9678 = DIRECTION('',(-1.,0.,0.));
#9679 = FACE_BOUND('',#9680,.F.);
#9680 = EDGE_LOOP('',(#9681,#9691,#9699,#9707));
#9681 = ORIENTED_EDGE('',*,*,#9682,.F.);
#9682 = EDGE_CURVE('',#9683,#9685,#9687,.T.);
#9683 = VERTEX_POINT('',#9684);
#9684 = CARTESIAN_POINT('',(0.32,-13.02,0.));
#9685 = VERTEX_POINT('',#9686);
#9686 = CARTESIAN_POINT('',(0.32,-12.38,0.));
#9687 = LINE('',#9688,#9689);
#9688 = CARTESIAN_POINT('',(0.32,-12.86,0.));
#9689 = VECTOR('',#9690,1.);
#9690 = DIRECTION('',(0.,1.,0.));
#9691 = ORIENTED_EDGE('',*,*,#9692,.T.);
#9692 = EDGE_CURVE('',#9683,#9693,#9695,.T.);
#9693 = VERTEX_POINT('',#9694);
#9694 = CARTESIAN_POINT('',(-0.32,-13.02,0.));
#9695 = LINE('',#9696,#9697);
#9696 = CARTESIAN_POINT('',(-0.16,-13.02,0.));
#9697 = VECTOR('',#9698,1.);
#9698 = DIRECTION('',(-1.,0.,0.));
#9699 = ORIENTED_EDGE('',*,*,#9700,.T.);
#9700 = EDGE_CURVE('',#9693,#9701,#9703,.T.);
#9701 = VERTEX_POINT('',#9702);
#9702 = CARTESIAN_POINT('',(-0.32,-12.38,0.));
#9703 = LINE('',#9704,#9705);
#9704 = CARTESIAN_POINT('',(-0.32,-12.86,0.));
#9705 = VECTOR('',#9706,1.);
#9706 = DIRECTION('',(0.,1.,0.));
#9707 = ORIENTED_EDGE('',*,*,#9708,.F.);
#9708 = EDGE_CURVE('',#9685,#9701,#9709,.T.);
#9709 = LINE('',#9710,#9711);
#9710 = CARTESIAN_POINT('',(-0.16,-12.38,0.));
#9711 = VECTOR('',#9712,1.);
#9712 = DIRECTION('',(-1.,0.,0.));
#9713 = FACE_BOUND('',#9714,.F.);
#9714 = EDGE_LOOP('',(#9715,#9725,#9733,#9741));
#9715 = ORIENTED_EDGE('',*,*,#9716,.F.);
#9716 = EDGE_CURVE('',#9717,#9719,#9721,.T.);
#9717 = VERTEX_POINT('',#9718);
#9718 = CARTESIAN_POINT('',(0.32,-2.86,0.));
#9719 = VERTEX_POINT('',#9720);
#9720 = CARTESIAN_POINT('',(0.32,-2.22,0.));
#9721 = LINE('',#9722,#9723);
#9722 = CARTESIAN_POINT('',(0.32,-7.78,0.));
#9723 = VECTOR('',#9724,1.);
#9724 = DIRECTION('',(0.,1.,0.));
#9725 = ORIENTED_EDGE('',*,*,#9726,.T.);
#9726 = EDGE_CURVE('',#9717,#9727,#9729,.T.);
#9727 = VERTEX_POINT('',#9728);
#9728 = CARTESIAN_POINT('',(-0.32,-2.86,0.));
#9729 = LINE('',#9730,#9731);
#9730 = CARTESIAN_POINT('',(-0.16,-2.86,0.));
#9731 = VECTOR('',#9732,1.);
#9732 = DIRECTION('',(-1.,0.,0.));
#9733 = ORIENTED_EDGE('',*,*,#9734,.T.);
#9734 = EDGE_CURVE('',#9727,#9735,#9737,.T.);
#9735 = VERTEX_POINT('',#9736);
#9736 = CARTESIAN_POINT('',(-0.32,-2.22,0.));
#9737 = LINE('',#9738,#9739);
#9738 = CARTESIAN_POINT('',(-0.32,-7.78,0.));
#9739 = VECTOR('',#9740,1.);
#9740 = DIRECTION('',(0.,1.,0.));
#9741 = ORIENTED_EDGE('',*,*,#9742,.F.);
#9742 = EDGE_CURVE('',#9719,#9735,#9743,.T.);
#9743 = LINE('',#9744,#9745);
#9744 = CARTESIAN_POINT('',(-0.16,-2.22,0.));
#9745 = VECTOR('',#9746,1.);
#9746 = DIRECTION('',(-1.,0.,0.));
#9747 = FACE_BOUND('',#9748,.F.);
#9748 = EDGE_LOOP('',(#9749,#9759,#9767,#9775));
#9749 = ORIENTED_EDGE('',*,*,#9750,.F.);
#9750 = EDGE_CURVE('',#9751,#9753,#9755,.T.);
#9751 = VERTEX_POINT('',#9752);
#9752 = CARTESIAN_POINT('',(0.32,-5.4,0.));
#9753 = VERTEX_POINT('',#9754);
#9754 = CARTESIAN_POINT('',(0.32,-4.76,0.));
#9755 = LINE('',#9756,#9757);
#9756 = CARTESIAN_POINT('',(0.32,-9.05,0.));
#9757 = VECTOR('',#9758,1.);
#9758 = DIRECTION('',(0.,1.,0.));
#9759 = ORIENTED_EDGE('',*,*,#9760,.T.);
#9760 = EDGE_CURVE('',#9751,#9761,#9763,.T.);
#9761 = VERTEX_POINT('',#9762);
#9762 = CARTESIAN_POINT('',(-0.32,-5.4,0.));
#9763 = LINE('',#9764,#9765);
#9764 = CARTESIAN_POINT('',(-0.16,-5.4,0.));
#9765 = VECTOR('',#9766,1.);
#9766 = DIRECTION('',(-1.,0.,0.));
#9767 = ORIENTED_EDGE('',*,*,#9768,.T.);
#9768 = EDGE_CURVE('',#9761,#9769,#9771,.T.);
#9769 = VERTEX_POINT('',#9770);
#9770 = CARTESIAN_POINT('',(-0.32,-4.76,0.));
#9771 = LINE('',#9772,#9773);
#9772 = CARTESIAN_POINT('',(-0.32,-9.05,0.));
#9773 = VECTOR('',#9774,1.);
#9774 = DIRECTION('',(0.,1.,0.));
#9775 = ORIENTED_EDGE('',*,*,#9776,.F.);
#9776 = EDGE_CURVE('',#9753,#9769,#9777,.T.);
#9777 = LINE('',#9778,#9779);
#9778 = CARTESIAN_POINT('',(-0.16,-4.76,0.));
#9779 = VECTOR('',#9780,1.);
#9780 = DIRECTION('',(-1.,0.,0.));
#9781 = FACE_BOUND('',#9782,.F.);
#9782 = EDGE_LOOP('',(#9783,#9793,#9801,#9809));
#9783 = ORIENTED_EDGE('',*,*,#9784,.T.);
#9784 = EDGE_CURVE('',#9785,#9787,#9789,.T.);
#9785 = VERTEX_POINT('',#9786);
#9786 = CARTESIAN_POINT('',(0.32,-10.48,0.));
#9787 = VERTEX_POINT('',#9788);
#9788 = CARTESIAN_POINT('',(-0.32,-10.48,0.));
#9789 = LINE('',#9790,#9791);
#9790 = CARTESIAN_POINT('',(-0.16,-10.48,0.));
#9791 = VECTOR('',#9792,1.);
#9792 = DIRECTION('',(-1.,0.,0.));
#9793 = ORIENTED_EDGE('',*,*,#9794,.T.);
#9794 = EDGE_CURVE('',#9787,#9795,#9797,.T.);
#9795 = VERTEX_POINT('',#9796);
#9796 = CARTESIAN_POINT('',(-0.32,-9.84,0.));
#9797 = LINE('',#9798,#9799);
#9798 = CARTESIAN_POINT('',(-0.32,-11.59,0.));
#9799 = VECTOR('',#9800,1.);
#9800 = DIRECTION('',(0.,1.,0.));
#9801 = ORIENTED_EDGE('',*,*,#9802,.F.);
#9802 = EDGE_CURVE('',#9803,#9795,#9805,.T.);
#9803 = VERTEX_POINT('',#9804);
#9804 = CARTESIAN_POINT('',(0.32,-9.84,0.));
#9805 = LINE('',#9806,#9807);
#9806 = CARTESIAN_POINT('',(-0.16,-9.84,0.));
#9807 = VECTOR('',#9808,1.);
#9808 = DIRECTION('',(-1.,0.,0.));
#9809 = ORIENTED_EDGE('',*,*,#9810,.F.);
#9810 = EDGE_CURVE('',#9785,#9803,#9811,.T.);
#9811 = LINE('',#9812,#9813);
#9812 = CARTESIAN_POINT('',(0.32,-11.59,0.));
#9813 = VECTOR('',#9814,1.);
#9814 = DIRECTION('',(0.,1.,0.));
#9815 = FACE_BOUND('',#9816,.F.);
#9816 = EDGE_LOOP('',(#9817,#9827,#9835,#9843));
#9817 = ORIENTED_EDGE('',*,*,#9818,.T.);
#9818 = EDGE_CURVE('',#9819,#9821,#9823,.T.);
#9819 = VERTEX_POINT('',#9820);
#9820 = CARTESIAN_POINT('',(0.32,-7.94,0.));
#9821 = VERTEX_POINT('',#9822);
#9822 = CARTESIAN_POINT('',(-0.32,-7.94,0.));
#9823 = LINE('',#9824,#9825);
#9824 = CARTESIAN_POINT('',(-0.16,-7.94,0.));
#9825 = VECTOR('',#9826,1.);
#9826 = DIRECTION('',(-1.,0.,0.));
#9827 = ORIENTED_EDGE('',*,*,#9828,.T.);
#9828 = EDGE_CURVE('',#9821,#9829,#9831,.T.);
#9829 = VERTEX_POINT('',#9830);
#9830 = CARTESIAN_POINT('',(-0.32,-7.3,0.));
#9831 = LINE('',#9832,#9833);
#9832 = CARTESIAN_POINT('',(-0.32,-10.32,0.));
#9833 = VECTOR('',#9834,1.);
#9834 = DIRECTION('',(0.,1.,0.));
#9835 = ORIENTED_EDGE('',*,*,#9836,.F.);
#9836 = EDGE_CURVE('',#9837,#9829,#9839,.T.);
#9837 = VERTEX_POINT('',#9838);
#9838 = CARTESIAN_POINT('',(0.32,-7.3,0.));
#9839 = LINE('',#9840,#9841);
#9840 = CARTESIAN_POINT('',(-0.16,-7.3,0.));
#9841 = VECTOR('',#9842,1.);
#9842 = DIRECTION('',(-1.,0.,0.));
#9843 = ORIENTED_EDGE('',*,*,#9844,.F.);
#9844 = EDGE_CURVE('',#9819,#9837,#9845,.T.);
#9845 = LINE('',#9846,#9847);
#9846 = CARTESIAN_POINT('',(0.32,-10.32,0.));
#9847 = VECTOR('',#9848,1.);
#9848 = DIRECTION('',(0.,1.,0.));
#9849 = FACE_BOUND('',#9850,.F.);
#9850 = EDGE_LOOP('',(#9851,#9861,#9869,#9877));
#9851 = ORIENTED_EDGE('',*,*,#9852,.T.);
#9852 = EDGE_CURVE('',#9853,#9855,#9857,.T.);
#9853 = VERTEX_POINT('',#9854);
#9854 = CARTESIAN_POINT('',(0.32,-20.64,0.));
#9855 = VERTEX_POINT('',#9856);
#9856 = CARTESIAN_POINT('',(-0.32,-20.64,0.));
#9857 = LINE('',#9858,#9859);
#9858 = CARTESIAN_POINT('',(-0.16,-20.64,0.));
#9859 = VECTOR('',#9860,1.);
#9860 = DIRECTION('',(-1.,0.,0.));
#9861 = ORIENTED_EDGE('',*,*,#9862,.T.);
#9862 = EDGE_CURVE('',#9855,#9863,#9865,.T.);
#9863 = VERTEX_POINT('',#9864);
#9864 = CARTESIAN_POINT('',(-0.32,-20.,0.));
#9865 = LINE('',#9866,#9867);
#9866 = CARTESIAN_POINT('',(-0.32,-16.67,0.));
#9867 = VECTOR('',#9868,1.);
#9868 = DIRECTION('',(0.,1.,0.));
#9869 = ORIENTED_EDGE('',*,*,#9870,.F.);
#9870 = EDGE_CURVE('',#9871,#9863,#9873,.T.);
#9871 = VERTEX_POINT('',#9872);
#9872 = CARTESIAN_POINT('',(0.32,-20.,0.));
#9873 = LINE('',#9874,#9875);
#9874 = CARTESIAN_POINT('',(-0.16,-20.,0.));
#9875 = VECTOR('',#9876,1.);
#9876 = DIRECTION('',(-1.,0.,0.));
#9877 = ORIENTED_EDGE('',*,*,#9878,.F.);
#9878 = EDGE_CURVE('',#9853,#9871,#9879,.T.);
#9879 = LINE('',#9880,#9881);
#9880 = CARTESIAN_POINT('',(0.32,-16.67,0.));
#9881 = VECTOR('',#9882,1.);
#9882 = DIRECTION('',(0.,1.,0.));
#9883 = FACE_BOUND('',#9884,.F.);
#9884 = EDGE_LOOP('',(#9885,#9895,#9903,#9911));
#9885 = ORIENTED_EDGE('',*,*,#9886,.T.);
#9886 = EDGE_CURVE('',#9887,#9889,#9891,.T.);
#9887 = VERTEX_POINT('',#9888);
#9888 = CARTESIAN_POINT('',(0.32,-23.18,0.));
#9889 = VERTEX_POINT('',#9890);
#9890 = CARTESIAN_POINT('',(-0.32,-23.18,0.));
#9891 = LINE('',#9892,#9893);
#9892 = CARTESIAN_POINT('',(-0.16,-23.18,0.));
#9893 = VECTOR('',#9894,1.);
#9894 = DIRECTION('',(-1.,0.,0.));
#9895 = ORIENTED_EDGE('',*,*,#9896,.T.);
#9896 = EDGE_CURVE('',#9889,#9897,#9899,.T.);
#9897 = VERTEX_POINT('',#9898);
#9898 = CARTESIAN_POINT('',(-0.32,-22.54,0.));
#9899 = LINE('',#9900,#9901);
#9900 = CARTESIAN_POINT('',(-0.32,-17.94,0.));
#9901 = VECTOR('',#9902,1.);
#9902 = DIRECTION('',(0.,1.,0.));
#9903 = ORIENTED_EDGE('',*,*,#9904,.F.);
#9904 = EDGE_CURVE('',#9905,#9897,#9907,.T.);
#9905 = VERTEX_POINT('',#9906);
#9906 = CARTESIAN_POINT('',(0.32,-22.54,0.));
#9907 = LINE('',#9908,#9909);
#9908 = CARTESIAN_POINT('',(-0.16,-22.54,0.));
#9909 = VECTOR('',#9910,1.);
#9910 = DIRECTION('',(-1.,0.,0.));
#9911 = ORIENTED_EDGE('',*,*,#9912,.F.);
#9912 = EDGE_CURVE('',#9887,#9905,#9913,.T.);
#9913 = LINE('',#9914,#9915);
#9914 = CARTESIAN_POINT('',(0.32,-17.94,0.));
#9915 = VECTOR('',#9916,1.);
#9916 = DIRECTION('',(0.,1.,0.));
#9917 = FACE_BOUND('',#9918,.F.);
#9918 = EDGE_LOOP('',(#9919,#9929,#9937,#9945));
#9919 = ORIENTED_EDGE('',*,*,#9920,.T.);
#9920 = EDGE_CURVE('',#9921,#9923,#9925,.T.);
#9921 = VERTEX_POINT('',#9922);
#9922 = CARTESIAN_POINT('',(0.32,-0.32,0.));
#9923 = VERTEX_POINT('',#9924);
#9924 = CARTESIAN_POINT('',(-0.32,-0.32,0.));
#9925 = LINE('',#9926,#9927);
#9926 = CARTESIAN_POINT('',(-0.16,-0.32,0.));
#9927 = VECTOR('',#9928,1.);
#9928 = DIRECTION('',(-1.,0.,0.));
#9929 = ORIENTED_EDGE('',*,*,#9930,.T.);
#9930 = EDGE_CURVE('',#9923,#9931,#9933,.T.);
#9931 = VERTEX_POINT('',#9932);
#9932 = CARTESIAN_POINT('',(-0.32,0.32,0.));
#9933 = LINE('',#9934,#9935);
#9934 = CARTESIAN_POINT('',(-0.32,-6.51,0.));
#9935 = VECTOR('',#9936,1.);
#9936 = DIRECTION('',(0.,1.,0.));
#9937 = ORIENTED_EDGE('',*,*,#9938,.F.);
#9938 = EDGE_CURVE('',#9939,#9931,#9941,.T.);
#9939 = VERTEX_POINT('',#9940);
#9940 = CARTESIAN_POINT('',(0.32,0.32,0.));
#9941 = LINE('',#9942,#9943);
#9942 = CARTESIAN_POINT('',(-0.16,0.32,0.));
#9943 = VECTOR('',#9944,1.);
#9944 = DIRECTION('',(-1.,0.,0.));
#9945 = ORIENTED_EDGE('',*,*,#9946,.F.);
#9946 = EDGE_CURVE('',#9921,#9939,#9947,.T.);
#9947 = LINE('',#9948,#9949);
#9948 = CARTESIAN_POINT('',(0.32,-6.51,0.));
#9949 = VECTOR('',#9950,1.);
#9950 = DIRECTION('',(0.,1.,0.));
#9951 = FACE_BOUND('',#9952,.F.);
#9952 = EDGE_LOOP('',(#9953,#9963,#9971,#9979));
#9953 = ORIENTED_EDGE('',*,*,#9954,.F.);
#9954 = EDGE_CURVE('',#9955,#9957,#9959,.T.);
#9955 = VERTEX_POINT('',#9956);
#9956 = CARTESIAN_POINT('',(0.32,-25.72,0.));
#9957 = VERTEX_POINT('',#9958);
#9958 = CARTESIAN_POINT('',(0.32,-25.08,0.));
#9959 = LINE('',#9960,#9961);
#9960 = CARTESIAN_POINT('',(0.32,-19.21,0.));
#9961 = VECTOR('',#9962,1.);
#9962 = DIRECTION('',(0.,1.,0.));
#9963 = ORIENTED_EDGE('',*,*,#9964,.T.);
#9964 = EDGE_CURVE('',#9955,#9965,#9967,.T.);
#9965 = VERTEX_POINT('',#9966);
#9966 = CARTESIAN_POINT('',(-0.32,-25.72,0.));
#9967 = LINE('',#9968,#9969);
#9968 = CARTESIAN_POINT('',(-0.16,-25.72,0.));
#9969 = VECTOR('',#9970,1.);
#9970 = DIRECTION('',(-1.,0.,0.));
#9971 = ORIENTED_EDGE('',*,*,#9972,.T.);
#9972 = EDGE_CURVE('',#9965,#9973,#9975,.T.);
#9973 = VERTEX_POINT('',#9974);
#9974 = CARTESIAN_POINT('',(-0.32,-25.08,0.));
#9975 = LINE('',#9976,#9977);
#9976 = CARTESIAN_POINT('',(-0.32,-19.21,0.));
#9977 = VECTOR('',#9978,1.);
#9978 = DIRECTION('',(0.,1.,0.));
#9979 = ORIENTED_EDGE('',*,*,#9980,.F.);
#9980 = EDGE_CURVE('',#9957,#9973,#9981,.T.);
#9981 = LINE('',#9982,#9983);
#9982 = CARTESIAN_POINT('',(-0.16,-25.08,0.));
#9983 = VECTOR('',#9984,1.);
#9984 = DIRECTION('',(-1.,0.,0.));
#9985 = PLANE('',#9986);
#9986 = AXIS2_PLACEMENT_3D('',#9987,#9988,#9989);
#9987 = CARTESIAN_POINT('',(-1.031594052955E-17,-12.7,0.));
#9988 = DIRECTION('',(0.,0.,1.));
#9989 = DIRECTION('',(1.,0.,-0.));
#9990 = ADVANCED_FACE('',(#9991,#10514,#10548,#10582,#10616,#10650,
    #10684,#10718,#10752,#10786,#10820,#10854),#10888,.T.);
#9991 = FACE_BOUND('',#9992,.T.);
#9992 = EDGE_LOOP('',(#9993,#9994,#9995,#10003,#10011,#10019,#10027,
    #10035,#10043,#10051,#10059,#10067,#10075,#10083,#10091,#10099,
    #10107,#10115,#10123,#10131,#10139,#10147,#10155,#10163,#10171,
    #10179,#10187,#10195,#10203,#10211,#10219,#10227,#10235,#10243,
    #10251,#10259,#10267,#10275,#10283,#10291,#10299,#10307,#10315,
    #10323,#10331,#10339,#10347,#10355,#10363,#10371,#10379,#10387,
    #10395,#10403,#10411,#10419,#10427,#10435,#10443,#10451,#10459,
    #10467,#10475,#10483,#10491,#10499,#10507,#10513));
#9993 = ORIENTED_EDGE('',*,*,#8999,.T.);
#9994 = ORIENTED_EDGE('',*,*,#9061,.T.);
#9995 = ORIENTED_EDGE('',*,*,#9996,.T.);
#9996 = EDGE_CURVE('',#9062,#9997,#9999,.T.);
#9997 = VERTEX_POINT('',#9998);
#9998 = CARTESIAN_POINT('',(-1.016,-1.27,2.54));
#9999 = LINE('',#10000,#10001);
#10000 = CARTESIAN_POINT('',(-1.27,-1.016,2.54));
#10001 = VECTOR('',#10002,1.);
#10002 = DIRECTION('',(0.707106781187,-0.707106781187,0.));
#10003 = ORIENTED_EDGE('',*,*,#10004,.T.);
#10004 = EDGE_CURVE('',#9997,#10005,#10007,.T.);
#10005 = VERTEX_POINT('',#10006);
#10006 = CARTESIAN_POINT('',(-1.27,-1.524,2.54));
#10007 = LINE('',#10008,#10009);
#10008 = CARTESIAN_POINT('',(-1.016,-1.27,2.54));
#10009 = VECTOR('',#10010,1.);
#10010 = DIRECTION('',(-0.707106781187,-0.707106781187,0.));
#10011 = ORIENTED_EDGE('',*,*,#10012,.T.);
#10012 = EDGE_CURVE('',#10005,#10013,#10015,.T.);
#10013 = VERTEX_POINT('',#10014);
#10014 = CARTESIAN_POINT('',(-1.27,-3.556,2.54));
#10015 = LINE('',#10016,#10017);
#10016 = CARTESIAN_POINT('',(-1.27,-1.524,2.54));
#10017 = VECTOR('',#10018,1.);
#10018 = DIRECTION('',(0.,-1.,0.));
#10019 = ORIENTED_EDGE('',*,*,#10020,.T.);
#10020 = EDGE_CURVE('',#10013,#10021,#10023,.T.);
#10021 = VERTEX_POINT('',#10022);
#10022 = CARTESIAN_POINT('',(-1.016,-3.81,2.54));
#10023 = LINE('',#10024,#10025);
#10024 = CARTESIAN_POINT('',(-1.27,-3.556,2.54));
#10025 = VECTOR('',#10026,1.);
#10026 = DIRECTION('',(0.707106781187,-0.707106781187,0.));
#10027 = ORIENTED_EDGE('',*,*,#10028,.T.);
#10028 = EDGE_CURVE('',#10021,#10029,#10031,.T.);
#10029 = VERTEX_POINT('',#10030);
#10030 = CARTESIAN_POINT('',(-1.27,-4.064,2.54));
#10031 = LINE('',#10032,#10033);
#10032 = CARTESIAN_POINT('',(-1.016,-3.81,2.54));
#10033 = VECTOR('',#10034,1.);
#10034 = DIRECTION('',(-0.707106781187,-0.707106781187,0.));
#10035 = ORIENTED_EDGE('',*,*,#10036,.T.);
#10036 = EDGE_CURVE('',#10029,#10037,#10039,.T.);
#10037 = VERTEX_POINT('',#10038);
#10038 = CARTESIAN_POINT('',(-1.27,-6.096,2.54));
#10039 = LINE('',#10040,#10041);
#10040 = CARTESIAN_POINT('',(-1.27,-4.064,2.54));
#10041 = VECTOR('',#10042,1.);
#10042 = DIRECTION('',(0.,-1.,0.));
#10043 = ORIENTED_EDGE('',*,*,#10044,.T.);
#10044 = EDGE_CURVE('',#10037,#10045,#10047,.T.);
#10045 = VERTEX_POINT('',#10046);
#10046 = CARTESIAN_POINT('',(-1.016,-6.35,2.54));
#10047 = LINE('',#10048,#10049);
#10048 = CARTESIAN_POINT('',(-1.27,-6.096,2.54));
#10049 = VECTOR('',#10050,1.);
#10050 = DIRECTION('',(0.707106781187,-0.707106781187,0.));
#10051 = ORIENTED_EDGE('',*,*,#10052,.T.);
#10052 = EDGE_CURVE('',#10045,#10053,#10055,.T.);
#10053 = VERTEX_POINT('',#10054);
#10054 = CARTESIAN_POINT('',(-1.27,-6.604,2.54));
#10055 = LINE('',#10056,#10057);
#10056 = CARTESIAN_POINT('',(-1.016,-6.35,2.54));
#10057 = VECTOR('',#10058,1.);
#10058 = DIRECTION('',(-0.707106781187,-0.707106781187,0.));
#10059 = ORIENTED_EDGE('',*,*,#10060,.T.);
#10060 = EDGE_CURVE('',#10053,#10061,#10063,.T.);
#10061 = VERTEX_POINT('',#10062);
#10062 = CARTESIAN_POINT('',(-1.27,-8.636,2.54));
#10063 = LINE('',#10064,#10065);
#10064 = CARTESIAN_POINT('',(-1.27,-6.604,2.54));
#10065 = VECTOR('',#10066,1.);
#10066 = DIRECTION('',(0.,-1.,0.));
#10067 = ORIENTED_EDGE('',*,*,#10068,.T.);
#10068 = EDGE_CURVE('',#10061,#10069,#10071,.T.);
#10069 = VERTEX_POINT('',#10070);
#10070 = CARTESIAN_POINT('',(-1.016,-8.89,2.54));
#10071 = LINE('',#10072,#10073);
#10072 = CARTESIAN_POINT('',(-1.27,-8.636,2.54));
#10073 = VECTOR('',#10074,1.);
#10074 = DIRECTION('',(0.707106781187,-0.707106781187,0.));
#10075 = ORIENTED_EDGE('',*,*,#10076,.T.);
#10076 = EDGE_CURVE('',#10069,#10077,#10079,.T.);
#10077 = VERTEX_POINT('',#10078);
#10078 = CARTESIAN_POINT('',(-1.27,-9.144,2.54));
#10079 = LINE('',#10080,#10081);
#10080 = CARTESIAN_POINT('',(-1.016,-8.89,2.54));
#10081 = VECTOR('',#10082,1.);
#10082 = DIRECTION('',(-0.707106781187,-0.707106781187,0.));
#10083 = ORIENTED_EDGE('',*,*,#10084,.T.);
#10084 = EDGE_CURVE('',#10077,#10085,#10087,.T.);
#10085 = VERTEX_POINT('',#10086);
#10086 = CARTESIAN_POINT('',(-1.27,-11.176,2.54));
#10087 = LINE('',#10088,#10089);
#10088 = CARTESIAN_POINT('',(-1.27,-9.144,2.54));
#10089 = VECTOR('',#10090,1.);
#10090 = DIRECTION('',(0.,-1.,0.));
#10091 = ORIENTED_EDGE('',*,*,#10092,.T.);
#10092 = EDGE_CURVE('',#10085,#10093,#10095,.T.);
#10093 = VERTEX_POINT('',#10094);
#10094 = CARTESIAN_POINT('',(-1.016,-11.43,2.54));
#10095 = LINE('',#10096,#10097);
#10096 = CARTESIAN_POINT('',(-1.27,-11.176,2.54));
#10097 = VECTOR('',#10098,1.);
#10098 = DIRECTION('',(0.707106781187,-0.707106781187,0.));
#10099 = ORIENTED_EDGE('',*,*,#10100,.T.);
#10100 = EDGE_CURVE('',#10093,#10101,#10103,.T.);
#10101 = VERTEX_POINT('',#10102);
#10102 = CARTESIAN_POINT('',(-1.27,-11.684,2.54));
#10103 = LINE('',#10104,#10105);
#10104 = CARTESIAN_POINT('',(-1.016,-11.43,2.54));
#10105 = VECTOR('',#10106,1.);
#10106 = DIRECTION('',(-0.707106781187,-0.707106781187,0.));
#10107 = ORIENTED_EDGE('',*,*,#10108,.T.);
#10108 = EDGE_CURVE('',#10101,#10109,#10111,.T.);
#10109 = VERTEX_POINT('',#10110);
#10110 = CARTESIAN_POINT('',(-1.27,-13.716,2.54));
#10111 = LINE('',#10112,#10113);
#10112 = CARTESIAN_POINT('',(-1.27,-11.684,2.54));
#10113 = VECTOR('',#10114,1.);
#10114 = DIRECTION('',(0.,-1.,0.));
#10115 = ORIENTED_EDGE('',*,*,#10116,.T.);
#10116 = EDGE_CURVE('',#10109,#10117,#10119,.T.);
#10117 = VERTEX_POINT('',#10118);
#10118 = CARTESIAN_POINT('',(-1.016,-13.97,2.54));
#10119 = LINE('',#10120,#10121);
#10120 = CARTESIAN_POINT('',(-1.27,-13.716,2.54));
#10121 = VECTOR('',#10122,1.);
#10122 = DIRECTION('',(0.707106781187,-0.707106781187,0.));
#10123 = ORIENTED_EDGE('',*,*,#10124,.T.);
#10124 = EDGE_CURVE('',#10117,#10125,#10127,.T.);
#10125 = VERTEX_POINT('',#10126);
#10126 = CARTESIAN_POINT('',(-1.27,-14.224,2.54));
#10127 = LINE('',#10128,#10129);
#10128 = CARTESIAN_POINT('',(-1.016,-13.97,2.54));
#10129 = VECTOR('',#10130,1.);
#10130 = DIRECTION('',(-0.707106781187,-0.707106781187,0.));
#10131 = ORIENTED_EDGE('',*,*,#10132,.T.);
#10132 = EDGE_CURVE('',#10125,#10133,#10135,.T.);
#10133 = VERTEX_POINT('',#10134);
#10134 = CARTESIAN_POINT('',(-1.27,-16.256,2.54));
#10135 = LINE('',#10136,#10137);
#10136 = CARTESIAN_POINT('',(-1.27,-14.224,2.54));
#10137 = VECTOR('',#10138,1.);
#10138 = DIRECTION('',(0.,-1.,0.));
#10139 = ORIENTED_EDGE('',*,*,#10140,.T.);
#10140 = EDGE_CURVE('',#10133,#10141,#10143,.T.);
#10141 = VERTEX_POINT('',#10142);
#10142 = CARTESIAN_POINT('',(-1.016,-16.51,2.54));
#10143 = LINE('',#10144,#10145);
#10144 = CARTESIAN_POINT('',(-1.27,-16.256,2.54));
#10145 = VECTOR('',#10146,1.);
#10146 = DIRECTION('',(0.707106781187,-0.707106781187,0.));
#10147 = ORIENTED_EDGE('',*,*,#10148,.T.);
#10148 = EDGE_CURVE('',#10141,#10149,#10151,.T.);
#10149 = VERTEX_POINT('',#10150);
#10150 = CARTESIAN_POINT('',(-1.27,-16.764,2.54));
#10151 = LINE('',#10152,#10153);
#10152 = CARTESIAN_POINT('',(-1.016,-16.51,2.54));
#10153 = VECTOR('',#10154,1.);
#10154 = DIRECTION('',(-0.707106781187,-0.707106781187,0.));
#10155 = ORIENTED_EDGE('',*,*,#10156,.T.);
#10156 = EDGE_CURVE('',#10149,#10157,#10159,.T.);
#10157 = VERTEX_POINT('',#10158);
#10158 = CARTESIAN_POINT('',(-1.27,-18.796,2.54));
#10159 = LINE('',#10160,#10161);
#10160 = CARTESIAN_POINT('',(-1.27,-16.764,2.54));
#10161 = VECTOR('',#10162,1.);
#10162 = DIRECTION('',(0.,-1.,0.));
#10163 = ORIENTED_EDGE('',*,*,#10164,.T.);
#10164 = EDGE_CURVE('',#10157,#10165,#10167,.T.);
#10165 = VERTEX_POINT('',#10166);
#10166 = CARTESIAN_POINT('',(-1.016,-19.05,2.54));
#10167 = LINE('',#10168,#10169);
#10168 = CARTESIAN_POINT('',(-1.27,-18.796,2.54));
#10169 = VECTOR('',#10170,1.);
#10170 = DIRECTION('',(0.707106781187,-0.707106781187,0.));
#10171 = ORIENTED_EDGE('',*,*,#10172,.T.);
#10172 = EDGE_CURVE('',#10165,#10173,#10175,.T.);
#10173 = VERTEX_POINT('',#10174);
#10174 = CARTESIAN_POINT('',(-1.27,-19.304,2.54));
#10175 = LINE('',#10176,#10177);
#10176 = CARTESIAN_POINT('',(-1.016,-19.05,2.54));
#10177 = VECTOR('',#10178,1.);
#10178 = DIRECTION('',(-0.707106781187,-0.707106781187,0.));
#10179 = ORIENTED_EDGE('',*,*,#10180,.T.);
#10180 = EDGE_CURVE('',#10173,#10181,#10183,.T.);
#10181 = VERTEX_POINT('',#10182);
#10182 = CARTESIAN_POINT('',(-1.27,-21.336,2.54));
#10183 = LINE('',#10184,#10185);
#10184 = CARTESIAN_POINT('',(-1.27,-19.304,2.54));
#10185 = VECTOR('',#10186,1.);
#10186 = DIRECTION('',(0.,-1.,0.));
#10187 = ORIENTED_EDGE('',*,*,#10188,.T.);
#10188 = EDGE_CURVE('',#10181,#10189,#10191,.T.);
#10189 = VERTEX_POINT('',#10190);
#10190 = CARTESIAN_POINT('',(-1.016,-21.59,2.54));
#10191 = LINE('',#10192,#10193);
#10192 = CARTESIAN_POINT('',(-1.27,-21.336,2.54));
#10193 = VECTOR('',#10194,1.);
#10194 = DIRECTION('',(0.707106781187,-0.707106781187,0.));
#10195 = ORIENTED_EDGE('',*,*,#10196,.T.);
#10196 = EDGE_CURVE('',#10189,#10197,#10199,.T.);
#10197 = VERTEX_POINT('',#10198);
#10198 = CARTESIAN_POINT('',(-1.27,-21.844,2.54));
#10199 = LINE('',#10200,#10201);
#10200 = CARTESIAN_POINT('',(-1.016,-21.59,2.54));
#10201 = VECTOR('',#10202,1.);
#10202 = DIRECTION('',(-0.707106781187,-0.707106781187,0.));
#10203 = ORIENTED_EDGE('',*,*,#10204,.T.);
#10204 = EDGE_CURVE('',#10197,#10205,#10207,.T.);
#10205 = VERTEX_POINT('',#10206);
#10206 = CARTESIAN_POINT('',(-1.27,-23.876,2.54));
#10207 = LINE('',#10208,#10209);
#10208 = CARTESIAN_POINT('',(-1.27,-21.844,2.54));
#10209 = VECTOR('',#10210,1.);
#10210 = DIRECTION('',(0.,-1.,0.));
#10211 = ORIENTED_EDGE('',*,*,#10212,.T.);
#10212 = EDGE_CURVE('',#10205,#10213,#10215,.T.);
#10213 = VERTEX_POINT('',#10214);
#10214 = CARTESIAN_POINT('',(-1.016,-24.13,2.54));
#10215 = LINE('',#10216,#10217);
#10216 = CARTESIAN_POINT('',(-1.27,-23.876,2.54));
#10217 = VECTOR('',#10218,1.);
#10218 = DIRECTION('',(0.707106781187,-0.707106781187,0.));
#10219 = ORIENTED_EDGE('',*,*,#10220,.T.);
#10220 = EDGE_CURVE('',#10213,#10221,#10223,.T.);
#10221 = VERTEX_POINT('',#10222);
#10222 = CARTESIAN_POINT('',(-1.27,-24.384,2.54));
#10223 = LINE('',#10224,#10225);
#10224 = CARTESIAN_POINT('',(-1.016,-24.13,2.54));
#10225 = VECTOR('',#10226,1.);
#10226 = DIRECTION('',(-0.707106781187,-0.707106781187,0.));
#10227 = ORIENTED_EDGE('',*,*,#10228,.T.);
#10228 = EDGE_CURVE('',#10221,#10229,#10231,.T.);
#10229 = VERTEX_POINT('',#10230);
#10230 = CARTESIAN_POINT('',(-1.27,-26.416,2.54));
#10231 = LINE('',#10232,#10233);
#10232 = CARTESIAN_POINT('',(-1.27,-24.384,2.54));
#10233 = VECTOR('',#10234,1.);
#10234 = DIRECTION('',(0.,-1.,0.));
#10235 = ORIENTED_EDGE('',*,*,#10236,.T.);
#10236 = EDGE_CURVE('',#10229,#10237,#10239,.T.);
#10237 = VERTEX_POINT('',#10238);
#10238 = CARTESIAN_POINT('',(-1.016,-26.67,2.54));
#10239 = LINE('',#10240,#10241);
#10240 = CARTESIAN_POINT('',(-1.27,-26.416,2.54));
#10241 = VECTOR('',#10242,1.);
#10242 = DIRECTION('',(0.707106781187,-0.707106781187,0.));
#10243 = ORIENTED_EDGE('',*,*,#10244,.T.);
#10244 = EDGE_CURVE('',#10237,#10245,#10247,.T.);
#10245 = VERTEX_POINT('',#10246);
#10246 = CARTESIAN_POINT('',(1.016,-26.67,2.54));
#10247 = LINE('',#10248,#10249);
#10248 = CARTESIAN_POINT('',(-1.016,-26.67,2.54));
#10249 = VECTOR('',#10250,1.);
#10250 = DIRECTION('',(1.,0.,0.));
#10251 = ORIENTED_EDGE('',*,*,#10252,.T.);
#10252 = EDGE_CURVE('',#10245,#10253,#10255,.T.);
#10253 = VERTEX_POINT('',#10254);
#10254 = CARTESIAN_POINT('',(1.27,-26.416,2.54));
#10255 = LINE('',#10256,#10257);
#10256 = CARTESIAN_POINT('',(1.016,-26.67,2.54));
#10257 = VECTOR('',#10258,1.);
#10258 = DIRECTION('',(0.707106781187,0.707106781187,0.));
#10259 = ORIENTED_EDGE('',*,*,#10260,.T.);
#10260 = EDGE_CURVE('',#10253,#10261,#10263,.T.);
#10261 = VERTEX_POINT('',#10262);
#10262 = CARTESIAN_POINT('',(1.27,-24.384,2.54));
#10263 = LINE('',#10264,#10265);
#10264 = CARTESIAN_POINT('',(1.27,-26.416,2.54));
#10265 = VECTOR('',#10266,1.);
#10266 = DIRECTION('',(0.,1.,0.));
#10267 = ORIENTED_EDGE('',*,*,#10268,.T.);
#10268 = EDGE_CURVE('',#10261,#10269,#10271,.T.);
#10269 = VERTEX_POINT('',#10270);
#10270 = CARTESIAN_POINT('',(1.016,-24.13,2.54));
#10271 = LINE('',#10272,#10273);
#10272 = CARTESIAN_POINT('',(1.27,-24.384,2.54));
#10273 = VECTOR('',#10274,1.);
#10274 = DIRECTION('',(-0.707106781187,0.707106781187,0.));
#10275 = ORIENTED_EDGE('',*,*,#10276,.T.);
#10276 = EDGE_CURVE('',#10269,#10277,#10279,.T.);
#10277 = VERTEX_POINT('',#10278);
#10278 = CARTESIAN_POINT('',(1.27,-23.876,2.54));
#10279 = LINE('',#10280,#10281);
#10280 = CARTESIAN_POINT('',(1.016,-24.13,2.54));
#10281 = VECTOR('',#10282,1.);
#10282 = DIRECTION('',(0.707106781187,0.707106781187,0.));
#10283 = ORIENTED_EDGE('',*,*,#10284,.T.);
#10284 = EDGE_CURVE('',#10277,#10285,#10287,.T.);
#10285 = VERTEX_POINT('',#10286);
#10286 = CARTESIAN_POINT('',(1.27,-21.844,2.54));
#10287 = LINE('',#10288,#10289);
#10288 = CARTESIAN_POINT('',(1.27,-23.876,2.54));
#10289 = VECTOR('',#10290,1.);
#10290 = DIRECTION('',(0.,1.,0.));
#10291 = ORIENTED_EDGE('',*,*,#10292,.T.);
#10292 = EDGE_CURVE('',#10285,#10293,#10295,.T.);
#10293 = VERTEX_POINT('',#10294);
#10294 = CARTESIAN_POINT('',(1.016,-21.59,2.54));
#10295 = LINE('',#10296,#10297);
#10296 = CARTESIAN_POINT('',(1.27,-21.844,2.54));
#10297 = VECTOR('',#10298,1.);
#10298 = DIRECTION('',(-0.707106781187,0.707106781187,0.));
#10299 = ORIENTED_EDGE('',*,*,#10300,.T.);
#10300 = EDGE_CURVE('',#10293,#10301,#10303,.T.);
#10301 = VERTEX_POINT('',#10302);
#10302 = CARTESIAN_POINT('',(1.27,-21.336,2.54));
#10303 = LINE('',#10304,#10305);
#10304 = CARTESIAN_POINT('',(1.016,-21.59,2.54));
#10305 = VECTOR('',#10306,1.);
#10306 = DIRECTION('',(0.707106781187,0.707106781187,0.));
#10307 = ORIENTED_EDGE('',*,*,#10308,.T.);
#10308 = EDGE_CURVE('',#10301,#10309,#10311,.T.);
#10309 = VERTEX_POINT('',#10310);
#10310 = CARTESIAN_POINT('',(1.27,-19.304,2.54));
#10311 = LINE('',#10312,#10313);
#10312 = CARTESIAN_POINT('',(1.27,-21.336,2.54));
#10313 = VECTOR('',#10314,1.);
#10314 = DIRECTION('',(0.,1.,0.));
#10315 = ORIENTED_EDGE('',*,*,#10316,.T.);
#10316 = EDGE_CURVE('',#10309,#10317,#10319,.T.);
#10317 = VERTEX_POINT('',#10318);
#10318 = CARTESIAN_POINT('',(1.016,-19.05,2.54));
#10319 = LINE('',#10320,#10321);
#10320 = CARTESIAN_POINT('',(1.27,-19.304,2.54));
#10321 = VECTOR('',#10322,1.);
#10322 = DIRECTION('',(-0.707106781187,0.707106781187,0.));
#10323 = ORIENTED_EDGE('',*,*,#10324,.T.);
#10324 = EDGE_CURVE('',#10317,#10325,#10327,.T.);
#10325 = VERTEX_POINT('',#10326);
#10326 = CARTESIAN_POINT('',(1.27,-18.796,2.54));
#10327 = LINE('',#10328,#10329);
#10328 = CARTESIAN_POINT('',(1.016,-19.05,2.54));
#10329 = VECTOR('',#10330,1.);
#10330 = DIRECTION('',(0.707106781187,0.707106781187,0.));
#10331 = ORIENTED_EDGE('',*,*,#10332,.T.);
#10332 = EDGE_CURVE('',#10325,#10333,#10335,.T.);
#10333 = VERTEX_POINT('',#10334);
#10334 = CARTESIAN_POINT('',(1.27,-16.764,2.54));
#10335 = LINE('',#10336,#10337);
#10336 = CARTESIAN_POINT('',(1.27,-18.796,2.54));
#10337 = VECTOR('',#10338,1.);
#10338 = DIRECTION('',(0.,1.,0.));
#10339 = ORIENTED_EDGE('',*,*,#10340,.T.);
#10340 = EDGE_CURVE('',#10333,#10341,#10343,.T.);
#10341 = VERTEX_POINT('',#10342);
#10342 = CARTESIAN_POINT('',(1.016,-16.51,2.54));
#10343 = LINE('',#10344,#10345);
#10344 = CARTESIAN_POINT('',(1.27,-16.764,2.54));
#10345 = VECTOR('',#10346,1.);
#10346 = DIRECTION('',(-0.707106781187,0.707106781187,0.));
#10347 = ORIENTED_EDGE('',*,*,#10348,.T.);
#10348 = EDGE_CURVE('',#10341,#10349,#10351,.T.);
#10349 = VERTEX_POINT('',#10350);
#10350 = CARTESIAN_POINT('',(1.27,-16.256,2.54));
#10351 = LINE('',#10352,#10353);
#10352 = CARTESIAN_POINT('',(1.016,-16.51,2.54));
#10353 = VECTOR('',#10354,1.);
#10354 = DIRECTION('',(0.707106781187,0.707106781187,0.));
#10355 = ORIENTED_EDGE('',*,*,#10356,.T.);
#10356 = EDGE_CURVE('',#10349,#10357,#10359,.T.);
#10357 = VERTEX_POINT('',#10358);
#10358 = CARTESIAN_POINT('',(1.27,-14.224,2.54));
#10359 = LINE('',#10360,#10361);
#10360 = CARTESIAN_POINT('',(1.27,-16.256,2.54));
#10361 = VECTOR('',#10362,1.);
#10362 = DIRECTION('',(0.,1.,0.));
#10363 = ORIENTED_EDGE('',*,*,#10364,.T.);
#10364 = EDGE_CURVE('',#10357,#10365,#10367,.T.);
#10365 = VERTEX_POINT('',#10366);
#10366 = CARTESIAN_POINT('',(1.016,-13.97,2.54));
#10367 = LINE('',#10368,#10369);
#10368 = CARTESIAN_POINT('',(1.27,-14.224,2.54));
#10369 = VECTOR('',#10370,1.);
#10370 = DIRECTION('',(-0.707106781187,0.707106781187,0.));
#10371 = ORIENTED_EDGE('',*,*,#10372,.T.);
#10372 = EDGE_CURVE('',#10365,#10373,#10375,.T.);
#10373 = VERTEX_POINT('',#10374);
#10374 = CARTESIAN_POINT('',(1.27,-13.716,2.54));
#10375 = LINE('',#10376,#10377);
#10376 = CARTESIAN_POINT('',(1.016,-13.97,2.54));
#10377 = VECTOR('',#10378,1.);
#10378 = DIRECTION('',(0.707106781187,0.707106781187,0.));
#10379 = ORIENTED_EDGE('',*,*,#10380,.T.);
#10380 = EDGE_CURVE('',#10373,#10381,#10383,.T.);
#10381 = VERTEX_POINT('',#10382);
#10382 = CARTESIAN_POINT('',(1.27,-11.684,2.54));
#10383 = LINE('',#10384,#10385);
#10384 = CARTESIAN_POINT('',(1.27,-13.716,2.54));
#10385 = VECTOR('',#10386,1.);
#10386 = DIRECTION('',(0.,1.,0.));
#10387 = ORIENTED_EDGE('',*,*,#10388,.T.);
#10388 = EDGE_CURVE('',#10381,#10389,#10391,.T.);
#10389 = VERTEX_POINT('',#10390);
#10390 = CARTESIAN_POINT('',(1.016,-11.43,2.54));
#10391 = LINE('',#10392,#10393);
#10392 = CARTESIAN_POINT('',(1.27,-11.684,2.54));
#10393 = VECTOR('',#10394,1.);
#10394 = DIRECTION('',(-0.707106781187,0.707106781187,0.));
#10395 = ORIENTED_EDGE('',*,*,#10396,.T.);
#10396 = EDGE_CURVE('',#10389,#10397,#10399,.T.);
#10397 = VERTEX_POINT('',#10398);
#10398 = CARTESIAN_POINT('',(1.27,-11.176,2.54));
#10399 = LINE('',#10400,#10401);
#10400 = CARTESIAN_POINT('',(1.016,-11.43,2.54));
#10401 = VECTOR('',#10402,1.);
#10402 = DIRECTION('',(0.707106781187,0.707106781187,0.));
#10403 = ORIENTED_EDGE('',*,*,#10404,.T.);
#10404 = EDGE_CURVE('',#10397,#10405,#10407,.T.);
#10405 = VERTEX_POINT('',#10406);
#10406 = CARTESIAN_POINT('',(1.27,-9.144,2.54));
#10407 = LINE('',#10408,#10409);
#10408 = CARTESIAN_POINT('',(1.27,-11.176,2.54));
#10409 = VECTOR('',#10410,1.);
#10410 = DIRECTION('',(0.,1.,0.));
#10411 = ORIENTED_EDGE('',*,*,#10412,.T.);
#10412 = EDGE_CURVE('',#10405,#10413,#10415,.T.);
#10413 = VERTEX_POINT('',#10414);
#10414 = CARTESIAN_POINT('',(1.016,-8.89,2.54));
#10415 = LINE('',#10416,#10417);
#10416 = CARTESIAN_POINT('',(1.27,-9.144,2.54));
#10417 = VECTOR('',#10418,1.);
#10418 = DIRECTION('',(-0.707106781187,0.707106781187,0.));
#10419 = ORIENTED_EDGE('',*,*,#10420,.T.);
#10420 = EDGE_CURVE('',#10413,#10421,#10423,.T.);
#10421 = VERTEX_POINT('',#10422);
#10422 = CARTESIAN_POINT('',(1.27,-8.636,2.54));
#10423 = LINE('',#10424,#10425);
#10424 = CARTESIAN_POINT('',(1.016,-8.89,2.54));
#10425 = VECTOR('',#10426,1.);
#10426 = DIRECTION('',(0.707106781187,0.707106781187,0.));
#10427 = ORIENTED_EDGE('',*,*,#10428,.T.);
#10428 = EDGE_CURVE('',#10421,#10429,#10431,.T.);
#10429 = VERTEX_POINT('',#10430);
#10430 = CARTESIAN_POINT('',(1.27,-6.604,2.54));
#10431 = LINE('',#10432,#10433);
#10432 = CARTESIAN_POINT('',(1.27,-8.636,2.54));
#10433 = VECTOR('',#10434,1.);
#10434 = DIRECTION('',(0.,1.,0.));
#10435 = ORIENTED_EDGE('',*,*,#10436,.T.);
#10436 = EDGE_CURVE('',#10429,#10437,#10439,.T.);
#10437 = VERTEX_POINT('',#10438);
#10438 = CARTESIAN_POINT('',(1.016,-6.35,2.54));
#10439 = LINE('',#10440,#10441);
#10440 = CARTESIAN_POINT('',(1.27,-6.604,2.54));
#10441 = VECTOR('',#10442,1.);
#10442 = DIRECTION('',(-0.707106781187,0.707106781187,0.));
#10443 = ORIENTED_EDGE('',*,*,#10444,.T.);
#10444 = EDGE_CURVE('',#10437,#10445,#10447,.T.);
#10445 = VERTEX_POINT('',#10446);
#10446 = CARTESIAN_POINT('',(1.27,-6.096,2.54));
#10447 = LINE('',#10448,#10449);
#10448 = CARTESIAN_POINT('',(1.016,-6.35,2.54));
#10449 = VECTOR('',#10450,1.);
#10450 = DIRECTION('',(0.707106781187,0.707106781187,0.));
#10451 = ORIENTED_EDGE('',*,*,#10452,.T.);
#10452 = EDGE_CURVE('',#10445,#10453,#10455,.T.);
#10453 = VERTEX_POINT('',#10454);
#10454 = CARTESIAN_POINT('',(1.27,-4.064,2.54));
#10455 = LINE('',#10456,#10457);
#10456 = CARTESIAN_POINT('',(1.27,-6.096,2.54));
#10457 = VECTOR('',#10458,1.);
#10458 = DIRECTION('',(0.,1.,0.));
#10459 = ORIENTED_EDGE('',*,*,#10460,.T.);
#10460 = EDGE_CURVE('',#10453,#10461,#10463,.T.);
#10461 = VERTEX_POINT('',#10462);
#10462 = CARTESIAN_POINT('',(1.016,-3.81,2.54));
#10463 = LINE('',#10464,#10465);
#10464 = CARTESIAN_POINT('',(1.27,-4.064,2.54));
#10465 = VECTOR('',#10466,1.);
#10466 = DIRECTION('',(-0.707106781187,0.707106781187,0.));
#10467 = ORIENTED_EDGE('',*,*,#10468,.T.);
#10468 = EDGE_CURVE('',#10461,#10469,#10471,.T.);
#10469 = VERTEX_POINT('',#10470);
#10470 = CARTESIAN_POINT('',(1.27,-3.556,2.54));
#10471 = LINE('',#10472,#10473);
#10472 = CARTESIAN_POINT('',(1.016,-3.81,2.54));
#10473 = VECTOR('',#10474,1.);
#10474 = DIRECTION('',(0.707106781187,0.707106781187,0.));
#10475 = ORIENTED_EDGE('',*,*,#10476,.T.);
#10476 = EDGE_CURVE('',#10469,#10477,#10479,.T.);
#10477 = VERTEX_POINT('',#10478);
#10478 = CARTESIAN_POINT('',(1.27,-1.524,2.54));
#10479 = LINE('',#10480,#10481);
#10480 = CARTESIAN_POINT('',(1.27,-3.556,2.54));
#10481 = VECTOR('',#10482,1.);
#10482 = DIRECTION('',(0.,1.,0.));
#10483 = ORIENTED_EDGE('',*,*,#10484,.T.);
#10484 = EDGE_CURVE('',#10477,#10485,#10487,.T.);
#10485 = VERTEX_POINT('',#10486);
#10486 = CARTESIAN_POINT('',(1.016,-1.27,2.54));
#10487 = LINE('',#10488,#10489);
#10488 = CARTESIAN_POINT('',(1.27,-1.524,2.54));
#10489 = VECTOR('',#10490,1.);
#10490 = DIRECTION('',(-0.707106781187,0.707106781187,0.));
#10491 = ORIENTED_EDGE('',*,*,#10492,.T.);
#10492 = EDGE_CURVE('',#10485,#10493,#10495,.T.);
#10493 = VERTEX_POINT('',#10494);
#10494 = CARTESIAN_POINT('',(1.27,-1.016,2.54));
#10495 = LINE('',#10496,#10497);
#10496 = CARTESIAN_POINT('',(1.016,-1.27,2.54));
#10497 = VECTOR('',#10498,1.);
#10498 = DIRECTION('',(0.707106781187,0.707106781187,0.));
#10499 = ORIENTED_EDGE('',*,*,#10500,.T.);
#10500 = EDGE_CURVE('',#10493,#10501,#10503,.T.);
#10501 = VERTEX_POINT('',#10502);
#10502 = CARTESIAN_POINT('',(1.27,1.016,2.54));
#10503 = LINE('',#10504,#10505);
#10504 = CARTESIAN_POINT('',(1.27,-1.016,2.54));
#10505 = VECTOR('',#10506,1.);
#10506 = DIRECTION('',(0.,1.,0.));
#10507 = ORIENTED_EDGE('',*,*,#10508,.T.);
#10508 = EDGE_CURVE('',#10501,#9032,#10509,.T.);
#10509 = LINE('',#10510,#10511);
#10510 = CARTESIAN_POINT('',(1.27,1.016,2.54));
#10511 = VECTOR('',#10512,1.);
#10512 = DIRECTION('',(-0.707106781187,0.707106781187,0.));
#10513 = ORIENTED_EDGE('',*,*,#9039,.T.);
#10514 = FACE_BOUND('',#10515,.T.);
#10515 = EDGE_LOOP('',(#10516,#10526,#10534,#10542));
#10516 = ORIENTED_EDGE('',*,*,#10517,.F.);
#10517 = EDGE_CURVE('',#10518,#10520,#10522,.T.);
#10518 = VERTEX_POINT('',#10519);
#10519 = CARTESIAN_POINT('',(0.32,-18.1,2.54));
#10520 = VERTEX_POINT('',#10521);
#10521 = CARTESIAN_POINT('',(0.32,-17.46,2.54));
#10522 = LINE('',#10523,#10524);
#10523 = CARTESIAN_POINT('',(0.32,-15.4,2.54));
#10524 = VECTOR('',#10525,1.);
#10525 = DIRECTION('',(0.,1.,0.));
#10526 = ORIENTED_EDGE('',*,*,#10527,.T.);
#10527 = EDGE_CURVE('',#10518,#10528,#10530,.T.);
#10528 = VERTEX_POINT('',#10529);
#10529 = CARTESIAN_POINT('',(-0.32,-18.1,2.54));
#10530 = LINE('',#10531,#10532);
#10531 = CARTESIAN_POINT('',(-0.16,-18.1,2.54));
#10532 = VECTOR('',#10533,1.);
#10533 = DIRECTION('',(-1.,0.,0.));
#10534 = ORIENTED_EDGE('',*,*,#10535,.T.);
#10535 = EDGE_CURVE('',#10528,#10536,#10538,.T.);
#10536 = VERTEX_POINT('',#10537);
#10537 = CARTESIAN_POINT('',(-0.32,-17.46,2.54));
#10538 = LINE('',#10539,#10540);
#10539 = CARTESIAN_POINT('',(-0.32,-15.4,2.54));
#10540 = VECTOR('',#10541,1.);
#10541 = DIRECTION('',(0.,1.,0.));
#10542 = ORIENTED_EDGE('',*,*,#10543,.F.);
#10543 = EDGE_CURVE('',#10520,#10536,#10544,.T.);
#10544 = LINE('',#10545,#10546);
#10545 = CARTESIAN_POINT('',(-0.16,-17.46,2.54));
#10546 = VECTOR('',#10547,1.);
#10547 = DIRECTION('',(-1.,0.,0.));
#10548 = FACE_BOUND('',#10549,.T.);
#10549 = EDGE_LOOP('',(#10550,#10560,#10568,#10576));
#10550 = ORIENTED_EDGE('',*,*,#10551,.F.);
#10551 = EDGE_CURVE('',#10552,#10554,#10556,.T.);
#10552 = VERTEX_POINT('',#10553);
#10553 = CARTESIAN_POINT('',(0.32,-15.56,2.54));
#10554 = VERTEX_POINT('',#10555);
#10555 = CARTESIAN_POINT('',(0.32,-14.92,2.54));
#10556 = LINE('',#10557,#10558);
#10557 = CARTESIAN_POINT('',(0.32,-14.13,2.54));
#10558 = VECTOR('',#10559,1.);
#10559 = DIRECTION('',(0.,1.,0.));
#10560 = ORIENTED_EDGE('',*,*,#10561,.T.);
#10561 = EDGE_CURVE('',#10552,#10562,#10564,.T.);
#10562 = VERTEX_POINT('',#10563);
#10563 = CARTESIAN_POINT('',(-0.32,-15.56,2.54));
#10564 = LINE('',#10565,#10566);
#10565 = CARTESIAN_POINT('',(-0.16,-15.56,2.54));
#10566 = VECTOR('',#10567,1.);
#10567 = DIRECTION('',(-1.,0.,0.));
#10568 = ORIENTED_EDGE('',*,*,#10569,.T.);
#10569 = EDGE_CURVE('',#10562,#10570,#10572,.T.);
#10570 = VERTEX_POINT('',#10571);
#10571 = CARTESIAN_POINT('',(-0.32,-14.92,2.54));
#10572 = LINE('',#10573,#10574);
#10573 = CARTESIAN_POINT('',(-0.32,-14.13,2.54));
#10574 = VECTOR('',#10575,1.);
#10575 = DIRECTION('',(0.,1.,0.));
#10576 = ORIENTED_EDGE('',*,*,#10577,.F.);
#10577 = EDGE_CURVE('',#10554,#10570,#10578,.T.);
#10578 = LINE('',#10579,#10580);
#10579 = CARTESIAN_POINT('',(-0.16,-14.92,2.54));
#10580 = VECTOR('',#10581,1.);
#10581 = DIRECTION('',(-1.,0.,0.));
#10582 = FACE_BOUND('',#10583,.T.);
#10583 = EDGE_LOOP('',(#10584,#10594,#10602,#10610));
#10584 = ORIENTED_EDGE('',*,*,#10585,.F.);
#10585 = EDGE_CURVE('',#10586,#10588,#10590,.T.);
#10586 = VERTEX_POINT('',#10587);
#10587 = CARTESIAN_POINT('',(0.32,-13.02,2.54));
#10588 = VERTEX_POINT('',#10589);
#10589 = CARTESIAN_POINT('',(0.32,-12.38,2.54));
#10590 = LINE('',#10591,#10592);
#10591 = CARTESIAN_POINT('',(0.32,-12.86,2.54));
#10592 = VECTOR('',#10593,1.);
#10593 = DIRECTION('',(0.,1.,0.));
#10594 = ORIENTED_EDGE('',*,*,#10595,.T.);
#10595 = EDGE_CURVE('',#10586,#10596,#10598,.T.);
#10596 = VERTEX_POINT('',#10597);
#10597 = CARTESIAN_POINT('',(-0.32,-13.02,2.54));
#10598 = LINE('',#10599,#10600);
#10599 = CARTESIAN_POINT('',(-0.16,-13.02,2.54));
#10600 = VECTOR('',#10601,1.);
#10601 = DIRECTION('',(-1.,0.,0.));
#10602 = ORIENTED_EDGE('',*,*,#10603,.T.);
#10603 = EDGE_CURVE('',#10596,#10604,#10606,.T.);
#10604 = VERTEX_POINT('',#10605);
#10605 = CARTESIAN_POINT('',(-0.32,-12.38,2.54));
#10606 = LINE('',#10607,#10608);
#10607 = CARTESIAN_POINT('',(-0.32,-12.86,2.54));
#10608 = VECTOR('',#10609,1.);
#10609 = DIRECTION('',(0.,1.,0.));
#10610 = ORIENTED_EDGE('',*,*,#10611,.F.);
#10611 = EDGE_CURVE('',#10588,#10604,#10612,.T.);
#10612 = LINE('',#10613,#10614);
#10613 = CARTESIAN_POINT('',(-0.16,-12.38,2.54));
#10614 = VECTOR('',#10615,1.);
#10615 = DIRECTION('',(-1.,0.,0.));
#10616 = FACE_BOUND('',#10617,.T.);
#10617 = EDGE_LOOP('',(#10618,#10628,#10636,#10644));
#10618 = ORIENTED_EDGE('',*,*,#10619,.F.);
#10619 = EDGE_CURVE('',#10620,#10622,#10624,.T.);
#10620 = VERTEX_POINT('',#10621);
#10621 = CARTESIAN_POINT('',(0.32,-2.86,2.54));
#10622 = VERTEX_POINT('',#10623);
#10623 = CARTESIAN_POINT('',(0.32,-2.22,2.54));
#10624 = LINE('',#10625,#10626);
#10625 = CARTESIAN_POINT('',(0.32,-7.78,2.54));
#10626 = VECTOR('',#10627,1.);
#10627 = DIRECTION('',(0.,1.,0.));
#10628 = ORIENTED_EDGE('',*,*,#10629,.T.);
#10629 = EDGE_CURVE('',#10620,#10630,#10632,.T.);
#10630 = VERTEX_POINT('',#10631);
#10631 = CARTESIAN_POINT('',(-0.32,-2.86,2.54));
#10632 = LINE('',#10633,#10634);
#10633 = CARTESIAN_POINT('',(-0.16,-2.86,2.54));
#10634 = VECTOR('',#10635,1.);
#10635 = DIRECTION('',(-1.,0.,0.));
#10636 = ORIENTED_EDGE('',*,*,#10637,.T.);
#10637 = EDGE_CURVE('',#10630,#10638,#10640,.T.);
#10638 = VERTEX_POINT('',#10639);
#10639 = CARTESIAN_POINT('',(-0.32,-2.22,2.54));
#10640 = LINE('',#10641,#10642);
#10641 = CARTESIAN_POINT('',(-0.32,-7.78,2.54));
#10642 = VECTOR('',#10643,1.);
#10643 = DIRECTION('',(0.,1.,0.));
#10644 = ORIENTED_EDGE('',*,*,#10645,.F.);
#10645 = EDGE_CURVE('',#10622,#10638,#10646,.T.);
#10646 = LINE('',#10647,#10648);
#10647 = CARTESIAN_POINT('',(-0.16,-2.22,2.54));
#10648 = VECTOR('',#10649,1.);
#10649 = DIRECTION('',(-1.,0.,0.));
#10650 = FACE_BOUND('',#10651,.T.);
#10651 = EDGE_LOOP('',(#10652,#10662,#10670,#10678));
#10652 = ORIENTED_EDGE('',*,*,#10653,.F.);
#10653 = EDGE_CURVE('',#10654,#10656,#10658,.T.);
#10654 = VERTEX_POINT('',#10655);
#10655 = CARTESIAN_POINT('',(0.32,-5.4,2.54));
#10656 = VERTEX_POINT('',#10657);
#10657 = CARTESIAN_POINT('',(0.32,-4.76,2.54));
#10658 = LINE('',#10659,#10660);
#10659 = CARTESIAN_POINT('',(0.32,-9.05,2.54));
#10660 = VECTOR('',#10661,1.);
#10661 = DIRECTION('',(0.,1.,0.));
#10662 = ORIENTED_EDGE('',*,*,#10663,.T.);
#10663 = EDGE_CURVE('',#10654,#10664,#10666,.T.);
#10664 = VERTEX_POINT('',#10665);
#10665 = CARTESIAN_POINT('',(-0.32,-5.4,2.54));
#10666 = LINE('',#10667,#10668);
#10667 = CARTESIAN_POINT('',(-0.16,-5.4,2.54));
#10668 = VECTOR('',#10669,1.);
#10669 = DIRECTION('',(-1.,0.,0.));
#10670 = ORIENTED_EDGE('',*,*,#10671,.T.);
#10671 = EDGE_CURVE('',#10664,#10672,#10674,.T.);
#10672 = VERTEX_POINT('',#10673);
#10673 = CARTESIAN_POINT('',(-0.32,-4.76,2.54));
#10674 = LINE('',#10675,#10676);
#10675 = CARTESIAN_POINT('',(-0.32,-9.05,2.54));
#10676 = VECTOR('',#10677,1.);
#10677 = DIRECTION('',(0.,1.,0.));
#10678 = ORIENTED_EDGE('',*,*,#10679,.F.);
#10679 = EDGE_CURVE('',#10656,#10672,#10680,.T.);
#10680 = LINE('',#10681,#10682);
#10681 = CARTESIAN_POINT('',(-0.16,-4.76,2.54));
#10682 = VECTOR('',#10683,1.);
#10683 = DIRECTION('',(-1.,0.,0.));
#10684 = FACE_BOUND('',#10685,.T.);
#10685 = EDGE_LOOP('',(#10686,#10696,#10704,#10712));
#10686 = ORIENTED_EDGE('',*,*,#10687,.T.);
#10687 = EDGE_CURVE('',#10688,#10690,#10692,.T.);
#10688 = VERTEX_POINT('',#10689);
#10689 = CARTESIAN_POINT('',(0.32,-10.48,2.54));
#10690 = VERTEX_POINT('',#10691);
#10691 = CARTESIAN_POINT('',(-0.32,-10.48,2.54));
#10692 = LINE('',#10693,#10694);
#10693 = CARTESIAN_POINT('',(-0.16,-10.48,2.54));
#10694 = VECTOR('',#10695,1.);
#10695 = DIRECTION('',(-1.,0.,0.));
#10696 = ORIENTED_EDGE('',*,*,#10697,.T.);
#10697 = EDGE_CURVE('',#10690,#10698,#10700,.T.);
#10698 = VERTEX_POINT('',#10699);
#10699 = CARTESIAN_POINT('',(-0.32,-9.84,2.54));
#10700 = LINE('',#10701,#10702);
#10701 = CARTESIAN_POINT('',(-0.32,-11.59,2.54));
#10702 = VECTOR('',#10703,1.);
#10703 = DIRECTION('',(0.,1.,0.));
#10704 = ORIENTED_EDGE('',*,*,#10705,.F.);
#10705 = EDGE_CURVE('',#10706,#10698,#10708,.T.);
#10706 = VERTEX_POINT('',#10707);
#10707 = CARTESIAN_POINT('',(0.32,-9.84,2.54));
#10708 = LINE('',#10709,#10710);
#10709 = CARTESIAN_POINT('',(-0.16,-9.84,2.54));
#10710 = VECTOR('',#10711,1.);
#10711 = DIRECTION('',(-1.,0.,0.));
#10712 = ORIENTED_EDGE('',*,*,#10713,.F.);
#10713 = EDGE_CURVE('',#10688,#10706,#10714,.T.);
#10714 = LINE('',#10715,#10716);
#10715 = CARTESIAN_POINT('',(0.32,-11.59,2.54));
#10716 = VECTOR('',#10717,1.);
#10717 = DIRECTION('',(0.,1.,0.));
#10718 = FACE_BOUND('',#10719,.T.);
#10719 = EDGE_LOOP('',(#10720,#10730,#10738,#10746));
#10720 = ORIENTED_EDGE('',*,*,#10721,.T.);
#10721 = EDGE_CURVE('',#10722,#10724,#10726,.T.);
#10722 = VERTEX_POINT('',#10723);
#10723 = CARTESIAN_POINT('',(0.32,-7.94,2.54));
#10724 = VERTEX_POINT('',#10725);
#10725 = CARTESIAN_POINT('',(-0.32,-7.94,2.54));
#10726 = LINE('',#10727,#10728);
#10727 = CARTESIAN_POINT('',(-0.16,-7.94,2.54));
#10728 = VECTOR('',#10729,1.);
#10729 = DIRECTION('',(-1.,0.,0.));
#10730 = ORIENTED_EDGE('',*,*,#10731,.T.);
#10731 = EDGE_CURVE('',#10724,#10732,#10734,.T.);
#10732 = VERTEX_POINT('',#10733);
#10733 = CARTESIAN_POINT('',(-0.32,-7.3,2.54));
#10734 = LINE('',#10735,#10736);
#10735 = CARTESIAN_POINT('',(-0.32,-10.32,2.54));
#10736 = VECTOR('',#10737,1.);
#10737 = DIRECTION('',(0.,1.,0.));
#10738 = ORIENTED_EDGE('',*,*,#10739,.F.);
#10739 = EDGE_CURVE('',#10740,#10732,#10742,.T.);
#10740 = VERTEX_POINT('',#10741);
#10741 = CARTESIAN_POINT('',(0.32,-7.3,2.54));
#10742 = LINE('',#10743,#10744);
#10743 = CARTESIAN_POINT('',(-0.16,-7.3,2.54));
#10744 = VECTOR('',#10745,1.);
#10745 = DIRECTION('',(-1.,0.,0.));
#10746 = ORIENTED_EDGE('',*,*,#10747,.F.);
#10747 = EDGE_CURVE('',#10722,#10740,#10748,.T.);
#10748 = LINE('',#10749,#10750);
#10749 = CARTESIAN_POINT('',(0.32,-10.32,2.54));
#10750 = VECTOR('',#10751,1.);
#10751 = DIRECTION('',(0.,1.,0.));
#10752 = FACE_BOUND('',#10753,.T.);
#10753 = EDGE_LOOP('',(#10754,#10764,#10772,#10780));
#10754 = ORIENTED_EDGE('',*,*,#10755,.T.);
#10755 = EDGE_CURVE('',#10756,#10758,#10760,.T.);
#10756 = VERTEX_POINT('',#10757);
#10757 = CARTESIAN_POINT('',(0.32,-20.64,2.54));
#10758 = VERTEX_POINT('',#10759);
#10759 = CARTESIAN_POINT('',(-0.32,-20.64,2.54));
#10760 = LINE('',#10761,#10762);
#10761 = CARTESIAN_POINT('',(-0.16,-20.64,2.54));
#10762 = VECTOR('',#10763,1.);
#10763 = DIRECTION('',(-1.,0.,0.));
#10764 = ORIENTED_EDGE('',*,*,#10765,.T.);
#10765 = EDGE_CURVE('',#10758,#10766,#10768,.T.);
#10766 = VERTEX_POINT('',#10767);
#10767 = CARTESIAN_POINT('',(-0.32,-20.,2.54));
#10768 = LINE('',#10769,#10770);
#10769 = CARTESIAN_POINT('',(-0.32,-16.67,2.54));
#10770 = VECTOR('',#10771,1.);
#10771 = DIRECTION('',(0.,1.,0.));
#10772 = ORIENTED_EDGE('',*,*,#10773,.F.);
#10773 = EDGE_CURVE('',#10774,#10766,#10776,.T.);
#10774 = VERTEX_POINT('',#10775);
#10775 = CARTESIAN_POINT('',(0.32,-20.,2.54));
#10776 = LINE('',#10777,#10778);
#10777 = CARTESIAN_POINT('',(-0.16,-20.,2.54));
#10778 = VECTOR('',#10779,1.);
#10779 = DIRECTION('',(-1.,0.,0.));
#10780 = ORIENTED_EDGE('',*,*,#10781,.F.);
#10781 = EDGE_CURVE('',#10756,#10774,#10782,.T.);
#10782 = LINE('',#10783,#10784);
#10783 = CARTESIAN_POINT('',(0.32,-16.67,2.54));
#10784 = VECTOR('',#10785,1.);
#10785 = DIRECTION('',(0.,1.,0.));
#10786 = FACE_BOUND('',#10787,.T.);
#10787 = EDGE_LOOP('',(#10788,#10798,#10806,#10814));
#10788 = ORIENTED_EDGE('',*,*,#10789,.T.);
#10789 = EDGE_CURVE('',#10790,#10792,#10794,.T.);
#10790 = VERTEX_POINT('',#10791);
#10791 = CARTESIAN_POINT('',(0.32,-23.18,2.54));
#10792 = VERTEX_POINT('',#10793);
#10793 = CARTESIAN_POINT('',(-0.32,-23.18,2.54));
#10794 = LINE('',#10795,#10796);
#10795 = CARTESIAN_POINT('',(-0.16,-23.18,2.54));
#10796 = VECTOR('',#10797,1.);
#10797 = DIRECTION('',(-1.,0.,0.));
#10798 = ORIENTED_EDGE('',*,*,#10799,.T.);
#10799 = EDGE_CURVE('',#10792,#10800,#10802,.T.);
#10800 = VERTEX_POINT('',#10801);
#10801 = CARTESIAN_POINT('',(-0.32,-22.54,2.54));
#10802 = LINE('',#10803,#10804);
#10803 = CARTESIAN_POINT('',(-0.32,-17.94,2.54));
#10804 = VECTOR('',#10805,1.);
#10805 = DIRECTION('',(0.,1.,0.));
#10806 = ORIENTED_EDGE('',*,*,#10807,.F.);
#10807 = EDGE_CURVE('',#10808,#10800,#10810,.T.);
#10808 = VERTEX_POINT('',#10809);
#10809 = CARTESIAN_POINT('',(0.32,-22.54,2.54));
#10810 = LINE('',#10811,#10812);
#10811 = CARTESIAN_POINT('',(-0.16,-22.54,2.54));
#10812 = VECTOR('',#10813,1.);
#10813 = DIRECTION('',(-1.,0.,0.));
#10814 = ORIENTED_EDGE('',*,*,#10815,.F.);
#10815 = EDGE_CURVE('',#10790,#10808,#10816,.T.);
#10816 = LINE('',#10817,#10818);
#10817 = CARTESIAN_POINT('',(0.32,-17.94,2.54));
#10818 = VECTOR('',#10819,1.);
#10819 = DIRECTION('',(0.,1.,0.));
#10820 = FACE_BOUND('',#10821,.T.);
#10821 = EDGE_LOOP('',(#10822,#10832,#10840,#10848));
#10822 = ORIENTED_EDGE('',*,*,#10823,.T.);
#10823 = EDGE_CURVE('',#10824,#10826,#10828,.T.);
#10824 = VERTEX_POINT('',#10825);
#10825 = CARTESIAN_POINT('',(0.32,-0.32,2.54));
#10826 = VERTEX_POINT('',#10827);
#10827 = CARTESIAN_POINT('',(-0.32,-0.32,2.54));
#10828 = LINE('',#10829,#10830);
#10829 = CARTESIAN_POINT('',(-0.16,-0.32,2.54));
#10830 = VECTOR('',#10831,1.);
#10831 = DIRECTION('',(-1.,0.,0.));
#10832 = ORIENTED_EDGE('',*,*,#10833,.T.);
#10833 = EDGE_CURVE('',#10826,#10834,#10836,.T.);
#10834 = VERTEX_POINT('',#10835);
#10835 = CARTESIAN_POINT('',(-0.32,0.32,2.54));
#10836 = LINE('',#10837,#10838);
#10837 = CARTESIAN_POINT('',(-0.32,-6.51,2.54));
#10838 = VECTOR('',#10839,1.);
#10839 = DIRECTION('',(0.,1.,0.));
#10840 = ORIENTED_EDGE('',*,*,#10841,.F.);
#10841 = EDGE_CURVE('',#10842,#10834,#10844,.T.);
#10842 = VERTEX_POINT('',#10843);
#10843 = CARTESIAN_POINT('',(0.32,0.32,2.54));
#10844 = LINE('',#10845,#10846);
#10845 = CARTESIAN_POINT('',(-0.16,0.32,2.54));
#10846 = VECTOR('',#10847,1.);
#10847 = DIRECTION('',(-1.,0.,0.));
#10848 = ORIENTED_EDGE('',*,*,#10849,.F.);
#10849 = EDGE_CURVE('',#10824,#10842,#10850,.T.);
#10850 = LINE('',#10851,#10852);
#10851 = CARTESIAN_POINT('',(0.32,-6.51,2.54));
#10852 = VECTOR('',#10853,1.);
#10853 = DIRECTION('',(0.,1.,0.));
#10854 = FACE_BOUND('',#10855,.T.);
#10855 = EDGE_LOOP('',(#10856,#10866,#10874,#10882));
#10856 = ORIENTED_EDGE('',*,*,#10857,.F.);
#10857 = EDGE_CURVE('',#10858,#10860,#10862,.T.);
#10858 = VERTEX_POINT('',#10859);
#10859 = CARTESIAN_POINT('',(0.32,-25.72,2.54));
#10860 = VERTEX_POINT('',#10861);
#10861 = CARTESIAN_POINT('',(0.32,-25.08,2.54));
#10862 = LINE('',#10863,#10864);
#10863 = CARTESIAN_POINT('',(0.32,-19.21,2.54));
#10864 = VECTOR('',#10865,1.);
#10865 = DIRECTION('',(0.,1.,0.));
#10866 = ORIENTED_EDGE('',*,*,#10867,.T.);
#10867 = EDGE_CURVE('',#10858,#10868,#10870,.T.);
#10868 = VERTEX_POINT('',#10869);
#10869 = CARTESIAN_POINT('',(-0.32,-25.72,2.54));
#10870 = LINE('',#10871,#10872);
#10871 = CARTESIAN_POINT('',(-0.16,-25.72,2.54));
#10872 = VECTOR('',#10873,1.);
#10873 = DIRECTION('',(-1.,0.,0.));
#10874 = ORIENTED_EDGE('',*,*,#10875,.T.);
#10875 = EDGE_CURVE('',#10868,#10876,#10878,.T.);
#10876 = VERTEX_POINT('',#10877);
#10877 = CARTESIAN_POINT('',(-0.32,-25.08,2.54));
#10878 = LINE('',#10879,#10880);
#10879 = CARTESIAN_POINT('',(-0.32,-19.21,2.54));
#10880 = VECTOR('',#10881,1.);
#10881 = DIRECTION('',(0.,1.,0.));
#10882 = ORIENTED_EDGE('',*,*,#10883,.F.);
#10883 = EDGE_CURVE('',#10860,#10876,#10884,.T.);
#10884 = LINE('',#10885,#10886);
#10885 = CARTESIAN_POINT('',(-0.16,-25.08,2.54));
#10886 = VECTOR('',#10887,1.);
#10887 = DIRECTION('',(-1.,0.,0.));
#10888 = PLANE('',#10889);
#10889 = AXIS2_PLACEMENT_3D('',#10890,#10891,#10892);
#10890 = CARTESIAN_POINT('',(-1.031594052955E-17,-12.7,2.54));
#10891 = DIRECTION('',(0.,0.,1.));
#10892 = DIRECTION('',(1.,0.,-0.));
#10893 = ADVANCED_FACE('',(#10894),#10905,.F.);
#10894 = FACE_BOUND('',#10895,.F.);
#10895 = EDGE_LOOP('',(#10896,#10902,#10903,#10904));
#10896 = ORIENTED_EDGE('',*,*,#10897,.T.);
#10897 = EDGE_CURVE('',#9598,#10501,#10898,.T.);
#10898 = LINE('',#10899,#10900);
#10899 = CARTESIAN_POINT('',(1.27,1.016,0.));
#10900 = VECTOR('',#10901,1.);
#10901 = DIRECTION('',(0.,0.,1.));
#10902 = ORIENTED_EDGE('',*,*,#10508,.T.);
#10903 = ORIENTED_EDGE('',*,*,#9029,.F.);
#10904 = ORIENTED_EDGE('',*,*,#9605,.F.);
#10905 = PLANE('',#10906);
#10906 = AXIS2_PLACEMENT_3D('',#10907,#10908,#10909);
#10907 = CARTESIAN_POINT('',(1.27,1.016,0.));
#10908 = DIRECTION('',(-0.707106781187,-0.707106781187,0.));
#10909 = DIRECTION('',(-0.707106781187,0.707106781187,0.));
#10910 = ADVANCED_FACE('',(#10911),#10922,.F.);
#10911 = FACE_BOUND('',#10912,.F.);
#10912 = EDGE_LOOP('',(#10913,#10914,#10915,#10921));
#10913 = ORIENTED_EDGE('',*,*,#9069,.T.);
#10914 = ORIENTED_EDGE('',*,*,#9996,.T.);
#10915 = ORIENTED_EDGE('',*,*,#10916,.F.);
#10916 = EDGE_CURVE('',#9094,#9997,#10917,.T.);
#10917 = LINE('',#10918,#10919);
#10918 = CARTESIAN_POINT('',(-1.016,-1.27,0.));
#10919 = VECTOR('',#10920,1.);
#10920 = DIRECTION('',(0.,0.,1.));
#10921 = ORIENTED_EDGE('',*,*,#9093,.F.);
#10922 = PLANE('',#10923);
#10923 = AXIS2_PLACEMENT_3D('',#10924,#10925,#10926);
#10924 = CARTESIAN_POINT('',(-1.27,-1.016,0.));
#10925 = DIRECTION('',(0.707106781187,0.707106781187,0.));
#10926 = DIRECTION('',(0.707106781187,-0.707106781187,0.));
#10927 = ADVANCED_FACE('',(#10928),#10939,.F.);
#10928 = FACE_BOUND('',#10929,.F.);
#10929 = EDGE_LOOP('',(#10930,#10936,#10937,#10938));
#10930 = ORIENTED_EDGE('',*,*,#10931,.T.);
#10931 = EDGE_CURVE('',#9590,#10493,#10932,.T.);
#10932 = LINE('',#10933,#10934);
#10933 = CARTESIAN_POINT('',(1.27,-1.016,0.));
#10934 = VECTOR('',#10935,1.);
#10935 = DIRECTION('',(0.,0.,1.));
#10936 = ORIENTED_EDGE('',*,*,#10500,.T.);
#10937 = ORIENTED_EDGE('',*,*,#10897,.F.);
#10938 = ORIENTED_EDGE('',*,*,#9597,.F.);
#10939 = PLANE('',#10940);
#10940 = AXIS2_PLACEMENT_3D('',#10941,#10942,#10943);
#10941 = CARTESIAN_POINT('',(1.27,-1.016,0.));
#10942 = DIRECTION('',(-1.,0.,0.));
#10943 = DIRECTION('',(0.,1.,0.));
#10944 = ADVANCED_FACE('',(#10945),#10956,.F.);
#10945 = FACE_BOUND('',#10946,.F.);
#10946 = EDGE_LOOP('',(#10947,#10948,#10949,#10955));
#10947 = ORIENTED_EDGE('',*,*,#10916,.T.);
#10948 = ORIENTED_EDGE('',*,*,#10004,.T.);
#10949 = ORIENTED_EDGE('',*,*,#10950,.F.);
#10950 = EDGE_CURVE('',#9102,#10005,#10951,.T.);
#10951 = LINE('',#10952,#10953);
#10952 = CARTESIAN_POINT('',(-1.27,-1.524,0.));
#10953 = VECTOR('',#10954,1.);
#10954 = DIRECTION('',(0.,0.,1.));
#10955 = ORIENTED_EDGE('',*,*,#9101,.F.);
#10956 = PLANE('',#10957);
#10957 = AXIS2_PLACEMENT_3D('',#10958,#10959,#10960);
#10958 = CARTESIAN_POINT('',(-1.016,-1.27,0.));
#10959 = DIRECTION('',(0.707106781187,-0.707106781187,0.));
#10960 = DIRECTION('',(-0.707106781187,-0.707106781187,0.));
#10961 = ADVANCED_FACE('',(#10962),#10973,.F.);
#10962 = FACE_BOUND('',#10963,.F.);
#10963 = EDGE_LOOP('',(#10964,#10970,#10971,#10972));
#10964 = ORIENTED_EDGE('',*,*,#10965,.T.);
#10965 = EDGE_CURVE('',#9582,#10485,#10966,.T.);
#10966 = LINE('',#10967,#10968);
#10967 = CARTESIAN_POINT('',(1.016,-1.27,0.));
#10968 = VECTOR('',#10969,1.);
#10969 = DIRECTION('',(0.,0.,1.));
#10970 = ORIENTED_EDGE('',*,*,#10492,.T.);
#10971 = ORIENTED_EDGE('',*,*,#10931,.F.);
#10972 = ORIENTED_EDGE('',*,*,#9589,.F.);
#10973 = PLANE('',#10974);
#10974 = AXIS2_PLACEMENT_3D('',#10975,#10976,#10977);
#10975 = CARTESIAN_POINT('',(1.016,-1.27,0.));
#10976 = DIRECTION('',(-0.707106781187,0.707106781187,0.));
#10977 = DIRECTION('',(0.707106781187,0.707106781187,0.));
#10978 = ADVANCED_FACE('',(#10979),#10990,.F.);
#10979 = FACE_BOUND('',#10980,.F.);
#10980 = EDGE_LOOP('',(#10981,#10982,#10983,#10989));
#10981 = ORIENTED_EDGE('',*,*,#10950,.T.);
#10982 = ORIENTED_EDGE('',*,*,#10012,.T.);
#10983 = ORIENTED_EDGE('',*,*,#10984,.F.);
#10984 = EDGE_CURVE('',#9110,#10013,#10985,.T.);
#10985 = LINE('',#10986,#10987);
#10986 = CARTESIAN_POINT('',(-1.27,-3.556,0.));
#10987 = VECTOR('',#10988,1.);
#10988 = DIRECTION('',(0.,0.,1.));
#10989 = ORIENTED_EDGE('',*,*,#9109,.F.);
#10990 = PLANE('',#10991);
#10991 = AXIS2_PLACEMENT_3D('',#10992,#10993,#10994);
#10992 = CARTESIAN_POINT('',(-1.27,-1.524,0.));
#10993 = DIRECTION('',(1.,0.,0.));
#10994 = DIRECTION('',(0.,-1.,0.));
#10995 = ADVANCED_FACE('',(#10996),#11007,.F.);
#10996 = FACE_BOUND('',#10997,.F.);
#10997 = EDGE_LOOP('',(#10998,#11004,#11005,#11006));
#10998 = ORIENTED_EDGE('',*,*,#10999,.T.);
#10999 = EDGE_CURVE('',#9574,#10477,#11000,.T.);
#11000 = LINE('',#11001,#11002);
#11001 = CARTESIAN_POINT('',(1.27,-1.524,0.));
#11002 = VECTOR('',#11003,1.);
#11003 = DIRECTION('',(0.,0.,1.));
#11004 = ORIENTED_EDGE('',*,*,#10484,.T.);
#11005 = ORIENTED_EDGE('',*,*,#10965,.F.);
#11006 = ORIENTED_EDGE('',*,*,#9581,.F.);
#11007 = PLANE('',#11008);
#11008 = AXIS2_PLACEMENT_3D('',#11009,#11010,#11011);
#11009 = CARTESIAN_POINT('',(1.27,-1.524,0.));
#11010 = DIRECTION('',(-0.707106781187,-0.707106781187,0.));
#11011 = DIRECTION('',(-0.707106781187,0.707106781187,0.));
#11012 = ADVANCED_FACE('',(#11013),#11024,.F.);
#11013 = FACE_BOUND('',#11014,.F.);
#11014 = EDGE_LOOP('',(#11015,#11016,#11017,#11023));
#11015 = ORIENTED_EDGE('',*,*,#10984,.T.);
#11016 = ORIENTED_EDGE('',*,*,#10020,.T.);
#11017 = ORIENTED_EDGE('',*,*,#11018,.F.);
#11018 = EDGE_CURVE('',#9118,#10021,#11019,.T.);
#11019 = LINE('',#11020,#11021);
#11020 = CARTESIAN_POINT('',(-1.016,-3.81,0.));
#11021 = VECTOR('',#11022,1.);
#11022 = DIRECTION('',(0.,0.,1.));
#11023 = ORIENTED_EDGE('',*,*,#9117,.F.);
#11024 = PLANE('',#11025);
#11025 = AXIS2_PLACEMENT_3D('',#11026,#11027,#11028);
#11026 = CARTESIAN_POINT('',(-1.27,-3.556,0.));
#11027 = DIRECTION('',(0.707106781187,0.707106781187,0.));
#11028 = DIRECTION('',(0.707106781187,-0.707106781187,0.));
#11029 = ADVANCED_FACE('',(#11030),#11041,.F.);
#11030 = FACE_BOUND('',#11031,.F.);
#11031 = EDGE_LOOP('',(#11032,#11038,#11039,#11040));
#11032 = ORIENTED_EDGE('',*,*,#11033,.T.);
#11033 = EDGE_CURVE('',#9566,#10469,#11034,.T.);
#11034 = LINE('',#11035,#11036);
#11035 = CARTESIAN_POINT('',(1.27,-3.556,0.));
#11036 = VECTOR('',#11037,1.);
#11037 = DIRECTION('',(0.,0.,1.));
#11038 = ORIENTED_EDGE('',*,*,#10476,.T.);
#11039 = ORIENTED_EDGE('',*,*,#10999,.F.);
#11040 = ORIENTED_EDGE('',*,*,#9573,.F.);
#11041 = PLANE('',#11042);
#11042 = AXIS2_PLACEMENT_3D('',#11043,#11044,#11045);
#11043 = CARTESIAN_POINT('',(1.27,-3.556,0.));
#11044 = DIRECTION('',(-1.,0.,0.));
#11045 = DIRECTION('',(0.,1.,0.));
#11046 = ADVANCED_FACE('',(#11047),#11058,.F.);
#11047 = FACE_BOUND('',#11048,.F.);
#11048 = EDGE_LOOP('',(#11049,#11050,#11051,#11057));
#11049 = ORIENTED_EDGE('',*,*,#11018,.T.);
#11050 = ORIENTED_EDGE('',*,*,#10028,.T.);
#11051 = ORIENTED_EDGE('',*,*,#11052,.F.);
#11052 = EDGE_CURVE('',#9126,#10029,#11053,.T.);
#11053 = LINE('',#11054,#11055);
#11054 = CARTESIAN_POINT('',(-1.27,-4.064,0.));
#11055 = VECTOR('',#11056,1.);
#11056 = DIRECTION('',(0.,0.,1.));
#11057 = ORIENTED_EDGE('',*,*,#9125,.F.);
#11058 = PLANE('',#11059);
#11059 = AXIS2_PLACEMENT_3D('',#11060,#11061,#11062);
#11060 = CARTESIAN_POINT('',(-1.016,-3.81,0.));
#11061 = DIRECTION('',(0.707106781187,-0.707106781187,0.));
#11062 = DIRECTION('',(-0.707106781187,-0.707106781187,0.));
#11063 = ADVANCED_FACE('',(#11064),#11075,.F.);
#11064 = FACE_BOUND('',#11065,.F.);
#11065 = EDGE_LOOP('',(#11066,#11072,#11073,#11074));
#11066 = ORIENTED_EDGE('',*,*,#11067,.T.);
#11067 = EDGE_CURVE('',#9558,#10461,#11068,.T.);
#11068 = LINE('',#11069,#11070);
#11069 = CARTESIAN_POINT('',(1.016,-3.81,0.));
#11070 = VECTOR('',#11071,1.);
#11071 = DIRECTION('',(0.,0.,1.));
#11072 = ORIENTED_EDGE('',*,*,#10468,.T.);
#11073 = ORIENTED_EDGE('',*,*,#11033,.F.);
#11074 = ORIENTED_EDGE('',*,*,#9565,.F.);
#11075 = PLANE('',#11076);
#11076 = AXIS2_PLACEMENT_3D('',#11077,#11078,#11079);
#11077 = CARTESIAN_POINT('',(1.016,-3.81,0.));
#11078 = DIRECTION('',(-0.707106781187,0.707106781187,0.));
#11079 = DIRECTION('',(0.707106781187,0.707106781187,0.));
#11080 = ADVANCED_FACE('',(#11081),#11092,.F.);
#11081 = FACE_BOUND('',#11082,.F.);
#11082 = EDGE_LOOP('',(#11083,#11084,#11085,#11091));
#11083 = ORIENTED_EDGE('',*,*,#11052,.T.);
#11084 = ORIENTED_EDGE('',*,*,#10036,.T.);
#11085 = ORIENTED_EDGE('',*,*,#11086,.F.);
#11086 = EDGE_CURVE('',#9134,#10037,#11087,.T.);
#11087 = LINE('',#11088,#11089);
#11088 = CARTESIAN_POINT('',(-1.27,-6.096,0.));
#11089 = VECTOR('',#11090,1.);
#11090 = DIRECTION('',(0.,0.,1.));
#11091 = ORIENTED_EDGE('',*,*,#9133,.F.);
#11092 = PLANE('',#11093);
#11093 = AXIS2_PLACEMENT_3D('',#11094,#11095,#11096);
#11094 = CARTESIAN_POINT('',(-1.27,-4.064,0.));
#11095 = DIRECTION('',(1.,0.,0.));
#11096 = DIRECTION('',(0.,-1.,0.));
#11097 = ADVANCED_FACE('',(#11098),#11109,.F.);
#11098 = FACE_BOUND('',#11099,.F.);
#11099 = EDGE_LOOP('',(#11100,#11106,#11107,#11108));
#11100 = ORIENTED_EDGE('',*,*,#11101,.T.);
#11101 = EDGE_CURVE('',#9550,#10453,#11102,.T.);
#11102 = LINE('',#11103,#11104);
#11103 = CARTESIAN_POINT('',(1.27,-4.064,0.));
#11104 = VECTOR('',#11105,1.);
#11105 = DIRECTION('',(0.,0.,1.));
#11106 = ORIENTED_EDGE('',*,*,#10460,.T.);
#11107 = ORIENTED_EDGE('',*,*,#11067,.F.);
#11108 = ORIENTED_EDGE('',*,*,#9557,.F.);
#11109 = PLANE('',#11110);
#11110 = AXIS2_PLACEMENT_3D('',#11111,#11112,#11113);
#11111 = CARTESIAN_POINT('',(1.27,-4.064,0.));
#11112 = DIRECTION('',(-0.707106781187,-0.707106781187,0.));
#11113 = DIRECTION('',(-0.707106781187,0.707106781187,0.));
#11114 = ADVANCED_FACE('',(#11115),#11126,.F.);
#11115 = FACE_BOUND('',#11116,.F.);
#11116 = EDGE_LOOP('',(#11117,#11118,#11119,#11125));
#11117 = ORIENTED_EDGE('',*,*,#11086,.T.);
#11118 = ORIENTED_EDGE('',*,*,#10044,.T.);
#11119 = ORIENTED_EDGE('',*,*,#11120,.F.);
#11120 = EDGE_CURVE('',#9142,#10045,#11121,.T.);
#11121 = LINE('',#11122,#11123);
#11122 = CARTESIAN_POINT('',(-1.016,-6.35,0.));
#11123 = VECTOR('',#11124,1.);
#11124 = DIRECTION('',(0.,0.,1.));
#11125 = ORIENTED_EDGE('',*,*,#9141,.F.);
#11126 = PLANE('',#11127);
#11127 = AXIS2_PLACEMENT_3D('',#11128,#11129,#11130);
#11128 = CARTESIAN_POINT('',(-1.27,-6.096,0.));
#11129 = DIRECTION('',(0.707106781187,0.707106781187,0.));
#11130 = DIRECTION('',(0.707106781187,-0.707106781187,0.));
#11131 = ADVANCED_FACE('',(#11132),#11143,.F.);
#11132 = FACE_BOUND('',#11133,.F.);
#11133 = EDGE_LOOP('',(#11134,#11140,#11141,#11142));
#11134 = ORIENTED_EDGE('',*,*,#11135,.T.);
#11135 = EDGE_CURVE('',#9542,#10445,#11136,.T.);
#11136 = LINE('',#11137,#11138);
#11137 = CARTESIAN_POINT('',(1.27,-6.096,0.));
#11138 = VECTOR('',#11139,1.);
#11139 = DIRECTION('',(0.,0.,1.));
#11140 = ORIENTED_EDGE('',*,*,#10452,.T.);
#11141 = ORIENTED_EDGE('',*,*,#11101,.F.);
#11142 = ORIENTED_EDGE('',*,*,#9549,.F.);
#11143 = PLANE('',#11144);
#11144 = AXIS2_PLACEMENT_3D('',#11145,#11146,#11147);
#11145 = CARTESIAN_POINT('',(1.27,-6.096,0.));
#11146 = DIRECTION('',(-1.,0.,0.));
#11147 = DIRECTION('',(0.,1.,0.));
#11148 = ADVANCED_FACE('',(#11149),#11160,.F.);
#11149 = FACE_BOUND('',#11150,.F.);
#11150 = EDGE_LOOP('',(#11151,#11152,#11153,#11159));
#11151 = ORIENTED_EDGE('',*,*,#11120,.T.);
#11152 = ORIENTED_EDGE('',*,*,#10052,.T.);
#11153 = ORIENTED_EDGE('',*,*,#11154,.F.);
#11154 = EDGE_CURVE('',#9150,#10053,#11155,.T.);
#11155 = LINE('',#11156,#11157);
#11156 = CARTESIAN_POINT('',(-1.27,-6.604,0.));
#11157 = VECTOR('',#11158,1.);
#11158 = DIRECTION('',(0.,0.,1.));
#11159 = ORIENTED_EDGE('',*,*,#9149,.F.);
#11160 = PLANE('',#11161);
#11161 = AXIS2_PLACEMENT_3D('',#11162,#11163,#11164);
#11162 = CARTESIAN_POINT('',(-1.016,-6.35,0.));
#11163 = DIRECTION('',(0.707106781187,-0.707106781187,0.));
#11164 = DIRECTION('',(-0.707106781187,-0.707106781187,0.));
#11165 = ADVANCED_FACE('',(#11166),#11177,.F.);
#11166 = FACE_BOUND('',#11167,.F.);
#11167 = EDGE_LOOP('',(#11168,#11174,#11175,#11176));
#11168 = ORIENTED_EDGE('',*,*,#11169,.T.);
#11169 = EDGE_CURVE('',#9534,#10437,#11170,.T.);
#11170 = LINE('',#11171,#11172);
#11171 = CARTESIAN_POINT('',(1.016,-6.35,0.));
#11172 = VECTOR('',#11173,1.);
#11173 = DIRECTION('',(0.,0.,1.));
#11174 = ORIENTED_EDGE('',*,*,#10444,.T.);
#11175 = ORIENTED_EDGE('',*,*,#11135,.F.);
#11176 = ORIENTED_EDGE('',*,*,#9541,.F.);
#11177 = PLANE('',#11178);
#11178 = AXIS2_PLACEMENT_3D('',#11179,#11180,#11181);
#11179 = CARTESIAN_POINT('',(1.016,-6.35,0.));
#11180 = DIRECTION('',(-0.707106781187,0.707106781187,0.));
#11181 = DIRECTION('',(0.707106781187,0.707106781187,0.));
#11182 = ADVANCED_FACE('',(#11183),#11194,.F.);
#11183 = FACE_BOUND('',#11184,.F.);
#11184 = EDGE_LOOP('',(#11185,#11186,#11187,#11193));
#11185 = ORIENTED_EDGE('',*,*,#11154,.T.);
#11186 = ORIENTED_EDGE('',*,*,#10060,.T.);
#11187 = ORIENTED_EDGE('',*,*,#11188,.F.);
#11188 = EDGE_CURVE('',#9158,#10061,#11189,.T.);
#11189 = LINE('',#11190,#11191);
#11190 = CARTESIAN_POINT('',(-1.27,-8.636,0.));
#11191 = VECTOR('',#11192,1.);
#11192 = DIRECTION('',(0.,0.,1.));
#11193 = ORIENTED_EDGE('',*,*,#9157,.F.);
#11194 = PLANE('',#11195);
#11195 = AXIS2_PLACEMENT_3D('',#11196,#11197,#11198);
#11196 = CARTESIAN_POINT('',(-1.27,-6.604,0.));
#11197 = DIRECTION('',(1.,0.,0.));
#11198 = DIRECTION('',(0.,-1.,0.));
#11199 = ADVANCED_FACE('',(#11200),#11211,.F.);
#11200 = FACE_BOUND('',#11201,.F.);
#11201 = EDGE_LOOP('',(#11202,#11208,#11209,#11210));
#11202 = ORIENTED_EDGE('',*,*,#11203,.T.);
#11203 = EDGE_CURVE('',#9526,#10429,#11204,.T.);
#11204 = LINE('',#11205,#11206);
#11205 = CARTESIAN_POINT('',(1.27,-6.604,0.));
#11206 = VECTOR('',#11207,1.);
#11207 = DIRECTION('',(0.,0.,1.));
#11208 = ORIENTED_EDGE('',*,*,#10436,.T.);
#11209 = ORIENTED_EDGE('',*,*,#11169,.F.);
#11210 = ORIENTED_EDGE('',*,*,#9533,.F.);
#11211 = PLANE('',#11212);
#11212 = AXIS2_PLACEMENT_3D('',#11213,#11214,#11215);
#11213 = CARTESIAN_POINT('',(1.27,-6.604,0.));
#11214 = DIRECTION('',(-0.707106781187,-0.707106781187,0.));
#11215 = DIRECTION('',(-0.707106781187,0.707106781187,0.));
#11216 = ADVANCED_FACE('',(#11217),#11228,.F.);
#11217 = FACE_BOUND('',#11218,.F.);
#11218 = EDGE_LOOP('',(#11219,#11220,#11221,#11227));
#11219 = ORIENTED_EDGE('',*,*,#11188,.T.);
#11220 = ORIENTED_EDGE('',*,*,#10068,.T.);
#11221 = ORIENTED_EDGE('',*,*,#11222,.F.);
#11222 = EDGE_CURVE('',#9166,#10069,#11223,.T.);
#11223 = LINE('',#11224,#11225);
#11224 = CARTESIAN_POINT('',(-1.016,-8.89,0.));
#11225 = VECTOR('',#11226,1.);
#11226 = DIRECTION('',(0.,0.,1.));
#11227 = ORIENTED_EDGE('',*,*,#9165,.F.);
#11228 = PLANE('',#11229);
#11229 = AXIS2_PLACEMENT_3D('',#11230,#11231,#11232);
#11230 = CARTESIAN_POINT('',(-1.27,-8.636,0.));
#11231 = DIRECTION('',(0.707106781187,0.707106781187,0.));
#11232 = DIRECTION('',(0.707106781187,-0.707106781187,0.));
#11233 = ADVANCED_FACE('',(#11234),#11245,.F.);
#11234 = FACE_BOUND('',#11235,.F.);
#11235 = EDGE_LOOP('',(#11236,#11242,#11243,#11244));
#11236 = ORIENTED_EDGE('',*,*,#11237,.T.);
#11237 = EDGE_CURVE('',#9518,#10421,#11238,.T.);
#11238 = LINE('',#11239,#11240);
#11239 = CARTESIAN_POINT('',(1.27,-8.636,0.));
#11240 = VECTOR('',#11241,1.);
#11241 = DIRECTION('',(0.,0.,1.));
#11242 = ORIENTED_EDGE('',*,*,#10428,.T.);
#11243 = ORIENTED_EDGE('',*,*,#11203,.F.);
#11244 = ORIENTED_EDGE('',*,*,#9525,.F.);
#11245 = PLANE('',#11246);
#11246 = AXIS2_PLACEMENT_3D('',#11247,#11248,#11249);
#11247 = CARTESIAN_POINT('',(1.27,-8.636,0.));
#11248 = DIRECTION('',(-1.,0.,0.));
#11249 = DIRECTION('',(0.,1.,0.));
#11250 = ADVANCED_FACE('',(#11251),#11262,.F.);
#11251 = FACE_BOUND('',#11252,.F.);
#11252 = EDGE_LOOP('',(#11253,#11254,#11255,#11261));
#11253 = ORIENTED_EDGE('',*,*,#11222,.T.);
#11254 = ORIENTED_EDGE('',*,*,#10076,.T.);
#11255 = ORIENTED_EDGE('',*,*,#11256,.F.);
#11256 = EDGE_CURVE('',#9174,#10077,#11257,.T.);
#11257 = LINE('',#11258,#11259);
#11258 = CARTESIAN_POINT('',(-1.27,-9.144,0.));
#11259 = VECTOR('',#11260,1.);
#11260 = DIRECTION('',(0.,0.,1.));
#11261 = ORIENTED_EDGE('',*,*,#9173,.F.);
#11262 = PLANE('',#11263);
#11263 = AXIS2_PLACEMENT_3D('',#11264,#11265,#11266);
#11264 = CARTESIAN_POINT('',(-1.016,-8.89,0.));
#11265 = DIRECTION('',(0.707106781187,-0.707106781187,0.));
#11266 = DIRECTION('',(-0.707106781187,-0.707106781187,0.));
#11267 = ADVANCED_FACE('',(#11268),#11279,.F.);
#11268 = FACE_BOUND('',#11269,.F.);
#11269 = EDGE_LOOP('',(#11270,#11276,#11277,#11278));
#11270 = ORIENTED_EDGE('',*,*,#11271,.T.);
#11271 = EDGE_CURVE('',#9510,#10413,#11272,.T.);
#11272 = LINE('',#11273,#11274);
#11273 = CARTESIAN_POINT('',(1.016,-8.89,0.));
#11274 = VECTOR('',#11275,1.);
#11275 = DIRECTION('',(0.,0.,1.));
#11276 = ORIENTED_EDGE('',*,*,#10420,.T.);
#11277 = ORIENTED_EDGE('',*,*,#11237,.F.);
#11278 = ORIENTED_EDGE('',*,*,#9517,.F.);
#11279 = PLANE('',#11280);
#11280 = AXIS2_PLACEMENT_3D('',#11281,#11282,#11283);
#11281 = CARTESIAN_POINT('',(1.016,-8.89,0.));
#11282 = DIRECTION('',(-0.707106781187,0.707106781187,0.));
#11283 = DIRECTION('',(0.707106781187,0.707106781187,0.));
#11284 = ADVANCED_FACE('',(#11285),#11296,.F.);
#11285 = FACE_BOUND('',#11286,.F.);
#11286 = EDGE_LOOP('',(#11287,#11288,#11289,#11295));
#11287 = ORIENTED_EDGE('',*,*,#11256,.T.);
#11288 = ORIENTED_EDGE('',*,*,#10084,.T.);
#11289 = ORIENTED_EDGE('',*,*,#11290,.F.);
#11290 = EDGE_CURVE('',#9182,#10085,#11291,.T.);
#11291 = LINE('',#11292,#11293);
#11292 = CARTESIAN_POINT('',(-1.27,-11.176,0.));
#11293 = VECTOR('',#11294,1.);
#11294 = DIRECTION('',(0.,0.,1.));
#11295 = ORIENTED_EDGE('',*,*,#9181,.F.);
#11296 = PLANE('',#11297);
#11297 = AXIS2_PLACEMENT_3D('',#11298,#11299,#11300);
#11298 = CARTESIAN_POINT('',(-1.27,-9.144,0.));
#11299 = DIRECTION('',(1.,0.,0.));
#11300 = DIRECTION('',(0.,-1.,0.));
#11301 = ADVANCED_FACE('',(#11302),#11313,.F.);
#11302 = FACE_BOUND('',#11303,.F.);
#11303 = EDGE_LOOP('',(#11304,#11310,#11311,#11312));
#11304 = ORIENTED_EDGE('',*,*,#11305,.T.);
#11305 = EDGE_CURVE('',#9502,#10405,#11306,.T.);
#11306 = LINE('',#11307,#11308);
#11307 = CARTESIAN_POINT('',(1.27,-9.144,0.));
#11308 = VECTOR('',#11309,1.);
#11309 = DIRECTION('',(0.,0.,1.));
#11310 = ORIENTED_EDGE('',*,*,#10412,.T.);
#11311 = ORIENTED_EDGE('',*,*,#11271,.F.);
#11312 = ORIENTED_EDGE('',*,*,#9509,.F.);
#11313 = PLANE('',#11314);
#11314 = AXIS2_PLACEMENT_3D('',#11315,#11316,#11317);
#11315 = CARTESIAN_POINT('',(1.27,-9.144,0.));
#11316 = DIRECTION('',(-0.707106781187,-0.707106781187,0.));
#11317 = DIRECTION('',(-0.707106781187,0.707106781187,0.));
#11318 = ADVANCED_FACE('',(#11319),#11330,.F.);
#11319 = FACE_BOUND('',#11320,.F.);
#11320 = EDGE_LOOP('',(#11321,#11322,#11323,#11329));
#11321 = ORIENTED_EDGE('',*,*,#11290,.T.);
#11322 = ORIENTED_EDGE('',*,*,#10092,.T.);
#11323 = ORIENTED_EDGE('',*,*,#11324,.F.);
#11324 = EDGE_CURVE('',#9190,#10093,#11325,.T.);
#11325 = LINE('',#11326,#11327);
#11326 = CARTESIAN_POINT('',(-1.016,-11.43,0.));
#11327 = VECTOR('',#11328,1.);
#11328 = DIRECTION('',(0.,0.,1.));
#11329 = ORIENTED_EDGE('',*,*,#9189,.F.);
#11330 = PLANE('',#11331);
#11331 = AXIS2_PLACEMENT_3D('',#11332,#11333,#11334);
#11332 = CARTESIAN_POINT('',(-1.27,-11.176,0.));
#11333 = DIRECTION('',(0.707106781187,0.707106781187,0.));
#11334 = DIRECTION('',(0.707106781187,-0.707106781187,0.));
#11335 = ADVANCED_FACE('',(#11336),#11347,.F.);
#11336 = FACE_BOUND('',#11337,.F.);
#11337 = EDGE_LOOP('',(#11338,#11344,#11345,#11346));
#11338 = ORIENTED_EDGE('',*,*,#11339,.T.);
#11339 = EDGE_CURVE('',#9494,#10397,#11340,.T.);
#11340 = LINE('',#11341,#11342);
#11341 = CARTESIAN_POINT('',(1.27,-11.176,0.));
#11342 = VECTOR('',#11343,1.);
#11343 = DIRECTION('',(0.,0.,1.));
#11344 = ORIENTED_EDGE('',*,*,#10404,.T.);
#11345 = ORIENTED_EDGE('',*,*,#11305,.F.);
#11346 = ORIENTED_EDGE('',*,*,#9501,.F.);
#11347 = PLANE('',#11348);
#11348 = AXIS2_PLACEMENT_3D('',#11349,#11350,#11351);
#11349 = CARTESIAN_POINT('',(1.27,-11.176,0.));
#11350 = DIRECTION('',(-1.,0.,0.));
#11351 = DIRECTION('',(0.,1.,0.));
#11352 = ADVANCED_FACE('',(#11353),#11364,.F.);
#11353 = FACE_BOUND('',#11354,.F.);
#11354 = EDGE_LOOP('',(#11355,#11356,#11357,#11363));
#11355 = ORIENTED_EDGE('',*,*,#11324,.T.);
#11356 = ORIENTED_EDGE('',*,*,#10100,.T.);
#11357 = ORIENTED_EDGE('',*,*,#11358,.F.);
#11358 = EDGE_CURVE('',#9198,#10101,#11359,.T.);
#11359 = LINE('',#11360,#11361);
#11360 = CARTESIAN_POINT('',(-1.27,-11.684,0.));
#11361 = VECTOR('',#11362,1.);
#11362 = DIRECTION('',(0.,0.,1.));
#11363 = ORIENTED_EDGE('',*,*,#9197,.F.);
#11364 = PLANE('',#11365);
#11365 = AXIS2_PLACEMENT_3D('',#11366,#11367,#11368);
#11366 = CARTESIAN_POINT('',(-1.016,-11.43,0.));
#11367 = DIRECTION('',(0.707106781187,-0.707106781187,0.));
#11368 = DIRECTION('',(-0.707106781187,-0.707106781187,0.));
#11369 = ADVANCED_FACE('',(#11370),#11381,.F.);
#11370 = FACE_BOUND('',#11371,.F.);
#11371 = EDGE_LOOP('',(#11372,#11378,#11379,#11380));
#11372 = ORIENTED_EDGE('',*,*,#11373,.T.);
#11373 = EDGE_CURVE('',#9486,#10389,#11374,.T.);
#11374 = LINE('',#11375,#11376);
#11375 = CARTESIAN_POINT('',(1.016,-11.43,0.));
#11376 = VECTOR('',#11377,1.);
#11377 = DIRECTION('',(0.,0.,1.));
#11378 = ORIENTED_EDGE('',*,*,#10396,.T.);
#11379 = ORIENTED_EDGE('',*,*,#11339,.F.);
#11380 = ORIENTED_EDGE('',*,*,#9493,.F.);
#11381 = PLANE('',#11382);
#11382 = AXIS2_PLACEMENT_3D('',#11383,#11384,#11385);
#11383 = CARTESIAN_POINT('',(1.016,-11.43,0.));
#11384 = DIRECTION('',(-0.707106781187,0.707106781187,0.));
#11385 = DIRECTION('',(0.707106781187,0.707106781187,0.));
#11386 = ADVANCED_FACE('',(#11387),#11398,.F.);
#11387 = FACE_BOUND('',#11388,.F.);
#11388 = EDGE_LOOP('',(#11389,#11390,#11391,#11397));
#11389 = ORIENTED_EDGE('',*,*,#11358,.T.);
#11390 = ORIENTED_EDGE('',*,*,#10108,.T.);
#11391 = ORIENTED_EDGE('',*,*,#11392,.F.);
#11392 = EDGE_CURVE('',#9206,#10109,#11393,.T.);
#11393 = LINE('',#11394,#11395);
#11394 = CARTESIAN_POINT('',(-1.27,-13.716,0.));
#11395 = VECTOR('',#11396,1.);
#11396 = DIRECTION('',(0.,0.,1.));
#11397 = ORIENTED_EDGE('',*,*,#9205,.F.);
#11398 = PLANE('',#11399);
#11399 = AXIS2_PLACEMENT_3D('',#11400,#11401,#11402);
#11400 = CARTESIAN_POINT('',(-1.27,-11.684,0.));
#11401 = DIRECTION('',(1.,0.,0.));
#11402 = DIRECTION('',(0.,-1.,0.));
#11403 = ADVANCED_FACE('',(#11404),#11415,.F.);
#11404 = FACE_BOUND('',#11405,.F.);
#11405 = EDGE_LOOP('',(#11406,#11412,#11413,#11414));
#11406 = ORIENTED_EDGE('',*,*,#11407,.T.);
#11407 = EDGE_CURVE('',#9478,#10381,#11408,.T.);
#11408 = LINE('',#11409,#11410);
#11409 = CARTESIAN_POINT('',(1.27,-11.684,0.));
#11410 = VECTOR('',#11411,1.);
#11411 = DIRECTION('',(0.,0.,1.));
#11412 = ORIENTED_EDGE('',*,*,#10388,.T.);
#11413 = ORIENTED_EDGE('',*,*,#11373,.F.);
#11414 = ORIENTED_EDGE('',*,*,#9485,.F.);
#11415 = PLANE('',#11416);
#11416 = AXIS2_PLACEMENT_3D('',#11417,#11418,#11419);
#11417 = CARTESIAN_POINT('',(1.27,-11.684,0.));
#11418 = DIRECTION('',(-0.707106781187,-0.707106781187,0.));
#11419 = DIRECTION('',(-0.707106781187,0.707106781187,0.));
#11420 = ADVANCED_FACE('',(#11421),#11432,.F.);
#11421 = FACE_BOUND('',#11422,.F.);
#11422 = EDGE_LOOP('',(#11423,#11424,#11425,#11431));
#11423 = ORIENTED_EDGE('',*,*,#11392,.T.);
#11424 = ORIENTED_EDGE('',*,*,#10116,.T.);
#11425 = ORIENTED_EDGE('',*,*,#11426,.F.);
#11426 = EDGE_CURVE('',#9214,#10117,#11427,.T.);
#11427 = LINE('',#11428,#11429);
#11428 = CARTESIAN_POINT('',(-1.016,-13.97,0.));
#11429 = VECTOR('',#11430,1.);
#11430 = DIRECTION('',(0.,0.,1.));
#11431 = ORIENTED_EDGE('',*,*,#9213,.F.);
#11432 = PLANE('',#11433);
#11433 = AXIS2_PLACEMENT_3D('',#11434,#11435,#11436);
#11434 = CARTESIAN_POINT('',(-1.27,-13.716,0.));
#11435 = DIRECTION('',(0.707106781187,0.707106781187,0.));
#11436 = DIRECTION('',(0.707106781187,-0.707106781187,0.));
#11437 = ADVANCED_FACE('',(#11438),#11449,.F.);
#11438 = FACE_BOUND('',#11439,.F.);
#11439 = EDGE_LOOP('',(#11440,#11446,#11447,#11448));
#11440 = ORIENTED_EDGE('',*,*,#11441,.T.);
#11441 = EDGE_CURVE('',#9470,#10373,#11442,.T.);
#11442 = LINE('',#11443,#11444);
#11443 = CARTESIAN_POINT('',(1.27,-13.716,0.));
#11444 = VECTOR('',#11445,1.);
#11445 = DIRECTION('',(0.,0.,1.));
#11446 = ORIENTED_EDGE('',*,*,#10380,.T.);
#11447 = ORIENTED_EDGE('',*,*,#11407,.F.);
#11448 = ORIENTED_EDGE('',*,*,#9477,.F.);
#11449 = PLANE('',#11450);
#11450 = AXIS2_PLACEMENT_3D('',#11451,#11452,#11453);
#11451 = CARTESIAN_POINT('',(1.27,-13.716,0.));
#11452 = DIRECTION('',(-1.,0.,0.));
#11453 = DIRECTION('',(0.,1.,0.));
#11454 = ADVANCED_FACE('',(#11455),#11466,.F.);
#11455 = FACE_BOUND('',#11456,.F.);
#11456 = EDGE_LOOP('',(#11457,#11458,#11459,#11465));
#11457 = ORIENTED_EDGE('',*,*,#11426,.T.);
#11458 = ORIENTED_EDGE('',*,*,#10124,.T.);
#11459 = ORIENTED_EDGE('',*,*,#11460,.F.);
#11460 = EDGE_CURVE('',#9222,#10125,#11461,.T.);
#11461 = LINE('',#11462,#11463);
#11462 = CARTESIAN_POINT('',(-1.27,-14.224,0.));
#11463 = VECTOR('',#11464,1.);
#11464 = DIRECTION('',(0.,0.,1.));
#11465 = ORIENTED_EDGE('',*,*,#9221,.F.);
#11466 = PLANE('',#11467);
#11467 = AXIS2_PLACEMENT_3D('',#11468,#11469,#11470);
#11468 = CARTESIAN_POINT('',(-1.016,-13.97,0.));
#11469 = DIRECTION('',(0.707106781187,-0.707106781187,0.));
#11470 = DIRECTION('',(-0.707106781187,-0.707106781187,0.));
#11471 = ADVANCED_FACE('',(#11472),#11483,.F.);
#11472 = FACE_BOUND('',#11473,.F.);
#11473 = EDGE_LOOP('',(#11474,#11480,#11481,#11482));
#11474 = ORIENTED_EDGE('',*,*,#11475,.T.);
#11475 = EDGE_CURVE('',#9462,#10365,#11476,.T.);
#11476 = LINE('',#11477,#11478);
#11477 = CARTESIAN_POINT('',(1.016,-13.97,0.));
#11478 = VECTOR('',#11479,1.);
#11479 = DIRECTION('',(0.,0.,1.));
#11480 = ORIENTED_EDGE('',*,*,#10372,.T.);
#11481 = ORIENTED_EDGE('',*,*,#11441,.F.);
#11482 = ORIENTED_EDGE('',*,*,#9469,.F.);
#11483 = PLANE('',#11484);
#11484 = AXIS2_PLACEMENT_3D('',#11485,#11486,#11487);
#11485 = CARTESIAN_POINT('',(1.016,-13.97,0.));
#11486 = DIRECTION('',(-0.707106781187,0.707106781187,0.));
#11487 = DIRECTION('',(0.707106781187,0.707106781187,0.));
#11488 = ADVANCED_FACE('',(#11489),#11500,.F.);
#11489 = FACE_BOUND('',#11490,.F.);
#11490 = EDGE_LOOP('',(#11491,#11492,#11493,#11499));
#11491 = ORIENTED_EDGE('',*,*,#11460,.T.);
#11492 = ORIENTED_EDGE('',*,*,#10132,.T.);
#11493 = ORIENTED_EDGE('',*,*,#11494,.F.);
#11494 = EDGE_CURVE('',#9230,#10133,#11495,.T.);
#11495 = LINE('',#11496,#11497);
#11496 = CARTESIAN_POINT('',(-1.27,-16.256,0.));
#11497 = VECTOR('',#11498,1.);
#11498 = DIRECTION('',(0.,0.,1.));
#11499 = ORIENTED_EDGE('',*,*,#9229,.F.);
#11500 = PLANE('',#11501);
#11501 = AXIS2_PLACEMENT_3D('',#11502,#11503,#11504);
#11502 = CARTESIAN_POINT('',(-1.27,-14.224,0.));
#11503 = DIRECTION('',(1.,0.,0.));
#11504 = DIRECTION('',(0.,-1.,0.));
#11505 = ADVANCED_FACE('',(#11506),#11517,.F.);
#11506 = FACE_BOUND('',#11507,.F.);
#11507 = EDGE_LOOP('',(#11508,#11514,#11515,#11516));
#11508 = ORIENTED_EDGE('',*,*,#11509,.T.);
#11509 = EDGE_CURVE('',#9454,#10357,#11510,.T.);
#11510 = LINE('',#11511,#11512);
#11511 = CARTESIAN_POINT('',(1.27,-14.224,0.));
#11512 = VECTOR('',#11513,1.);
#11513 = DIRECTION('',(0.,0.,1.));
#11514 = ORIENTED_EDGE('',*,*,#10364,.T.);
#11515 = ORIENTED_EDGE('',*,*,#11475,.F.);
#11516 = ORIENTED_EDGE('',*,*,#9461,.F.);
#11517 = PLANE('',#11518);
#11518 = AXIS2_PLACEMENT_3D('',#11519,#11520,#11521);
#11519 = CARTESIAN_POINT('',(1.27,-14.224,0.));
#11520 = DIRECTION('',(-0.707106781187,-0.707106781187,0.));
#11521 = DIRECTION('',(-0.707106781187,0.707106781187,0.));
#11522 = ADVANCED_FACE('',(#11523),#11534,.F.);
#11523 = FACE_BOUND('',#11524,.F.);
#11524 = EDGE_LOOP('',(#11525,#11526,#11527,#11533));
#11525 = ORIENTED_EDGE('',*,*,#11494,.T.);
#11526 = ORIENTED_EDGE('',*,*,#10140,.T.);
#11527 = ORIENTED_EDGE('',*,*,#11528,.F.);
#11528 = EDGE_CURVE('',#9238,#10141,#11529,.T.);
#11529 = LINE('',#11530,#11531);
#11530 = CARTESIAN_POINT('',(-1.016,-16.51,0.));
#11531 = VECTOR('',#11532,1.);
#11532 = DIRECTION('',(0.,0.,1.));
#11533 = ORIENTED_EDGE('',*,*,#9237,.F.);
#11534 = PLANE('',#11535);
#11535 = AXIS2_PLACEMENT_3D('',#11536,#11537,#11538);
#11536 = CARTESIAN_POINT('',(-1.27,-16.256,0.));
#11537 = DIRECTION('',(0.707106781187,0.707106781187,0.));
#11538 = DIRECTION('',(0.707106781187,-0.707106781187,0.));
#11539 = ADVANCED_FACE('',(#11540),#11551,.F.);
#11540 = FACE_BOUND('',#11541,.F.);
#11541 = EDGE_LOOP('',(#11542,#11548,#11549,#11550));
#11542 = ORIENTED_EDGE('',*,*,#11543,.T.);
#11543 = EDGE_CURVE('',#9446,#10349,#11544,.T.);
#11544 = LINE('',#11545,#11546);
#11545 = CARTESIAN_POINT('',(1.27,-16.256,0.));
#11546 = VECTOR('',#11547,1.);
#11547 = DIRECTION('',(0.,0.,1.));
#11548 = ORIENTED_EDGE('',*,*,#10356,.T.);
#11549 = ORIENTED_EDGE('',*,*,#11509,.F.);
#11550 = ORIENTED_EDGE('',*,*,#9453,.F.);
#11551 = PLANE('',#11552);
#11552 = AXIS2_PLACEMENT_3D('',#11553,#11554,#11555);
#11553 = CARTESIAN_POINT('',(1.27,-16.256,0.));
#11554 = DIRECTION('',(-1.,0.,0.));
#11555 = DIRECTION('',(0.,1.,0.));
#11556 = ADVANCED_FACE('',(#11557),#11568,.F.);
#11557 = FACE_BOUND('',#11558,.F.);
#11558 = EDGE_LOOP('',(#11559,#11560,#11561,#11567));
#11559 = ORIENTED_EDGE('',*,*,#11528,.T.);
#11560 = ORIENTED_EDGE('',*,*,#10148,.T.);
#11561 = ORIENTED_EDGE('',*,*,#11562,.F.);
#11562 = EDGE_CURVE('',#9246,#10149,#11563,.T.);
#11563 = LINE('',#11564,#11565);
#11564 = CARTESIAN_POINT('',(-1.27,-16.764,0.));
#11565 = VECTOR('',#11566,1.);
#11566 = DIRECTION('',(0.,0.,1.));
#11567 = ORIENTED_EDGE('',*,*,#9245,.F.);
#11568 = PLANE('',#11569);
#11569 = AXIS2_PLACEMENT_3D('',#11570,#11571,#11572);
#11570 = CARTESIAN_POINT('',(-1.016,-16.51,0.));
#11571 = DIRECTION('',(0.707106781187,-0.707106781187,0.));
#11572 = DIRECTION('',(-0.707106781187,-0.707106781187,0.));
#11573 = ADVANCED_FACE('',(#11574),#11585,.F.);
#11574 = FACE_BOUND('',#11575,.F.);
#11575 = EDGE_LOOP('',(#11576,#11582,#11583,#11584));
#11576 = ORIENTED_EDGE('',*,*,#11577,.T.);
#11577 = EDGE_CURVE('',#9438,#10341,#11578,.T.);
#11578 = LINE('',#11579,#11580);
#11579 = CARTESIAN_POINT('',(1.016,-16.51,0.));
#11580 = VECTOR('',#11581,1.);
#11581 = DIRECTION('',(0.,0.,1.));
#11582 = ORIENTED_EDGE('',*,*,#10348,.T.);
#11583 = ORIENTED_EDGE('',*,*,#11543,.F.);
#11584 = ORIENTED_EDGE('',*,*,#9445,.F.);
#11585 = PLANE('',#11586);
#11586 = AXIS2_PLACEMENT_3D('',#11587,#11588,#11589);
#11587 = CARTESIAN_POINT('',(1.016,-16.51,0.));
#11588 = DIRECTION('',(-0.707106781187,0.707106781187,0.));
#11589 = DIRECTION('',(0.707106781187,0.707106781187,0.));
#11590 = ADVANCED_FACE('',(#11591),#11602,.F.);
#11591 = FACE_BOUND('',#11592,.F.);
#11592 = EDGE_LOOP('',(#11593,#11594,#11595,#11601));
#11593 = ORIENTED_EDGE('',*,*,#11562,.T.);
#11594 = ORIENTED_EDGE('',*,*,#10156,.T.);
#11595 = ORIENTED_EDGE('',*,*,#11596,.F.);
#11596 = EDGE_CURVE('',#9254,#10157,#11597,.T.);
#11597 = LINE('',#11598,#11599);
#11598 = CARTESIAN_POINT('',(-1.27,-18.796,0.));
#11599 = VECTOR('',#11600,1.);
#11600 = DIRECTION('',(0.,0.,1.));
#11601 = ORIENTED_EDGE('',*,*,#9253,.F.);
#11602 = PLANE('',#11603);
#11603 = AXIS2_PLACEMENT_3D('',#11604,#11605,#11606);
#11604 = CARTESIAN_POINT('',(-1.27,-16.764,0.));
#11605 = DIRECTION('',(1.,0.,0.));
#11606 = DIRECTION('',(0.,-1.,0.));
#11607 = ADVANCED_FACE('',(#11608),#11619,.F.);
#11608 = FACE_BOUND('',#11609,.F.);
#11609 = EDGE_LOOP('',(#11610,#11616,#11617,#11618));
#11610 = ORIENTED_EDGE('',*,*,#11611,.T.);
#11611 = EDGE_CURVE('',#9430,#10333,#11612,.T.);
#11612 = LINE('',#11613,#11614);
#11613 = CARTESIAN_POINT('',(1.27,-16.764,0.));
#11614 = VECTOR('',#11615,1.);
#11615 = DIRECTION('',(0.,0.,1.));
#11616 = ORIENTED_EDGE('',*,*,#10340,.T.);
#11617 = ORIENTED_EDGE('',*,*,#11577,.F.);
#11618 = ORIENTED_EDGE('',*,*,#9437,.F.);
#11619 = PLANE('',#11620);
#11620 = AXIS2_PLACEMENT_3D('',#11621,#11622,#11623);
#11621 = CARTESIAN_POINT('',(1.27,-16.764,0.));
#11622 = DIRECTION('',(-0.707106781187,-0.707106781187,0.));
#11623 = DIRECTION('',(-0.707106781187,0.707106781187,0.));
#11624 = ADVANCED_FACE('',(#11625),#11636,.F.);
#11625 = FACE_BOUND('',#11626,.F.);
#11626 = EDGE_LOOP('',(#11627,#11628,#11629,#11635));
#11627 = ORIENTED_EDGE('',*,*,#11596,.T.);
#11628 = ORIENTED_EDGE('',*,*,#10164,.T.);
#11629 = ORIENTED_EDGE('',*,*,#11630,.F.);
#11630 = EDGE_CURVE('',#9262,#10165,#11631,.T.);
#11631 = LINE('',#11632,#11633);
#11632 = CARTESIAN_POINT('',(-1.016,-19.05,0.));
#11633 = VECTOR('',#11634,1.);
#11634 = DIRECTION('',(0.,0.,1.));
#11635 = ORIENTED_EDGE('',*,*,#9261,.F.);
#11636 = PLANE('',#11637);
#11637 = AXIS2_PLACEMENT_3D('',#11638,#11639,#11640);
#11638 = CARTESIAN_POINT('',(-1.27,-18.796,0.));
#11639 = DIRECTION('',(0.707106781187,0.707106781187,0.));
#11640 = DIRECTION('',(0.707106781187,-0.707106781187,0.));
#11641 = ADVANCED_FACE('',(#11642),#11653,.F.);
#11642 = FACE_BOUND('',#11643,.F.);
#11643 = EDGE_LOOP('',(#11644,#11650,#11651,#11652));
#11644 = ORIENTED_EDGE('',*,*,#11645,.T.);
#11645 = EDGE_CURVE('',#9422,#10325,#11646,.T.);
#11646 = LINE('',#11647,#11648);
#11647 = CARTESIAN_POINT('',(1.27,-18.796,0.));
#11648 = VECTOR('',#11649,1.);
#11649 = DIRECTION('',(0.,0.,1.));
#11650 = ORIENTED_EDGE('',*,*,#10332,.T.);
#11651 = ORIENTED_EDGE('',*,*,#11611,.F.);
#11652 = ORIENTED_EDGE('',*,*,#9429,.F.);
#11653 = PLANE('',#11654);
#11654 = AXIS2_PLACEMENT_3D('',#11655,#11656,#11657);
#11655 = CARTESIAN_POINT('',(1.27,-18.796,0.));
#11656 = DIRECTION('',(-1.,0.,0.));
#11657 = DIRECTION('',(0.,1.,0.));
#11658 = ADVANCED_FACE('',(#11659),#11670,.F.);
#11659 = FACE_BOUND('',#11660,.F.);
#11660 = EDGE_LOOP('',(#11661,#11662,#11663,#11669));
#11661 = ORIENTED_EDGE('',*,*,#11630,.T.);
#11662 = ORIENTED_EDGE('',*,*,#10172,.T.);
#11663 = ORIENTED_EDGE('',*,*,#11664,.F.);
#11664 = EDGE_CURVE('',#9270,#10173,#11665,.T.);
#11665 = LINE('',#11666,#11667);
#11666 = CARTESIAN_POINT('',(-1.27,-19.304,0.));
#11667 = VECTOR('',#11668,1.);
#11668 = DIRECTION('',(0.,0.,1.));
#11669 = ORIENTED_EDGE('',*,*,#9269,.F.);
#11670 = PLANE('',#11671);
#11671 = AXIS2_PLACEMENT_3D('',#11672,#11673,#11674);
#11672 = CARTESIAN_POINT('',(-1.016,-19.05,0.));
#11673 = DIRECTION('',(0.707106781187,-0.707106781187,0.));
#11674 = DIRECTION('',(-0.707106781187,-0.707106781187,0.));
#11675 = ADVANCED_FACE('',(#11676),#11687,.F.);
#11676 = FACE_BOUND('',#11677,.F.);
#11677 = EDGE_LOOP('',(#11678,#11684,#11685,#11686));
#11678 = ORIENTED_EDGE('',*,*,#11679,.T.);
#11679 = EDGE_CURVE('',#9414,#10317,#11680,.T.);
#11680 = LINE('',#11681,#11682);
#11681 = CARTESIAN_POINT('',(1.016,-19.05,0.));
#11682 = VECTOR('',#11683,1.);
#11683 = DIRECTION('',(0.,0.,1.));
#11684 = ORIENTED_EDGE('',*,*,#10324,.T.);
#11685 = ORIENTED_EDGE('',*,*,#11645,.F.);
#11686 = ORIENTED_EDGE('',*,*,#9421,.F.);
#11687 = PLANE('',#11688);
#11688 = AXIS2_PLACEMENT_3D('',#11689,#11690,#11691);
#11689 = CARTESIAN_POINT('',(1.016,-19.05,0.));
#11690 = DIRECTION('',(-0.707106781187,0.707106781187,0.));
#11691 = DIRECTION('',(0.707106781187,0.707106781187,0.));
#11692 = ADVANCED_FACE('',(#11693),#11704,.F.);
#11693 = FACE_BOUND('',#11694,.F.);
#11694 = EDGE_LOOP('',(#11695,#11696,#11697,#11703));
#11695 = ORIENTED_EDGE('',*,*,#11664,.T.);
#11696 = ORIENTED_EDGE('',*,*,#10180,.T.);
#11697 = ORIENTED_EDGE('',*,*,#11698,.F.);
#11698 = EDGE_CURVE('',#9278,#10181,#11699,.T.);
#11699 = LINE('',#11700,#11701);
#11700 = CARTESIAN_POINT('',(-1.27,-21.336,0.));
#11701 = VECTOR('',#11702,1.);
#11702 = DIRECTION('',(0.,0.,1.));
#11703 = ORIENTED_EDGE('',*,*,#9277,.F.);
#11704 = PLANE('',#11705);
#11705 = AXIS2_PLACEMENT_3D('',#11706,#11707,#11708);
#11706 = CARTESIAN_POINT('',(-1.27,-19.304,0.));
#11707 = DIRECTION('',(1.,0.,0.));
#11708 = DIRECTION('',(0.,-1.,0.));
#11709 = ADVANCED_FACE('',(#11710),#11721,.F.);
#11710 = FACE_BOUND('',#11711,.F.);
#11711 = EDGE_LOOP('',(#11712,#11718,#11719,#11720));
#11712 = ORIENTED_EDGE('',*,*,#11713,.T.);
#11713 = EDGE_CURVE('',#9406,#10309,#11714,.T.);
#11714 = LINE('',#11715,#11716);
#11715 = CARTESIAN_POINT('',(1.27,-19.304,0.));
#11716 = VECTOR('',#11717,1.);
#11717 = DIRECTION('',(0.,0.,1.));
#11718 = ORIENTED_EDGE('',*,*,#10316,.T.);
#11719 = ORIENTED_EDGE('',*,*,#11679,.F.);
#11720 = ORIENTED_EDGE('',*,*,#9413,.F.);
#11721 = PLANE('',#11722);
#11722 = AXIS2_PLACEMENT_3D('',#11723,#11724,#11725);
#11723 = CARTESIAN_POINT('',(1.27,-19.304,0.));
#11724 = DIRECTION('',(-0.707106781187,-0.707106781187,0.));
#11725 = DIRECTION('',(-0.707106781187,0.707106781187,0.));
#11726 = ADVANCED_FACE('',(#11727),#11738,.F.);
#11727 = FACE_BOUND('',#11728,.F.);
#11728 = EDGE_LOOP('',(#11729,#11730,#11731,#11737));
#11729 = ORIENTED_EDGE('',*,*,#11698,.T.);
#11730 = ORIENTED_EDGE('',*,*,#10188,.T.);
#11731 = ORIENTED_EDGE('',*,*,#11732,.F.);
#11732 = EDGE_CURVE('',#9286,#10189,#11733,.T.);
#11733 = LINE('',#11734,#11735);
#11734 = CARTESIAN_POINT('',(-1.016,-21.59,0.));
#11735 = VECTOR('',#11736,1.);
#11736 = DIRECTION('',(0.,0.,1.));
#11737 = ORIENTED_EDGE('',*,*,#9285,.F.);
#11738 = PLANE('',#11739);
#11739 = AXIS2_PLACEMENT_3D('',#11740,#11741,#11742);
#11740 = CARTESIAN_POINT('',(-1.27,-21.336,0.));
#11741 = DIRECTION('',(0.707106781187,0.707106781187,0.));
#11742 = DIRECTION('',(0.707106781187,-0.707106781187,0.));
#11743 = ADVANCED_FACE('',(#11744),#11755,.F.);
#11744 = FACE_BOUND('',#11745,.F.);
#11745 = EDGE_LOOP('',(#11746,#11752,#11753,#11754));
#11746 = ORIENTED_EDGE('',*,*,#11747,.T.);
#11747 = EDGE_CURVE('',#9398,#10301,#11748,.T.);
#11748 = LINE('',#11749,#11750);
#11749 = CARTESIAN_POINT('',(1.27,-21.336,0.));
#11750 = VECTOR('',#11751,1.);
#11751 = DIRECTION('',(0.,0.,1.));
#11752 = ORIENTED_EDGE('',*,*,#10308,.T.);
#11753 = ORIENTED_EDGE('',*,*,#11713,.F.);
#11754 = ORIENTED_EDGE('',*,*,#9405,.F.);
#11755 = PLANE('',#11756);
#11756 = AXIS2_PLACEMENT_3D('',#11757,#11758,#11759);
#11757 = CARTESIAN_POINT('',(1.27,-21.336,0.));
#11758 = DIRECTION('',(-1.,0.,0.));
#11759 = DIRECTION('',(0.,1.,0.));
#11760 = ADVANCED_FACE('',(#11761),#11772,.F.);
#11761 = FACE_BOUND('',#11762,.F.);
#11762 = EDGE_LOOP('',(#11763,#11764,#11765,#11771));
#11763 = ORIENTED_EDGE('',*,*,#11732,.T.);
#11764 = ORIENTED_EDGE('',*,*,#10196,.T.);
#11765 = ORIENTED_EDGE('',*,*,#11766,.F.);
#11766 = EDGE_CURVE('',#9294,#10197,#11767,.T.);
#11767 = LINE('',#11768,#11769);
#11768 = CARTESIAN_POINT('',(-1.27,-21.844,0.));
#11769 = VECTOR('',#11770,1.);
#11770 = DIRECTION('',(0.,0.,1.));
#11771 = ORIENTED_EDGE('',*,*,#9293,.F.);
#11772 = PLANE('',#11773);
#11773 = AXIS2_PLACEMENT_3D('',#11774,#11775,#11776);
#11774 = CARTESIAN_POINT('',(-1.016,-21.59,0.));
#11775 = DIRECTION('',(0.707106781187,-0.707106781187,0.));
#11776 = DIRECTION('',(-0.707106781187,-0.707106781187,0.));
#11777 = ADVANCED_FACE('',(#11778),#11789,.F.);
#11778 = FACE_BOUND('',#11779,.F.);
#11779 = EDGE_LOOP('',(#11780,#11786,#11787,#11788));
#11780 = ORIENTED_EDGE('',*,*,#11781,.T.);
#11781 = EDGE_CURVE('',#9390,#10293,#11782,.T.);
#11782 = LINE('',#11783,#11784);
#11783 = CARTESIAN_POINT('',(1.016,-21.59,0.));
#11784 = VECTOR('',#11785,1.);
#11785 = DIRECTION('',(0.,0.,1.));
#11786 = ORIENTED_EDGE('',*,*,#10300,.T.);
#11787 = ORIENTED_EDGE('',*,*,#11747,.F.);
#11788 = ORIENTED_EDGE('',*,*,#9397,.F.);
#11789 = PLANE('',#11790);
#11790 = AXIS2_PLACEMENT_3D('',#11791,#11792,#11793);
#11791 = CARTESIAN_POINT('',(1.016,-21.59,0.));
#11792 = DIRECTION('',(-0.707106781187,0.707106781187,0.));
#11793 = DIRECTION('',(0.707106781187,0.707106781187,0.));
#11794 = ADVANCED_FACE('',(#11795),#11806,.F.);
#11795 = FACE_BOUND('',#11796,.F.);
#11796 = EDGE_LOOP('',(#11797,#11798,#11799,#11805));
#11797 = ORIENTED_EDGE('',*,*,#11766,.T.);
#11798 = ORIENTED_EDGE('',*,*,#10204,.T.);
#11799 = ORIENTED_EDGE('',*,*,#11800,.F.);
#11800 = EDGE_CURVE('',#9302,#10205,#11801,.T.);
#11801 = LINE('',#11802,#11803);
#11802 = CARTESIAN_POINT('',(-1.27,-23.876,0.));
#11803 = VECTOR('',#11804,1.);
#11804 = DIRECTION('',(0.,0.,1.));
#11805 = ORIENTED_EDGE('',*,*,#9301,.F.);
#11806 = PLANE('',#11807);
#11807 = AXIS2_PLACEMENT_3D('',#11808,#11809,#11810);
#11808 = CARTESIAN_POINT('',(-1.27,-21.844,0.));
#11809 = DIRECTION('',(1.,0.,0.));
#11810 = DIRECTION('',(0.,-1.,0.));
#11811 = ADVANCED_FACE('',(#11812),#11823,.F.);
#11812 = FACE_BOUND('',#11813,.F.);
#11813 = EDGE_LOOP('',(#11814,#11820,#11821,#11822));
#11814 = ORIENTED_EDGE('',*,*,#11815,.T.);
#11815 = EDGE_CURVE('',#9382,#10285,#11816,.T.);
#11816 = LINE('',#11817,#11818);
#11817 = CARTESIAN_POINT('',(1.27,-21.844,0.));
#11818 = VECTOR('',#11819,1.);
#11819 = DIRECTION('',(0.,0.,1.));
#11820 = ORIENTED_EDGE('',*,*,#10292,.T.);
#11821 = ORIENTED_EDGE('',*,*,#11781,.F.);
#11822 = ORIENTED_EDGE('',*,*,#9389,.F.);
#11823 = PLANE('',#11824);
#11824 = AXIS2_PLACEMENT_3D('',#11825,#11826,#11827);
#11825 = CARTESIAN_POINT('',(1.27,-21.844,0.));
#11826 = DIRECTION('',(-0.707106781187,-0.707106781187,0.));
#11827 = DIRECTION('',(-0.707106781187,0.707106781187,0.));
#11828 = ADVANCED_FACE('',(#11829),#11840,.F.);
#11829 = FACE_BOUND('',#11830,.F.);
#11830 = EDGE_LOOP('',(#11831,#11832,#11833,#11839));
#11831 = ORIENTED_EDGE('',*,*,#11800,.T.);
#11832 = ORIENTED_EDGE('',*,*,#10212,.T.);
#11833 = ORIENTED_EDGE('',*,*,#11834,.F.);
#11834 = EDGE_CURVE('',#9310,#10213,#11835,.T.);
#11835 = LINE('',#11836,#11837);
#11836 = CARTESIAN_POINT('',(-1.016,-24.13,0.));
#11837 = VECTOR('',#11838,1.);
#11838 = DIRECTION('',(0.,0.,1.));
#11839 = ORIENTED_EDGE('',*,*,#9309,.F.);
#11840 = PLANE('',#11841);
#11841 = AXIS2_PLACEMENT_3D('',#11842,#11843,#11844);
#11842 = CARTESIAN_POINT('',(-1.27,-23.876,0.));
#11843 = DIRECTION('',(0.707106781187,0.707106781187,0.));
#11844 = DIRECTION('',(0.707106781187,-0.707106781187,0.));
#11845 = ADVANCED_FACE('',(#11846),#11857,.F.);
#11846 = FACE_BOUND('',#11847,.F.);
#11847 = EDGE_LOOP('',(#11848,#11854,#11855,#11856));
#11848 = ORIENTED_EDGE('',*,*,#11849,.T.);
#11849 = EDGE_CURVE('',#9374,#10277,#11850,.T.);
#11850 = LINE('',#11851,#11852);
#11851 = CARTESIAN_POINT('',(1.27,-23.876,0.));
#11852 = VECTOR('',#11853,1.);
#11853 = DIRECTION('',(0.,0.,1.));
#11854 = ORIENTED_EDGE('',*,*,#10284,.T.);
#11855 = ORIENTED_EDGE('',*,*,#11815,.F.);
#11856 = ORIENTED_EDGE('',*,*,#9381,.F.);
#11857 = PLANE('',#11858);
#11858 = AXIS2_PLACEMENT_3D('',#11859,#11860,#11861);
#11859 = CARTESIAN_POINT('',(1.27,-23.876,0.));
#11860 = DIRECTION('',(-1.,0.,0.));
#11861 = DIRECTION('',(0.,1.,0.));
#11862 = ADVANCED_FACE('',(#11863),#11874,.F.);
#11863 = FACE_BOUND('',#11864,.F.);
#11864 = EDGE_LOOP('',(#11865,#11866,#11867,#11873));
#11865 = ORIENTED_EDGE('',*,*,#11834,.T.);
#11866 = ORIENTED_EDGE('',*,*,#10220,.T.);
#11867 = ORIENTED_EDGE('',*,*,#11868,.F.);
#11868 = EDGE_CURVE('',#9318,#10221,#11869,.T.);
#11869 = LINE('',#11870,#11871);
#11870 = CARTESIAN_POINT('',(-1.27,-24.384,0.));
#11871 = VECTOR('',#11872,1.);
#11872 = DIRECTION('',(0.,0.,1.));
#11873 = ORIENTED_EDGE('',*,*,#9317,.F.);
#11874 = PLANE('',#11875);
#11875 = AXIS2_PLACEMENT_3D('',#11876,#11877,#11878);
#11876 = CARTESIAN_POINT('',(-1.016,-24.13,0.));
#11877 = DIRECTION('',(0.707106781187,-0.707106781187,0.));
#11878 = DIRECTION('',(-0.707106781187,-0.707106781187,0.));
#11879 = ADVANCED_FACE('',(#11880),#11891,.F.);
#11880 = FACE_BOUND('',#11881,.F.);
#11881 = EDGE_LOOP('',(#11882,#11888,#11889,#11890));
#11882 = ORIENTED_EDGE('',*,*,#11883,.T.);
#11883 = EDGE_CURVE('',#9366,#10269,#11884,.T.);
#11884 = LINE('',#11885,#11886);
#11885 = CARTESIAN_POINT('',(1.016,-24.13,0.));
#11886 = VECTOR('',#11887,1.);
#11887 = DIRECTION('',(0.,0.,1.));
#11888 = ORIENTED_EDGE('',*,*,#10276,.T.);
#11889 = ORIENTED_EDGE('',*,*,#11849,.F.);
#11890 = ORIENTED_EDGE('',*,*,#9373,.F.);
#11891 = PLANE('',#11892);
#11892 = AXIS2_PLACEMENT_3D('',#11893,#11894,#11895);
#11893 = CARTESIAN_POINT('',(1.016,-24.13,0.));
#11894 = DIRECTION('',(-0.707106781187,0.707106781187,0.));
#11895 = DIRECTION('',(0.707106781187,0.707106781187,0.));
#11896 = ADVANCED_FACE('',(#11897),#11908,.F.);
#11897 = FACE_BOUND('',#11898,.F.);
#11898 = EDGE_LOOP('',(#11899,#11900,#11901,#11907));
#11899 = ORIENTED_EDGE('',*,*,#11868,.T.);
#11900 = ORIENTED_EDGE('',*,*,#10228,.T.);
#11901 = ORIENTED_EDGE('',*,*,#11902,.F.);
#11902 = EDGE_CURVE('',#9326,#10229,#11903,.T.);
#11903 = LINE('',#11904,#11905);
#11904 = CARTESIAN_POINT('',(-1.27,-26.416,0.));
#11905 = VECTOR('',#11906,1.);
#11906 = DIRECTION('',(0.,0.,1.));
#11907 = ORIENTED_EDGE('',*,*,#9325,.F.);
#11908 = PLANE('',#11909);
#11909 = AXIS2_PLACEMENT_3D('',#11910,#11911,#11912);
#11910 = CARTESIAN_POINT('',(-1.27,-24.384,0.));
#11911 = DIRECTION('',(1.,0.,0.));
#11912 = DIRECTION('',(0.,-1.,0.));
#11913 = ADVANCED_FACE('',(#11914),#11925,.F.);
#11914 = FACE_BOUND('',#11915,.F.);
#11915 = EDGE_LOOP('',(#11916,#11922,#11923,#11924));
#11916 = ORIENTED_EDGE('',*,*,#11917,.T.);
#11917 = EDGE_CURVE('',#9358,#10261,#11918,.T.);
#11918 = LINE('',#11919,#11920);
#11919 = CARTESIAN_POINT('',(1.27,-24.384,0.));
#11920 = VECTOR('',#11921,1.);
#11921 = DIRECTION('',(0.,0.,1.));
#11922 = ORIENTED_EDGE('',*,*,#10268,.T.);
#11923 = ORIENTED_EDGE('',*,*,#11883,.F.);
#11924 = ORIENTED_EDGE('',*,*,#9365,.F.);
#11925 = PLANE('',#11926);
#11926 = AXIS2_PLACEMENT_3D('',#11927,#11928,#11929);
#11927 = CARTESIAN_POINT('',(1.27,-24.384,0.));
#11928 = DIRECTION('',(-0.707106781187,-0.707106781187,0.));
#11929 = DIRECTION('',(-0.707106781187,0.707106781187,0.));
#11930 = ADVANCED_FACE('',(#11931),#11942,.F.);
#11931 = FACE_BOUND('',#11932,.F.);
#11932 = EDGE_LOOP('',(#11933,#11934,#11935,#11941));
#11933 = ORIENTED_EDGE('',*,*,#11902,.T.);
#11934 = ORIENTED_EDGE('',*,*,#10236,.T.);
#11935 = ORIENTED_EDGE('',*,*,#11936,.F.);
#11936 = EDGE_CURVE('',#9334,#10237,#11937,.T.);
#11937 = LINE('',#11938,#11939);
#11938 = CARTESIAN_POINT('',(-1.016,-26.67,0.));
#11939 = VECTOR('',#11940,1.);
#11940 = DIRECTION('',(0.,0.,1.));
#11941 = ORIENTED_EDGE('',*,*,#9333,.F.);
#11942 = PLANE('',#11943);
#11943 = AXIS2_PLACEMENT_3D('',#11944,#11945,#11946);
#11944 = CARTESIAN_POINT('',(-1.27,-26.416,0.));
#11945 = DIRECTION('',(0.707106781187,0.707106781187,0.));
#11946 = DIRECTION('',(0.707106781187,-0.707106781187,0.));
#11947 = ADVANCED_FACE('',(#11948),#11959,.F.);
#11948 = FACE_BOUND('',#11949,.F.);
#11949 = EDGE_LOOP('',(#11950,#11956,#11957,#11958));
#11950 = ORIENTED_EDGE('',*,*,#11951,.T.);
#11951 = EDGE_CURVE('',#9350,#10253,#11952,.T.);
#11952 = LINE('',#11953,#11954);
#11953 = CARTESIAN_POINT('',(1.27,-26.416,0.));
#11954 = VECTOR('',#11955,1.);
#11955 = DIRECTION('',(0.,0.,1.));
#11956 = ORIENTED_EDGE('',*,*,#10260,.T.);
#11957 = ORIENTED_EDGE('',*,*,#11917,.F.);
#11958 = ORIENTED_EDGE('',*,*,#9357,.F.);
#11959 = PLANE('',#11960);
#11960 = AXIS2_PLACEMENT_3D('',#11961,#11962,#11963);
#11961 = CARTESIAN_POINT('',(1.27,-26.416,0.));
#11962 = DIRECTION('',(-1.,0.,0.));
#11963 = DIRECTION('',(0.,1.,0.));
#11964 = ADVANCED_FACE('',(#11965),#11976,.F.);
#11965 = FACE_BOUND('',#11966,.F.);
#11966 = EDGE_LOOP('',(#11967,#11968,#11969,#11975));
#11967 = ORIENTED_EDGE('',*,*,#11936,.T.);
#11968 = ORIENTED_EDGE('',*,*,#10244,.T.);
#11969 = ORIENTED_EDGE('',*,*,#11970,.F.);
#11970 = EDGE_CURVE('',#9342,#10245,#11971,.T.);
#11971 = LINE('',#11972,#11973);
#11972 = CARTESIAN_POINT('',(1.016,-26.67,0.));
#11973 = VECTOR('',#11974,1.);
#11974 = DIRECTION('',(0.,0.,1.));
#11975 = ORIENTED_EDGE('',*,*,#9341,.F.);
#11976 = PLANE('',#11977);
#11977 = AXIS2_PLACEMENT_3D('',#11978,#11979,#11980);
#11978 = CARTESIAN_POINT('',(-1.016,-26.67,0.));
#11979 = DIRECTION('',(0.,1.,0.));
#11980 = DIRECTION('',(1.,0.,0.));
#11981 = ADVANCED_FACE('',(#11982),#11988,.F.);
#11982 = FACE_BOUND('',#11983,.F.);
#11983 = EDGE_LOOP('',(#11984,#11985,#11986,#11987));
#11984 = ORIENTED_EDGE('',*,*,#11970,.T.);
#11985 = ORIENTED_EDGE('',*,*,#10252,.T.);
#11986 = ORIENTED_EDGE('',*,*,#11951,.F.);
#11987 = ORIENTED_EDGE('',*,*,#9349,.F.);
#11988 = PLANE('',#11989);
#11989 = AXIS2_PLACEMENT_3D('',#11990,#11991,#11992);
#11990 = CARTESIAN_POINT('',(1.016,-26.67,0.));
#11991 = DIRECTION('',(-0.707106781187,0.707106781187,0.));
#11992 = DIRECTION('',(0.707106781187,0.707106781187,0.));
#11993 = ADVANCED_FACE('',(#11994),#12019,.T.);
#11994 = FACE_BOUND('',#11995,.T.);
#11995 = EDGE_LOOP('',(#11996,#12004,#12012,#12018));
#11996 = ORIENTED_EDGE('',*,*,#11997,.F.);
#11997 = EDGE_CURVE('',#11998,#9615,#12000,.T.);
#11998 = VERTEX_POINT('',#11999);
#11999 = CARTESIAN_POINT('',(0.32,-18.1,-2.84));
#12000 = LINE('',#12001,#12002);
#12001 = CARTESIAN_POINT('',(0.32,-18.1,-3.));
#12002 = VECTOR('',#12003,1.);
#12003 = DIRECTION('',(0.,0.,1.));
#12004 = ORIENTED_EDGE('',*,*,#12005,.T.);
#12005 = EDGE_CURVE('',#11998,#12006,#12008,.T.);
#12006 = VERTEX_POINT('',#12007);
#12007 = CARTESIAN_POINT('',(0.32,-17.46,-2.84));
#12008 = LINE('',#12009,#12010);
#12009 = CARTESIAN_POINT('',(0.32,-18.1,-2.84));
#12010 = VECTOR('',#12011,1.);
#12011 = DIRECTION('',(0.,1.,0.));
#12012 = ORIENTED_EDGE('',*,*,#12013,.T.);
#12013 = EDGE_CURVE('',#12006,#9617,#12014,.T.);
#12014 = LINE('',#12015,#12016);
#12015 = CARTESIAN_POINT('',(0.32,-17.46,-3.));
#12016 = VECTOR('',#12017,1.);
#12017 = DIRECTION('',(0.,0.,1.));
#12018 = ORIENTED_EDGE('',*,*,#9614,.F.);
#12019 = PLANE('',#12020);
#12020 = AXIS2_PLACEMENT_3D('',#12021,#12022,#12023);
#12021 = CARTESIAN_POINT('',(0.32,-18.1,-3.));
#12022 = DIRECTION('',(1.,0.,0.));
#12023 = DIRECTION('',(0.,0.,1.));
#12024 = ADVANCED_FACE('',(#12025),#12043,.T.);
#12025 = FACE_BOUND('',#12026,.T.);
#12026 = EDGE_LOOP('',(#12027,#12028,#12036,#12042));
#12027 = ORIENTED_EDGE('',*,*,#12013,.F.);
#12028 = ORIENTED_EDGE('',*,*,#12029,.F.);
#12029 = EDGE_CURVE('',#12030,#12006,#12032,.T.);
#12030 = VERTEX_POINT('',#12031);
#12031 = CARTESIAN_POINT('',(-0.32,-17.46,-2.84));
#12032 = LINE('',#12033,#12034);
#12033 = CARTESIAN_POINT('',(-0.32,-17.46,-2.84));
#12034 = VECTOR('',#12035,1.);
#12035 = DIRECTION('',(1.,0.,0.));
#12036 = ORIENTED_EDGE('',*,*,#12037,.T.);
#12037 = EDGE_CURVE('',#12030,#9633,#12038,.T.);
#12038 = LINE('',#12039,#12040);
#12039 = CARTESIAN_POINT('',(-0.32,-17.46,-3.));
#12040 = VECTOR('',#12041,1.);
#12041 = DIRECTION('',(0.,0.,1.));
#12042 = ORIENTED_EDGE('',*,*,#9640,.F.);
#12043 = PLANE('',#12044);
#12044 = AXIS2_PLACEMENT_3D('',#12045,#12046,#12047);
#12045 = CARTESIAN_POINT('',(-0.32,-17.46,-3.));
#12046 = DIRECTION('',(0.,1.,0.));
#12047 = DIRECTION('',(0.,-0.,1.));
#12048 = ADVANCED_FACE('',(#12049),#12067,.F.);
#12049 = FACE_BOUND('',#12050,.F.);
#12050 = EDGE_LOOP('',(#12051,#12059,#12065,#12066));
#12051 = ORIENTED_EDGE('',*,*,#12052,.F.);
#12052 = EDGE_CURVE('',#12053,#9625,#12055,.T.);
#12053 = VERTEX_POINT('',#12054);
#12054 = CARTESIAN_POINT('',(-0.32,-18.1,-2.84));
#12055 = LINE('',#12056,#12057);
#12056 = CARTESIAN_POINT('',(-0.32,-18.1,-3.));
#12057 = VECTOR('',#12058,1.);
#12058 = DIRECTION('',(0.,0.,1.));
#12059 = ORIENTED_EDGE('',*,*,#12060,.T.);
#12060 = EDGE_CURVE('',#12053,#12030,#12061,.T.);
#12061 = LINE('',#12062,#12063);
#12062 = CARTESIAN_POINT('',(-0.32,-18.1,-2.84));
#12063 = VECTOR('',#12064,1.);
#12064 = DIRECTION('',(0.,1.,0.));
#12065 = ORIENTED_EDGE('',*,*,#12037,.T.);
#12066 = ORIENTED_EDGE('',*,*,#9632,.F.);
#12067 = PLANE('',#12068);
#12068 = AXIS2_PLACEMENT_3D('',#12069,#12070,#12071);
#12069 = CARTESIAN_POINT('',(-0.32,-18.1,-3.));
#12070 = DIRECTION('',(1.,0.,0.));
#12071 = DIRECTION('',(0.,0.,1.));
#12072 = ADVANCED_FACE('',(#12073),#12084,.F.);
#12073 = FACE_BOUND('',#12074,.F.);
#12074 = EDGE_LOOP('',(#12075,#12076,#12082,#12083));
#12075 = ORIENTED_EDGE('',*,*,#11997,.F.);
#12076 = ORIENTED_EDGE('',*,*,#12077,.F.);
#12077 = EDGE_CURVE('',#12053,#11998,#12078,.T.);
#12078 = LINE('',#12079,#12080);
#12079 = CARTESIAN_POINT('',(-0.32,-18.1,-2.84));
#12080 = VECTOR('',#12081,1.);
#12081 = DIRECTION('',(1.,0.,0.));
#12082 = ORIENTED_EDGE('',*,*,#12052,.T.);
#12083 = ORIENTED_EDGE('',*,*,#9624,.F.);
#12084 = PLANE('',#12085);
#12085 = AXIS2_PLACEMENT_3D('',#12086,#12087,#12088);
#12086 = CARTESIAN_POINT('',(-0.32,-18.1,-3.));
#12087 = DIRECTION('',(0.,1.,0.));
#12088 = DIRECTION('',(0.,-0.,1.));
#12089 = ADVANCED_FACE('',(#12090),#12115,.T.);
#12090 = FACE_BOUND('',#12091,.T.);
#12091 = EDGE_LOOP('',(#12092,#12100,#12108,#12114));
#12092 = ORIENTED_EDGE('',*,*,#12093,.F.);
#12093 = EDGE_CURVE('',#12094,#9649,#12096,.T.);
#12094 = VERTEX_POINT('',#12095);
#12095 = CARTESIAN_POINT('',(0.32,-15.56,-2.84));
#12096 = LINE('',#12097,#12098);
#12097 = CARTESIAN_POINT('',(0.32,-15.56,-3.));
#12098 = VECTOR('',#12099,1.);
#12099 = DIRECTION('',(0.,0.,1.));
#12100 = ORIENTED_EDGE('',*,*,#12101,.T.);
#12101 = EDGE_CURVE('',#12094,#12102,#12104,.T.);
#12102 = VERTEX_POINT('',#12103);
#12103 = CARTESIAN_POINT('',(0.32,-14.92,-2.84));
#12104 = LINE('',#12105,#12106);
#12105 = CARTESIAN_POINT('',(0.32,-15.56,-2.84));
#12106 = VECTOR('',#12107,1.);
#12107 = DIRECTION('',(0.,1.,0.));
#12108 = ORIENTED_EDGE('',*,*,#12109,.T.);
#12109 = EDGE_CURVE('',#12102,#9651,#12110,.T.);
#12110 = LINE('',#12111,#12112);
#12111 = CARTESIAN_POINT('',(0.32,-14.92,-3.));
#12112 = VECTOR('',#12113,1.);
#12113 = DIRECTION('',(0.,0.,1.));
#12114 = ORIENTED_EDGE('',*,*,#9648,.F.);
#12115 = PLANE('',#12116);
#12116 = AXIS2_PLACEMENT_3D('',#12117,#12118,#12119);
#12117 = CARTESIAN_POINT('',(0.32,-15.56,-3.));
#12118 = DIRECTION('',(1.,0.,0.));
#12119 = DIRECTION('',(0.,0.,1.));
#12120 = ADVANCED_FACE('',(#12121),#12139,.T.);
#12121 = FACE_BOUND('',#12122,.T.);
#12122 = EDGE_LOOP('',(#12123,#12124,#12132,#12138));
#12123 = ORIENTED_EDGE('',*,*,#12109,.F.);
#12124 = ORIENTED_EDGE('',*,*,#12125,.F.);
#12125 = EDGE_CURVE('',#12126,#12102,#12128,.T.);
#12126 = VERTEX_POINT('',#12127);
#12127 = CARTESIAN_POINT('',(-0.32,-14.92,-2.84));
#12128 = LINE('',#12129,#12130);
#12129 = CARTESIAN_POINT('',(-0.32,-14.92,-2.84));
#12130 = VECTOR('',#12131,1.);
#12131 = DIRECTION('',(1.,0.,0.));
#12132 = ORIENTED_EDGE('',*,*,#12133,.T.);
#12133 = EDGE_CURVE('',#12126,#9667,#12134,.T.);
#12134 = LINE('',#12135,#12136);
#12135 = CARTESIAN_POINT('',(-0.32,-14.92,-3.));
#12136 = VECTOR('',#12137,1.);
#12137 = DIRECTION('',(0.,0.,1.));
#12138 = ORIENTED_EDGE('',*,*,#9674,.F.);
#12139 = PLANE('',#12140);
#12140 = AXIS2_PLACEMENT_3D('',#12141,#12142,#12143);
#12141 = CARTESIAN_POINT('',(-0.32,-14.92,-3.));
#12142 = DIRECTION('',(0.,1.,0.));
#12143 = DIRECTION('',(0.,-0.,1.));
#12144 = ADVANCED_FACE('',(#12145),#12163,.F.);
#12145 = FACE_BOUND('',#12146,.F.);
#12146 = EDGE_LOOP('',(#12147,#12155,#12161,#12162));
#12147 = ORIENTED_EDGE('',*,*,#12148,.F.);
#12148 = EDGE_CURVE('',#12149,#9659,#12151,.T.);
#12149 = VERTEX_POINT('',#12150);
#12150 = CARTESIAN_POINT('',(-0.32,-15.56,-2.84));
#12151 = LINE('',#12152,#12153);
#12152 = CARTESIAN_POINT('',(-0.32,-15.56,-3.));
#12153 = VECTOR('',#12154,1.);
#12154 = DIRECTION('',(0.,0.,1.));
#12155 = ORIENTED_EDGE('',*,*,#12156,.T.);
#12156 = EDGE_CURVE('',#12149,#12126,#12157,.T.);
#12157 = LINE('',#12158,#12159);
#12158 = CARTESIAN_POINT('',(-0.32,-15.56,-2.84));
#12159 = VECTOR('',#12160,1.);
#12160 = DIRECTION('',(0.,1.,0.));
#12161 = ORIENTED_EDGE('',*,*,#12133,.T.);
#12162 = ORIENTED_EDGE('',*,*,#9666,.F.);
#12163 = PLANE('',#12164);
#12164 = AXIS2_PLACEMENT_3D('',#12165,#12166,#12167);
#12165 = CARTESIAN_POINT('',(-0.32,-15.56,-3.));
#12166 = DIRECTION('',(1.,0.,0.));
#12167 = DIRECTION('',(0.,0.,1.));
#12168 = ADVANCED_FACE('',(#12169),#12180,.F.);
#12169 = FACE_BOUND('',#12170,.F.);
#12170 = EDGE_LOOP('',(#12171,#12172,#12178,#12179));
#12171 = ORIENTED_EDGE('',*,*,#12093,.F.);
#12172 = ORIENTED_EDGE('',*,*,#12173,.F.);
#12173 = EDGE_CURVE('',#12149,#12094,#12174,.T.);
#12174 = LINE('',#12175,#12176);
#12175 = CARTESIAN_POINT('',(-0.32,-15.56,-2.84));
#12176 = VECTOR('',#12177,1.);
#12177 = DIRECTION('',(1.,0.,0.));
#12178 = ORIENTED_EDGE('',*,*,#12148,.T.);
#12179 = ORIENTED_EDGE('',*,*,#9658,.F.);
#12180 = PLANE('',#12181);
#12181 = AXIS2_PLACEMENT_3D('',#12182,#12183,#12184);
#12182 = CARTESIAN_POINT('',(-0.32,-15.56,-3.));
#12183 = DIRECTION('',(0.,1.,0.));
#12184 = DIRECTION('',(0.,-0.,1.));
#12185 = ADVANCED_FACE('',(#12186),#12211,.T.);
#12186 = FACE_BOUND('',#12187,.T.);
#12187 = EDGE_LOOP('',(#12188,#12196,#12204,#12210));
#12188 = ORIENTED_EDGE('',*,*,#12189,.F.);
#12189 = EDGE_CURVE('',#12190,#9683,#12192,.T.);
#12190 = VERTEX_POINT('',#12191);
#12191 = CARTESIAN_POINT('',(0.32,-13.02,-2.84));
#12192 = LINE('',#12193,#12194);
#12193 = CARTESIAN_POINT('',(0.32,-13.02,-3.));
#12194 = VECTOR('',#12195,1.);
#12195 = DIRECTION('',(0.,0.,1.));
#12196 = ORIENTED_EDGE('',*,*,#12197,.T.);
#12197 = EDGE_CURVE('',#12190,#12198,#12200,.T.);
#12198 = VERTEX_POINT('',#12199);
#12199 = CARTESIAN_POINT('',(0.32,-12.38,-2.84));
#12200 = LINE('',#12201,#12202);
#12201 = CARTESIAN_POINT('',(0.32,-13.02,-2.84));
#12202 = VECTOR('',#12203,1.);
#12203 = DIRECTION('',(0.,1.,0.));
#12204 = ORIENTED_EDGE('',*,*,#12205,.T.);
#12205 = EDGE_CURVE('',#12198,#9685,#12206,.T.);
#12206 = LINE('',#12207,#12208);
#12207 = CARTESIAN_POINT('',(0.32,-12.38,-3.));
#12208 = VECTOR('',#12209,1.);
#12209 = DIRECTION('',(0.,0.,1.));
#12210 = ORIENTED_EDGE('',*,*,#9682,.F.);
#12211 = PLANE('',#12212);
#12212 = AXIS2_PLACEMENT_3D('',#12213,#12214,#12215);
#12213 = CARTESIAN_POINT('',(0.32,-13.02,-3.));
#12214 = DIRECTION('',(1.,0.,0.));
#12215 = DIRECTION('',(0.,0.,1.));
#12216 = ADVANCED_FACE('',(#12217),#12235,.T.);
#12217 = FACE_BOUND('',#12218,.T.);
#12218 = EDGE_LOOP('',(#12219,#12220,#12228,#12234));
#12219 = ORIENTED_EDGE('',*,*,#12205,.F.);
#12220 = ORIENTED_EDGE('',*,*,#12221,.F.);
#12221 = EDGE_CURVE('',#12222,#12198,#12224,.T.);
#12222 = VERTEX_POINT('',#12223);
#12223 = CARTESIAN_POINT('',(-0.32,-12.38,-2.84));
#12224 = LINE('',#12225,#12226);
#12225 = CARTESIAN_POINT('',(-0.32,-12.38,-2.84));
#12226 = VECTOR('',#12227,1.);
#12227 = DIRECTION('',(1.,0.,0.));
#12228 = ORIENTED_EDGE('',*,*,#12229,.T.);
#12229 = EDGE_CURVE('',#12222,#9701,#12230,.T.);
#12230 = LINE('',#12231,#12232);
#12231 = CARTESIAN_POINT('',(-0.32,-12.38,-3.));
#12232 = VECTOR('',#12233,1.);
#12233 = DIRECTION('',(0.,0.,1.));
#12234 = ORIENTED_EDGE('',*,*,#9708,.F.);
#12235 = PLANE('',#12236);
#12236 = AXIS2_PLACEMENT_3D('',#12237,#12238,#12239);
#12237 = CARTESIAN_POINT('',(-0.32,-12.38,-3.));
#12238 = DIRECTION('',(0.,1.,0.));
#12239 = DIRECTION('',(0.,-0.,1.));
#12240 = ADVANCED_FACE('',(#12241),#12259,.F.);
#12241 = FACE_BOUND('',#12242,.F.);
#12242 = EDGE_LOOP('',(#12243,#12251,#12257,#12258));
#12243 = ORIENTED_EDGE('',*,*,#12244,.F.);
#12244 = EDGE_CURVE('',#12245,#9693,#12247,.T.);
#12245 = VERTEX_POINT('',#12246);
#12246 = CARTESIAN_POINT('',(-0.32,-13.02,-2.84));
#12247 = LINE('',#12248,#12249);
#12248 = CARTESIAN_POINT('',(-0.32,-13.02,-3.));
#12249 = VECTOR('',#12250,1.);
#12250 = DIRECTION('',(0.,0.,1.));
#12251 = ORIENTED_EDGE('',*,*,#12252,.T.);
#12252 = EDGE_CURVE('',#12245,#12222,#12253,.T.);
#12253 = LINE('',#12254,#12255);
#12254 = CARTESIAN_POINT('',(-0.32,-13.02,-2.84));
#12255 = VECTOR('',#12256,1.);
#12256 = DIRECTION('',(0.,1.,0.));
#12257 = ORIENTED_EDGE('',*,*,#12229,.T.);
#12258 = ORIENTED_EDGE('',*,*,#9700,.F.);
#12259 = PLANE('',#12260);
#12260 = AXIS2_PLACEMENT_3D('',#12261,#12262,#12263);
#12261 = CARTESIAN_POINT('',(-0.32,-13.02,-3.));
#12262 = DIRECTION('',(1.,0.,0.));
#12263 = DIRECTION('',(0.,0.,1.));
#12264 = ADVANCED_FACE('',(#12265),#12276,.F.);
#12265 = FACE_BOUND('',#12266,.F.);
#12266 = EDGE_LOOP('',(#12267,#12268,#12274,#12275));
#12267 = ORIENTED_EDGE('',*,*,#12189,.F.);
#12268 = ORIENTED_EDGE('',*,*,#12269,.F.);
#12269 = EDGE_CURVE('',#12245,#12190,#12270,.T.);
#12270 = LINE('',#12271,#12272);
#12271 = CARTESIAN_POINT('',(-0.32,-13.02,-2.84));
#12272 = VECTOR('',#12273,1.);
#12273 = DIRECTION('',(1.,0.,0.));
#12274 = ORIENTED_EDGE('',*,*,#12244,.T.);
#12275 = ORIENTED_EDGE('',*,*,#9692,.F.);
#12276 = PLANE('',#12277);
#12277 = AXIS2_PLACEMENT_3D('',#12278,#12279,#12280);
#12278 = CARTESIAN_POINT('',(-0.32,-13.02,-3.));
#12279 = DIRECTION('',(0.,1.,0.));
#12280 = DIRECTION('',(0.,-0.,1.));
#12281 = ADVANCED_FACE('',(#12282),#12307,.T.);
#12282 = FACE_BOUND('',#12283,.T.);
#12283 = EDGE_LOOP('',(#12284,#12292,#12300,#12306));
#12284 = ORIENTED_EDGE('',*,*,#12285,.F.);
#12285 = EDGE_CURVE('',#12286,#9717,#12288,.T.);
#12286 = VERTEX_POINT('',#12287);
#12287 = CARTESIAN_POINT('',(0.32,-2.86,-2.84));
#12288 = LINE('',#12289,#12290);
#12289 = CARTESIAN_POINT('',(0.32,-2.86,-3.));
#12290 = VECTOR('',#12291,1.);
#12291 = DIRECTION('',(0.,0.,1.));
#12292 = ORIENTED_EDGE('',*,*,#12293,.T.);
#12293 = EDGE_CURVE('',#12286,#12294,#12296,.T.);
#12294 = VERTEX_POINT('',#12295);
#12295 = CARTESIAN_POINT('',(0.32,-2.22,-2.84));
#12296 = LINE('',#12297,#12298);
#12297 = CARTESIAN_POINT('',(0.32,-2.86,-2.84));
#12298 = VECTOR('',#12299,1.);
#12299 = DIRECTION('',(0.,1.,0.));
#12300 = ORIENTED_EDGE('',*,*,#12301,.T.);
#12301 = EDGE_CURVE('',#12294,#9719,#12302,.T.);
#12302 = LINE('',#12303,#12304);
#12303 = CARTESIAN_POINT('',(0.32,-2.22,-3.));
#12304 = VECTOR('',#12305,1.);
#12305 = DIRECTION('',(0.,0.,1.));
#12306 = ORIENTED_EDGE('',*,*,#9716,.F.);
#12307 = PLANE('',#12308);
#12308 = AXIS2_PLACEMENT_3D('',#12309,#12310,#12311);
#12309 = CARTESIAN_POINT('',(0.32,-2.86,-3.));
#12310 = DIRECTION('',(1.,0.,0.));
#12311 = DIRECTION('',(0.,0.,1.));
#12312 = ADVANCED_FACE('',(#12313),#12331,.T.);
#12313 = FACE_BOUND('',#12314,.T.);
#12314 = EDGE_LOOP('',(#12315,#12316,#12324,#12330));
#12315 = ORIENTED_EDGE('',*,*,#12301,.F.);
#12316 = ORIENTED_EDGE('',*,*,#12317,.F.);
#12317 = EDGE_CURVE('',#12318,#12294,#12320,.T.);
#12318 = VERTEX_POINT('',#12319);
#12319 = CARTESIAN_POINT('',(-0.32,-2.22,-2.84));
#12320 = LINE('',#12321,#12322);
#12321 = CARTESIAN_POINT('',(-0.32,-2.22,-2.84));
#12322 = VECTOR('',#12323,1.);
#12323 = DIRECTION('',(1.,0.,0.));
#12324 = ORIENTED_EDGE('',*,*,#12325,.T.);
#12325 = EDGE_CURVE('',#12318,#9735,#12326,.T.);
#12326 = LINE('',#12327,#12328);
#12327 = CARTESIAN_POINT('',(-0.32,-2.22,-3.));
#12328 = VECTOR('',#12329,1.);
#12329 = DIRECTION('',(0.,0.,1.));
#12330 = ORIENTED_EDGE('',*,*,#9742,.F.);
#12331 = PLANE('',#12332);
#12332 = AXIS2_PLACEMENT_3D('',#12333,#12334,#12335);
#12333 = CARTESIAN_POINT('',(-0.32,-2.22,-3.));
#12334 = DIRECTION('',(0.,1.,0.));
#12335 = DIRECTION('',(0.,-0.,1.));
#12336 = ADVANCED_FACE('',(#12337),#12355,.F.);
#12337 = FACE_BOUND('',#12338,.F.);
#12338 = EDGE_LOOP('',(#12339,#12347,#12353,#12354));
#12339 = ORIENTED_EDGE('',*,*,#12340,.F.);
#12340 = EDGE_CURVE('',#12341,#9727,#12343,.T.);
#12341 = VERTEX_POINT('',#12342);
#12342 = CARTESIAN_POINT('',(-0.32,-2.86,-2.84));
#12343 = LINE('',#12344,#12345);
#12344 = CARTESIAN_POINT('',(-0.32,-2.86,-3.));
#12345 = VECTOR('',#12346,1.);
#12346 = DIRECTION('',(0.,0.,1.));
#12347 = ORIENTED_EDGE('',*,*,#12348,.T.);
#12348 = EDGE_CURVE('',#12341,#12318,#12349,.T.);
#12349 = LINE('',#12350,#12351);
#12350 = CARTESIAN_POINT('',(-0.32,-2.86,-2.84));
#12351 = VECTOR('',#12352,1.);
#12352 = DIRECTION('',(0.,1.,0.));
#12353 = ORIENTED_EDGE('',*,*,#12325,.T.);
#12354 = ORIENTED_EDGE('',*,*,#9734,.F.);
#12355 = PLANE('',#12356);
#12356 = AXIS2_PLACEMENT_3D('',#12357,#12358,#12359);
#12357 = CARTESIAN_POINT('',(-0.32,-2.86,-3.));
#12358 = DIRECTION('',(1.,0.,0.));
#12359 = DIRECTION('',(0.,0.,1.));
#12360 = ADVANCED_FACE('',(#12361),#12372,.F.);
#12361 = FACE_BOUND('',#12362,.F.);
#12362 = EDGE_LOOP('',(#12363,#12364,#12370,#12371));
#12363 = ORIENTED_EDGE('',*,*,#12285,.F.);
#12364 = ORIENTED_EDGE('',*,*,#12365,.F.);
#12365 = EDGE_CURVE('',#12341,#12286,#12366,.T.);
#12366 = LINE('',#12367,#12368);
#12367 = CARTESIAN_POINT('',(-0.32,-2.86,-2.84));
#12368 = VECTOR('',#12369,1.);
#12369 = DIRECTION('',(1.,0.,0.));
#12370 = ORIENTED_EDGE('',*,*,#12340,.T.);
#12371 = ORIENTED_EDGE('',*,*,#9726,.F.);
#12372 = PLANE('',#12373);
#12373 = AXIS2_PLACEMENT_3D('',#12374,#12375,#12376);
#12374 = CARTESIAN_POINT('',(-0.32,-2.86,-3.));
#12375 = DIRECTION('',(0.,1.,0.));
#12376 = DIRECTION('',(0.,-0.,1.));
#12377 = ADVANCED_FACE('',(#12378),#12403,.T.);
#12378 = FACE_BOUND('',#12379,.T.);
#12379 = EDGE_LOOP('',(#12380,#12388,#12396,#12402));
#12380 = ORIENTED_EDGE('',*,*,#12381,.F.);
#12381 = EDGE_CURVE('',#12382,#9751,#12384,.T.);
#12382 = VERTEX_POINT('',#12383);
#12383 = CARTESIAN_POINT('',(0.32,-5.4,-2.84));
#12384 = LINE('',#12385,#12386);
#12385 = CARTESIAN_POINT('',(0.32,-5.4,-3.));
#12386 = VECTOR('',#12387,1.);
#12387 = DIRECTION('',(0.,0.,1.));
#12388 = ORIENTED_EDGE('',*,*,#12389,.T.);
#12389 = EDGE_CURVE('',#12382,#12390,#12392,.T.);
#12390 = VERTEX_POINT('',#12391);
#12391 = CARTESIAN_POINT('',(0.32,-4.76,-2.84));
#12392 = LINE('',#12393,#12394);
#12393 = CARTESIAN_POINT('',(0.32,-5.4,-2.84));
#12394 = VECTOR('',#12395,1.);
#12395 = DIRECTION('',(0.,1.,0.));
#12396 = ORIENTED_EDGE('',*,*,#12397,.T.);
#12397 = EDGE_CURVE('',#12390,#9753,#12398,.T.);
#12398 = LINE('',#12399,#12400);
#12399 = CARTESIAN_POINT('',(0.32,-4.76,-3.));
#12400 = VECTOR('',#12401,1.);
#12401 = DIRECTION('',(0.,0.,1.));
#12402 = ORIENTED_EDGE('',*,*,#9750,.F.);
#12403 = PLANE('',#12404);
#12404 = AXIS2_PLACEMENT_3D('',#12405,#12406,#12407);
#12405 = CARTESIAN_POINT('',(0.32,-5.4,-3.));
#12406 = DIRECTION('',(1.,0.,0.));
#12407 = DIRECTION('',(0.,0.,1.));
#12408 = ADVANCED_FACE('',(#12409),#12427,.T.);
#12409 = FACE_BOUND('',#12410,.T.);
#12410 = EDGE_LOOP('',(#12411,#12412,#12420,#12426));
#12411 = ORIENTED_EDGE('',*,*,#12397,.F.);
#12412 = ORIENTED_EDGE('',*,*,#12413,.F.);
#12413 = EDGE_CURVE('',#12414,#12390,#12416,.T.);
#12414 = VERTEX_POINT('',#12415);
#12415 = CARTESIAN_POINT('',(-0.32,-4.76,-2.84));
#12416 = LINE('',#12417,#12418);
#12417 = CARTESIAN_POINT('',(-0.32,-4.76,-2.84));
#12418 = VECTOR('',#12419,1.);
#12419 = DIRECTION('',(1.,0.,0.));
#12420 = ORIENTED_EDGE('',*,*,#12421,.T.);
#12421 = EDGE_CURVE('',#12414,#9769,#12422,.T.);
#12422 = LINE('',#12423,#12424);
#12423 = CARTESIAN_POINT('',(-0.32,-4.76,-3.));
#12424 = VECTOR('',#12425,1.);
#12425 = DIRECTION('',(0.,0.,1.));
#12426 = ORIENTED_EDGE('',*,*,#9776,.F.);
#12427 = PLANE('',#12428);
#12428 = AXIS2_PLACEMENT_3D('',#12429,#12430,#12431);
#12429 = CARTESIAN_POINT('',(-0.32,-4.76,-3.));
#12430 = DIRECTION('',(0.,1.,0.));
#12431 = DIRECTION('',(0.,-0.,1.));
#12432 = ADVANCED_FACE('',(#12433),#12451,.F.);
#12433 = FACE_BOUND('',#12434,.F.);
#12434 = EDGE_LOOP('',(#12435,#12443,#12449,#12450));
#12435 = ORIENTED_EDGE('',*,*,#12436,.F.);
#12436 = EDGE_CURVE('',#12437,#9761,#12439,.T.);
#12437 = VERTEX_POINT('',#12438);
#12438 = CARTESIAN_POINT('',(-0.32,-5.4,-2.84));
#12439 = LINE('',#12440,#12441);
#12440 = CARTESIAN_POINT('',(-0.32,-5.4,-3.));
#12441 = VECTOR('',#12442,1.);
#12442 = DIRECTION('',(0.,0.,1.));
#12443 = ORIENTED_EDGE('',*,*,#12444,.T.);
#12444 = EDGE_CURVE('',#12437,#12414,#12445,.T.);
#12445 = LINE('',#12446,#12447);
#12446 = CARTESIAN_POINT('',(-0.32,-5.4,-2.84));
#12447 = VECTOR('',#12448,1.);
#12448 = DIRECTION('',(0.,1.,0.));
#12449 = ORIENTED_EDGE('',*,*,#12421,.T.);
#12450 = ORIENTED_EDGE('',*,*,#9768,.F.);
#12451 = PLANE('',#12452);
#12452 = AXIS2_PLACEMENT_3D('',#12453,#12454,#12455);
#12453 = CARTESIAN_POINT('',(-0.32,-5.4,-3.));
#12454 = DIRECTION('',(1.,0.,0.));
#12455 = DIRECTION('',(0.,0.,1.));
#12456 = ADVANCED_FACE('',(#12457),#12468,.F.);
#12457 = FACE_BOUND('',#12458,.F.);
#12458 = EDGE_LOOP('',(#12459,#12460,#12466,#12467));
#12459 = ORIENTED_EDGE('',*,*,#12381,.F.);
#12460 = ORIENTED_EDGE('',*,*,#12461,.F.);
#12461 = EDGE_CURVE('',#12437,#12382,#12462,.T.);
#12462 = LINE('',#12463,#12464);
#12463 = CARTESIAN_POINT('',(-0.32,-5.4,-2.84));
#12464 = VECTOR('',#12465,1.);
#12465 = DIRECTION('',(1.,0.,0.));
#12466 = ORIENTED_EDGE('',*,*,#12436,.T.);
#12467 = ORIENTED_EDGE('',*,*,#9760,.F.);
#12468 = PLANE('',#12469);
#12469 = AXIS2_PLACEMENT_3D('',#12470,#12471,#12472);
#12470 = CARTESIAN_POINT('',(-0.32,-5.4,-3.));
#12471 = DIRECTION('',(0.,1.,0.));
#12472 = DIRECTION('',(0.,-0.,1.));
#12473 = ADVANCED_FACE('',(#12474),#12499,.F.);
#12474 = FACE_BOUND('',#12475,.F.);
#12475 = EDGE_LOOP('',(#12476,#12484,#12492,#12498));
#12476 = ORIENTED_EDGE('',*,*,#12477,.F.);
#12477 = EDGE_CURVE('',#12478,#9785,#12480,.T.);
#12478 = VERTEX_POINT('',#12479);
#12479 = CARTESIAN_POINT('',(0.32,-10.48,-2.84));
#12480 = LINE('',#12481,#12482);
#12481 = CARTESIAN_POINT('',(0.32,-10.48,-3.));
#12482 = VECTOR('',#12483,1.);
#12483 = DIRECTION('',(0.,0.,1.));
#12484 = ORIENTED_EDGE('',*,*,#12485,.F.);
#12485 = EDGE_CURVE('',#12486,#12478,#12488,.T.);
#12486 = VERTEX_POINT('',#12487);
#12487 = CARTESIAN_POINT('',(-0.32,-10.48,-2.84));
#12488 = LINE('',#12489,#12490);
#12489 = CARTESIAN_POINT('',(-0.32,-10.48,-2.84));
#12490 = VECTOR('',#12491,1.);
#12491 = DIRECTION('',(1.,0.,0.));
#12492 = ORIENTED_EDGE('',*,*,#12493,.T.);
#12493 = EDGE_CURVE('',#12486,#9787,#12494,.T.);
#12494 = LINE('',#12495,#12496);
#12495 = CARTESIAN_POINT('',(-0.32,-10.48,-3.));
#12496 = VECTOR('',#12497,1.);
#12497 = DIRECTION('',(0.,0.,1.));
#12498 = ORIENTED_EDGE('',*,*,#9784,.F.);
#12499 = PLANE('',#12500);
#12500 = AXIS2_PLACEMENT_3D('',#12501,#12502,#12503);
#12501 = CARTESIAN_POINT('',(-0.32,-10.48,-3.));
#12502 = DIRECTION('',(0.,1.,0.));
#12503 = DIRECTION('',(0.,-0.,1.));
#12504 = ADVANCED_FACE('',(#12505),#12523,.T.);
#12505 = FACE_BOUND('',#12506,.T.);
#12506 = EDGE_LOOP('',(#12507,#12508,#12516,#12522));
#12507 = ORIENTED_EDGE('',*,*,#12477,.F.);
#12508 = ORIENTED_EDGE('',*,*,#12509,.T.);
#12509 = EDGE_CURVE('',#12478,#12510,#12512,.T.);
#12510 = VERTEX_POINT('',#12511);
#12511 = CARTESIAN_POINT('',(0.32,-9.84,-2.84));
#12512 = LINE('',#12513,#12514);
#12513 = CARTESIAN_POINT('',(0.32,-10.48,-2.84));
#12514 = VECTOR('',#12515,1.);
#12515 = DIRECTION('',(0.,1.,0.));
#12516 = ORIENTED_EDGE('',*,*,#12517,.T.);
#12517 = EDGE_CURVE('',#12510,#9803,#12518,.T.);
#12518 = LINE('',#12519,#12520);
#12519 = CARTESIAN_POINT('',(0.32,-9.84,-3.));
#12520 = VECTOR('',#12521,1.);
#12521 = DIRECTION('',(0.,0.,1.));
#12522 = ORIENTED_EDGE('',*,*,#9810,.F.);
#12523 = PLANE('',#12524);
#12524 = AXIS2_PLACEMENT_3D('',#12525,#12526,#12527);
#12525 = CARTESIAN_POINT('',(0.32,-10.48,-3.));
#12526 = DIRECTION('',(1.,0.,0.));
#12527 = DIRECTION('',(0.,0.,1.));
#12528 = ADVANCED_FACE('',(#12529),#12547,.T.);
#12529 = FACE_BOUND('',#12530,.T.);
#12530 = EDGE_LOOP('',(#12531,#12532,#12540,#12546));
#12531 = ORIENTED_EDGE('',*,*,#12517,.F.);
#12532 = ORIENTED_EDGE('',*,*,#12533,.F.);
#12533 = EDGE_CURVE('',#12534,#12510,#12536,.T.);
#12534 = VERTEX_POINT('',#12535);
#12535 = CARTESIAN_POINT('',(-0.32,-9.84,-2.84));
#12536 = LINE('',#12537,#12538);
#12537 = CARTESIAN_POINT('',(-0.32,-9.84,-2.84));
#12538 = VECTOR('',#12539,1.);
#12539 = DIRECTION('',(1.,0.,0.));
#12540 = ORIENTED_EDGE('',*,*,#12541,.T.);
#12541 = EDGE_CURVE('',#12534,#9795,#12542,.T.);
#12542 = LINE('',#12543,#12544);
#12543 = CARTESIAN_POINT('',(-0.32,-9.84,-3.));
#12544 = VECTOR('',#12545,1.);
#12545 = DIRECTION('',(0.,0.,1.));
#12546 = ORIENTED_EDGE('',*,*,#9802,.F.);
#12547 = PLANE('',#12548);
#12548 = AXIS2_PLACEMENT_3D('',#12549,#12550,#12551);
#12549 = CARTESIAN_POINT('',(-0.32,-9.84,-3.));
#12550 = DIRECTION('',(0.,1.,0.));
#12551 = DIRECTION('',(0.,-0.,1.));
#12552 = ADVANCED_FACE('',(#12553),#12564,.F.);
#12553 = FACE_BOUND('',#12554,.F.);
#12554 = EDGE_LOOP('',(#12555,#12556,#12562,#12563));
#12555 = ORIENTED_EDGE('',*,*,#12493,.F.);
#12556 = ORIENTED_EDGE('',*,*,#12557,.T.);
#12557 = EDGE_CURVE('',#12486,#12534,#12558,.T.);
#12558 = LINE('',#12559,#12560);
#12559 = CARTESIAN_POINT('',(-0.32,-10.48,-2.84));
#12560 = VECTOR('',#12561,1.);
#12561 = DIRECTION('',(0.,1.,0.));
#12562 = ORIENTED_EDGE('',*,*,#12541,.T.);
#12563 = ORIENTED_EDGE('',*,*,#9794,.F.);
#12564 = PLANE('',#12565);
#12565 = AXIS2_PLACEMENT_3D('',#12566,#12567,#12568);
#12566 = CARTESIAN_POINT('',(-0.32,-10.48,-3.));
#12567 = DIRECTION('',(1.,0.,0.));
#12568 = DIRECTION('',(0.,0.,1.));
#12569 = ADVANCED_FACE('',(#12570),#12595,.F.);
#12570 = FACE_BOUND('',#12571,.F.);
#12571 = EDGE_LOOP('',(#12572,#12580,#12588,#12594));
#12572 = ORIENTED_EDGE('',*,*,#12573,.F.);
#12573 = EDGE_CURVE('',#12574,#9819,#12576,.T.);
#12574 = VERTEX_POINT('',#12575);
#12575 = CARTESIAN_POINT('',(0.32,-7.94,-2.84));
#12576 = LINE('',#12577,#12578);
#12577 = CARTESIAN_POINT('',(0.32,-7.94,-3.));
#12578 = VECTOR('',#12579,1.);
#12579 = DIRECTION('',(0.,0.,1.));
#12580 = ORIENTED_EDGE('',*,*,#12581,.F.);
#12581 = EDGE_CURVE('',#12582,#12574,#12584,.T.);
#12582 = VERTEX_POINT('',#12583);
#12583 = CARTESIAN_POINT('',(-0.32,-7.94,-2.84));
#12584 = LINE('',#12585,#12586);
#12585 = CARTESIAN_POINT('',(-0.32,-7.94,-2.84));
#12586 = VECTOR('',#12587,1.);
#12587 = DIRECTION('',(1.,0.,0.));
#12588 = ORIENTED_EDGE('',*,*,#12589,.T.);
#12589 = EDGE_CURVE('',#12582,#9821,#12590,.T.);
#12590 = LINE('',#12591,#12592);
#12591 = CARTESIAN_POINT('',(-0.32,-7.94,-3.));
#12592 = VECTOR('',#12593,1.);
#12593 = DIRECTION('',(0.,0.,1.));
#12594 = ORIENTED_EDGE('',*,*,#9818,.F.);
#12595 = PLANE('',#12596);
#12596 = AXIS2_PLACEMENT_3D('',#12597,#12598,#12599);
#12597 = CARTESIAN_POINT('',(-0.32,-7.94,-3.));
#12598 = DIRECTION('',(0.,1.,0.));
#12599 = DIRECTION('',(0.,-0.,1.));
#12600 = ADVANCED_FACE('',(#12601),#12619,.T.);
#12601 = FACE_BOUND('',#12602,.T.);
#12602 = EDGE_LOOP('',(#12603,#12604,#12612,#12618));
#12603 = ORIENTED_EDGE('',*,*,#12573,.F.);
#12604 = ORIENTED_EDGE('',*,*,#12605,.T.);
#12605 = EDGE_CURVE('',#12574,#12606,#12608,.T.);
#12606 = VERTEX_POINT('',#12607);
#12607 = CARTESIAN_POINT('',(0.32,-7.3,-2.84));
#12608 = LINE('',#12609,#12610);
#12609 = CARTESIAN_POINT('',(0.32,-7.94,-2.84));
#12610 = VECTOR('',#12611,1.);
#12611 = DIRECTION('',(0.,1.,0.));
#12612 = ORIENTED_EDGE('',*,*,#12613,.T.);
#12613 = EDGE_CURVE('',#12606,#9837,#12614,.T.);
#12614 = LINE('',#12615,#12616);
#12615 = CARTESIAN_POINT('',(0.32,-7.3,-3.));
#12616 = VECTOR('',#12617,1.);
#12617 = DIRECTION('',(0.,0.,1.));
#12618 = ORIENTED_EDGE('',*,*,#9844,.F.);
#12619 = PLANE('',#12620);
#12620 = AXIS2_PLACEMENT_3D('',#12621,#12622,#12623);
#12621 = CARTESIAN_POINT('',(0.32,-7.94,-3.));
#12622 = DIRECTION('',(1.,0.,0.));
#12623 = DIRECTION('',(0.,0.,1.));
#12624 = ADVANCED_FACE('',(#12625),#12643,.T.);
#12625 = FACE_BOUND('',#12626,.T.);
#12626 = EDGE_LOOP('',(#12627,#12628,#12636,#12642));
#12627 = ORIENTED_EDGE('',*,*,#12613,.F.);
#12628 = ORIENTED_EDGE('',*,*,#12629,.F.);
#12629 = EDGE_CURVE('',#12630,#12606,#12632,.T.);
#12630 = VERTEX_POINT('',#12631);
#12631 = CARTESIAN_POINT('',(-0.32,-7.3,-2.84));
#12632 = LINE('',#12633,#12634);
#12633 = CARTESIAN_POINT('',(-0.32,-7.3,-2.84));
#12634 = VECTOR('',#12635,1.);
#12635 = DIRECTION('',(1.,0.,0.));
#12636 = ORIENTED_EDGE('',*,*,#12637,.T.);
#12637 = EDGE_CURVE('',#12630,#9829,#12638,.T.);
#12638 = LINE('',#12639,#12640);
#12639 = CARTESIAN_POINT('',(-0.32,-7.3,-3.));
#12640 = VECTOR('',#12641,1.);
#12641 = DIRECTION('',(0.,0.,1.));
#12642 = ORIENTED_EDGE('',*,*,#9836,.F.);
#12643 = PLANE('',#12644);
#12644 = AXIS2_PLACEMENT_3D('',#12645,#12646,#12647);
#12645 = CARTESIAN_POINT('',(-0.32,-7.3,-3.));
#12646 = DIRECTION('',(0.,1.,0.));
#12647 = DIRECTION('',(0.,-0.,1.));
#12648 = ADVANCED_FACE('',(#12649),#12660,.F.);
#12649 = FACE_BOUND('',#12650,.F.);
#12650 = EDGE_LOOP('',(#12651,#12652,#12658,#12659));
#12651 = ORIENTED_EDGE('',*,*,#12589,.F.);
#12652 = ORIENTED_EDGE('',*,*,#12653,.T.);
#12653 = EDGE_CURVE('',#12582,#12630,#12654,.T.);
#12654 = LINE('',#12655,#12656);
#12655 = CARTESIAN_POINT('',(-0.32,-7.94,-2.84));
#12656 = VECTOR('',#12657,1.);
#12657 = DIRECTION('',(0.,1.,0.));
#12658 = ORIENTED_EDGE('',*,*,#12637,.T.);
#12659 = ORIENTED_EDGE('',*,*,#9828,.F.);
#12660 = PLANE('',#12661);
#12661 = AXIS2_PLACEMENT_3D('',#12662,#12663,#12664);
#12662 = CARTESIAN_POINT('',(-0.32,-7.94,-3.));
#12663 = DIRECTION('',(1.,0.,0.));
#12664 = DIRECTION('',(0.,0.,1.));
#12665 = ADVANCED_FACE('',(#12666),#12691,.F.);
#12666 = FACE_BOUND('',#12667,.F.);
#12667 = EDGE_LOOP('',(#12668,#12676,#12684,#12690));
#12668 = ORIENTED_EDGE('',*,*,#12669,.F.);
#12669 = EDGE_CURVE('',#12670,#9853,#12672,.T.);
#12670 = VERTEX_POINT('',#12671);
#12671 = CARTESIAN_POINT('',(0.32,-20.64,-2.84));
#12672 = LINE('',#12673,#12674);
#12673 = CARTESIAN_POINT('',(0.32,-20.64,-3.));
#12674 = VECTOR('',#12675,1.);
#12675 = DIRECTION('',(0.,0.,1.));
#12676 = ORIENTED_EDGE('',*,*,#12677,.F.);
#12677 = EDGE_CURVE('',#12678,#12670,#12680,.T.);
#12678 = VERTEX_POINT('',#12679);
#12679 = CARTESIAN_POINT('',(-0.32,-20.64,-2.84));
#12680 = LINE('',#12681,#12682);
#12681 = CARTESIAN_POINT('',(-0.32,-20.64,-2.84));
#12682 = VECTOR('',#12683,1.);
#12683 = DIRECTION('',(1.,0.,0.));
#12684 = ORIENTED_EDGE('',*,*,#12685,.T.);
#12685 = EDGE_CURVE('',#12678,#9855,#12686,.T.);
#12686 = LINE('',#12687,#12688);
#12687 = CARTESIAN_POINT('',(-0.32,-20.64,-3.));
#12688 = VECTOR('',#12689,1.);
#12689 = DIRECTION('',(0.,0.,1.));
#12690 = ORIENTED_EDGE('',*,*,#9852,.F.);
#12691 = PLANE('',#12692);
#12692 = AXIS2_PLACEMENT_3D('',#12693,#12694,#12695);
#12693 = CARTESIAN_POINT('',(-0.32,-20.64,-3.));
#12694 = DIRECTION('',(0.,1.,0.));
#12695 = DIRECTION('',(0.,-0.,1.));
#12696 = ADVANCED_FACE('',(#12697),#12715,.T.);
#12697 = FACE_BOUND('',#12698,.T.);
#12698 = EDGE_LOOP('',(#12699,#12700,#12708,#12714));
#12699 = ORIENTED_EDGE('',*,*,#12669,.F.);
#12700 = ORIENTED_EDGE('',*,*,#12701,.T.);
#12701 = EDGE_CURVE('',#12670,#12702,#12704,.T.);
#12702 = VERTEX_POINT('',#12703);
#12703 = CARTESIAN_POINT('',(0.32,-20.,-2.84));
#12704 = LINE('',#12705,#12706);
#12705 = CARTESIAN_POINT('',(0.32,-20.64,-2.84));
#12706 = VECTOR('',#12707,1.);
#12707 = DIRECTION('',(0.,1.,0.));
#12708 = ORIENTED_EDGE('',*,*,#12709,.T.);
#12709 = EDGE_CURVE('',#12702,#9871,#12710,.T.);
#12710 = LINE('',#12711,#12712);
#12711 = CARTESIAN_POINT('',(0.32,-20.,-3.));
#12712 = VECTOR('',#12713,1.);
#12713 = DIRECTION('',(0.,0.,1.));
#12714 = ORIENTED_EDGE('',*,*,#9878,.F.);
#12715 = PLANE('',#12716);
#12716 = AXIS2_PLACEMENT_3D('',#12717,#12718,#12719);
#12717 = CARTESIAN_POINT('',(0.32,-20.64,-3.));
#12718 = DIRECTION('',(1.,0.,0.));
#12719 = DIRECTION('',(0.,0.,1.));
#12720 = ADVANCED_FACE('',(#12721),#12739,.T.);
#12721 = FACE_BOUND('',#12722,.T.);
#12722 = EDGE_LOOP('',(#12723,#12724,#12732,#12738));
#12723 = ORIENTED_EDGE('',*,*,#12709,.F.);
#12724 = ORIENTED_EDGE('',*,*,#12725,.F.);
#12725 = EDGE_CURVE('',#12726,#12702,#12728,.T.);
#12726 = VERTEX_POINT('',#12727);
#12727 = CARTESIAN_POINT('',(-0.32,-20.,-2.84));
#12728 = LINE('',#12729,#12730);
#12729 = CARTESIAN_POINT('',(-0.32,-20.,-2.84));
#12730 = VECTOR('',#12731,1.);
#12731 = DIRECTION('',(1.,0.,0.));
#12732 = ORIENTED_EDGE('',*,*,#12733,.T.);
#12733 = EDGE_CURVE('',#12726,#9863,#12734,.T.);
#12734 = LINE('',#12735,#12736);
#12735 = CARTESIAN_POINT('',(-0.32,-20.,-3.));
#12736 = VECTOR('',#12737,1.);
#12737 = DIRECTION('',(0.,0.,1.));
#12738 = ORIENTED_EDGE('',*,*,#9870,.F.);
#12739 = PLANE('',#12740);
#12740 = AXIS2_PLACEMENT_3D('',#12741,#12742,#12743);
#12741 = CARTESIAN_POINT('',(-0.32,-20.,-3.));
#12742 = DIRECTION('',(0.,1.,0.));
#12743 = DIRECTION('',(0.,-0.,1.));
#12744 = ADVANCED_FACE('',(#12745),#12756,.F.);
#12745 = FACE_BOUND('',#12746,.F.);
#12746 = EDGE_LOOP('',(#12747,#12748,#12754,#12755));
#12747 = ORIENTED_EDGE('',*,*,#12685,.F.);
#12748 = ORIENTED_EDGE('',*,*,#12749,.T.);
#12749 = EDGE_CURVE('',#12678,#12726,#12750,.T.);
#12750 = LINE('',#12751,#12752);
#12751 = CARTESIAN_POINT('',(-0.32,-20.64,-2.84));
#12752 = VECTOR('',#12753,1.);
#12753 = DIRECTION('',(0.,1.,0.));
#12754 = ORIENTED_EDGE('',*,*,#12733,.T.);
#12755 = ORIENTED_EDGE('',*,*,#9862,.F.);
#12756 = PLANE('',#12757);
#12757 = AXIS2_PLACEMENT_3D('',#12758,#12759,#12760);
#12758 = CARTESIAN_POINT('',(-0.32,-20.64,-3.));
#12759 = DIRECTION('',(1.,0.,0.));
#12760 = DIRECTION('',(0.,0.,1.));
#12761 = ADVANCED_FACE('',(#12762),#12787,.F.);
#12762 = FACE_BOUND('',#12763,.F.);
#12763 = EDGE_LOOP('',(#12764,#12772,#12780,#12786));
#12764 = ORIENTED_EDGE('',*,*,#12765,.F.);
#12765 = EDGE_CURVE('',#12766,#9887,#12768,.T.);
#12766 = VERTEX_POINT('',#12767);
#12767 = CARTESIAN_POINT('',(0.32,-23.18,-2.84));
#12768 = LINE('',#12769,#12770);
#12769 = CARTESIAN_POINT('',(0.32,-23.18,-3.));
#12770 = VECTOR('',#12771,1.);
#12771 = DIRECTION('',(0.,0.,1.));
#12772 = ORIENTED_EDGE('',*,*,#12773,.F.);
#12773 = EDGE_CURVE('',#12774,#12766,#12776,.T.);
#12774 = VERTEX_POINT('',#12775);
#12775 = CARTESIAN_POINT('',(-0.32,-23.18,-2.84));
#12776 = LINE('',#12777,#12778);
#12777 = CARTESIAN_POINT('',(-0.32,-23.18,-2.84));
#12778 = VECTOR('',#12779,1.);
#12779 = DIRECTION('',(1.,0.,0.));
#12780 = ORIENTED_EDGE('',*,*,#12781,.T.);
#12781 = EDGE_CURVE('',#12774,#9889,#12782,.T.);
#12782 = LINE('',#12783,#12784);
#12783 = CARTESIAN_POINT('',(-0.32,-23.18,-3.));
#12784 = VECTOR('',#12785,1.);
#12785 = DIRECTION('',(0.,0.,1.));
#12786 = ORIENTED_EDGE('',*,*,#9886,.F.);
#12787 = PLANE('',#12788);
#12788 = AXIS2_PLACEMENT_3D('',#12789,#12790,#12791);
#12789 = CARTESIAN_POINT('',(-0.32,-23.18,-3.));
#12790 = DIRECTION('',(0.,1.,0.));
#12791 = DIRECTION('',(0.,-0.,1.));
#12792 = ADVANCED_FACE('',(#12793),#12811,.T.);
#12793 = FACE_BOUND('',#12794,.T.);
#12794 = EDGE_LOOP('',(#12795,#12796,#12804,#12810));
#12795 = ORIENTED_EDGE('',*,*,#12765,.F.);
#12796 = ORIENTED_EDGE('',*,*,#12797,.T.);
#12797 = EDGE_CURVE('',#12766,#12798,#12800,.T.);
#12798 = VERTEX_POINT('',#12799);
#12799 = CARTESIAN_POINT('',(0.32,-22.54,-2.84));
#12800 = LINE('',#12801,#12802);
#12801 = CARTESIAN_POINT('',(0.32,-23.18,-2.84));
#12802 = VECTOR('',#12803,1.);
#12803 = DIRECTION('',(0.,1.,0.));
#12804 = ORIENTED_EDGE('',*,*,#12805,.T.);
#12805 = EDGE_CURVE('',#12798,#9905,#12806,.T.);
#12806 = LINE('',#12807,#12808);
#12807 = CARTESIAN_POINT('',(0.32,-22.54,-3.));
#12808 = VECTOR('',#12809,1.);
#12809 = DIRECTION('',(0.,0.,1.));
#12810 = ORIENTED_EDGE('',*,*,#9912,.F.);
#12811 = PLANE('',#12812);
#12812 = AXIS2_PLACEMENT_3D('',#12813,#12814,#12815);
#12813 = CARTESIAN_POINT('',(0.32,-23.18,-3.));
#12814 = DIRECTION('',(1.,0.,0.));
#12815 = DIRECTION('',(0.,0.,1.));
#12816 = ADVANCED_FACE('',(#12817),#12835,.T.);
#12817 = FACE_BOUND('',#12818,.T.);
#12818 = EDGE_LOOP('',(#12819,#12820,#12828,#12834));
#12819 = ORIENTED_EDGE('',*,*,#12805,.F.);
#12820 = ORIENTED_EDGE('',*,*,#12821,.F.);
#12821 = EDGE_CURVE('',#12822,#12798,#12824,.T.);
#12822 = VERTEX_POINT('',#12823);
#12823 = CARTESIAN_POINT('',(-0.32,-22.54,-2.84));
#12824 = LINE('',#12825,#12826);
#12825 = CARTESIAN_POINT('',(-0.32,-22.54,-2.84));
#12826 = VECTOR('',#12827,1.);
#12827 = DIRECTION('',(1.,0.,0.));
#12828 = ORIENTED_EDGE('',*,*,#12829,.T.);
#12829 = EDGE_CURVE('',#12822,#9897,#12830,.T.);
#12830 = LINE('',#12831,#12832);
#12831 = CARTESIAN_POINT('',(-0.32,-22.54,-3.));
#12832 = VECTOR('',#12833,1.);
#12833 = DIRECTION('',(0.,0.,1.));
#12834 = ORIENTED_EDGE('',*,*,#9904,.F.);
#12835 = PLANE('',#12836);
#12836 = AXIS2_PLACEMENT_3D('',#12837,#12838,#12839);
#12837 = CARTESIAN_POINT('',(-0.32,-22.54,-3.));
#12838 = DIRECTION('',(0.,1.,0.));
#12839 = DIRECTION('',(0.,-0.,1.));
#12840 = ADVANCED_FACE('',(#12841),#12852,.F.);
#12841 = FACE_BOUND('',#12842,.F.);
#12842 = EDGE_LOOP('',(#12843,#12844,#12850,#12851));
#12843 = ORIENTED_EDGE('',*,*,#12781,.F.);
#12844 = ORIENTED_EDGE('',*,*,#12845,.T.);
#12845 = EDGE_CURVE('',#12774,#12822,#12846,.T.);
#12846 = LINE('',#12847,#12848);
#12847 = CARTESIAN_POINT('',(-0.32,-23.18,-2.84));
#12848 = VECTOR('',#12849,1.);
#12849 = DIRECTION('',(0.,1.,0.));
#12850 = ORIENTED_EDGE('',*,*,#12829,.T.);
#12851 = ORIENTED_EDGE('',*,*,#9896,.F.);
#12852 = PLANE('',#12853);
#12853 = AXIS2_PLACEMENT_3D('',#12854,#12855,#12856);
#12854 = CARTESIAN_POINT('',(-0.32,-23.18,-3.));
#12855 = DIRECTION('',(1.,0.,0.));
#12856 = DIRECTION('',(0.,0.,1.));
#12857 = ADVANCED_FACE('',(#12858),#12883,.F.);
#12858 = FACE_BOUND('',#12859,.F.);
#12859 = EDGE_LOOP('',(#12860,#12868,#12876,#12882));
#12860 = ORIENTED_EDGE('',*,*,#12861,.F.);
#12861 = EDGE_CURVE('',#12862,#9921,#12864,.T.);
#12862 = VERTEX_POINT('',#12863);
#12863 = CARTESIAN_POINT('',(0.32,-0.32,-2.84));
#12864 = LINE('',#12865,#12866);
#12865 = CARTESIAN_POINT('',(0.32,-0.32,-3.));
#12866 = VECTOR('',#12867,1.);
#12867 = DIRECTION('',(0.,0.,1.));
#12868 = ORIENTED_EDGE('',*,*,#12869,.F.);
#12869 = EDGE_CURVE('',#12870,#12862,#12872,.T.);
#12870 = VERTEX_POINT('',#12871);
#12871 = CARTESIAN_POINT('',(-0.32,-0.32,-2.84));
#12872 = LINE('',#12873,#12874);
#12873 = CARTESIAN_POINT('',(-0.32,-0.32,-2.84));
#12874 = VECTOR('',#12875,1.);
#12875 = DIRECTION('',(1.,0.,0.));
#12876 = ORIENTED_EDGE('',*,*,#12877,.T.);
#12877 = EDGE_CURVE('',#12870,#9923,#12878,.T.);
#12878 = LINE('',#12879,#12880);
#12879 = CARTESIAN_POINT('',(-0.32,-0.32,-3.));
#12880 = VECTOR('',#12881,1.);
#12881 = DIRECTION('',(0.,0.,1.));
#12882 = ORIENTED_EDGE('',*,*,#9920,.F.);
#12883 = PLANE('',#12884);
#12884 = AXIS2_PLACEMENT_3D('',#12885,#12886,#12887);
#12885 = CARTESIAN_POINT('',(-0.32,-0.32,-3.));
#12886 = DIRECTION('',(0.,1.,0.));
#12887 = DIRECTION('',(0.,-0.,1.));
#12888 = ADVANCED_FACE('',(#12889),#12907,.T.);
#12889 = FACE_BOUND('',#12890,.T.);
#12890 = EDGE_LOOP('',(#12891,#12892,#12900,#12906));
#12891 = ORIENTED_EDGE('',*,*,#12861,.F.);
#12892 = ORIENTED_EDGE('',*,*,#12893,.T.);
#12893 = EDGE_CURVE('',#12862,#12894,#12896,.T.);
#12894 = VERTEX_POINT('',#12895);
#12895 = CARTESIAN_POINT('',(0.32,0.32,-2.84));
#12896 = LINE('',#12897,#12898);
#12897 = CARTESIAN_POINT('',(0.32,-0.32,-2.84));
#12898 = VECTOR('',#12899,1.);
#12899 = DIRECTION('',(0.,1.,0.));
#12900 = ORIENTED_EDGE('',*,*,#12901,.T.);
#12901 = EDGE_CURVE('',#12894,#9939,#12902,.T.);
#12902 = LINE('',#12903,#12904);
#12903 = CARTESIAN_POINT('',(0.32,0.32,-3.));
#12904 = VECTOR('',#12905,1.);
#12905 = DIRECTION('',(0.,0.,1.));
#12906 = ORIENTED_EDGE('',*,*,#9946,.F.);
#12907 = PLANE('',#12908);
#12908 = AXIS2_PLACEMENT_3D('',#12909,#12910,#12911);
#12909 = CARTESIAN_POINT('',(0.32,-0.32,-3.));
#12910 = DIRECTION('',(1.,0.,0.));
#12911 = DIRECTION('',(0.,0.,1.));
#12912 = ADVANCED_FACE('',(#12913),#12931,.T.);
#12913 = FACE_BOUND('',#12914,.T.);
#12914 = EDGE_LOOP('',(#12915,#12916,#12924,#12930));
#12915 = ORIENTED_EDGE('',*,*,#12901,.F.);
#12916 = ORIENTED_EDGE('',*,*,#12917,.F.);
#12917 = EDGE_CURVE('',#12918,#12894,#12920,.T.);
#12918 = VERTEX_POINT('',#12919);
#12919 = CARTESIAN_POINT('',(-0.32,0.32,-2.84));
#12920 = LINE('',#12921,#12922);
#12921 = CARTESIAN_POINT('',(-0.32,0.32,-2.84));
#12922 = VECTOR('',#12923,1.);
#12923 = DIRECTION('',(1.,0.,0.));
#12924 = ORIENTED_EDGE('',*,*,#12925,.T.);
#12925 = EDGE_CURVE('',#12918,#9931,#12926,.T.);
#12926 = LINE('',#12927,#12928);
#12927 = CARTESIAN_POINT('',(-0.32,0.32,-3.));
#12928 = VECTOR('',#12929,1.);
#12929 = DIRECTION('',(0.,0.,1.));
#12930 = ORIENTED_EDGE('',*,*,#9938,.F.);
#12931 = PLANE('',#12932);
#12932 = AXIS2_PLACEMENT_3D('',#12933,#12934,#12935);
#12933 = CARTESIAN_POINT('',(-0.32,0.32,-3.));
#12934 = DIRECTION('',(0.,1.,0.));
#12935 = DIRECTION('',(0.,-0.,1.));
#12936 = ADVANCED_FACE('',(#12937),#12948,.F.);
#12937 = FACE_BOUND('',#12938,.F.);
#12938 = EDGE_LOOP('',(#12939,#12940,#12946,#12947));
#12939 = ORIENTED_EDGE('',*,*,#12877,.F.);
#12940 = ORIENTED_EDGE('',*,*,#12941,.T.);
#12941 = EDGE_CURVE('',#12870,#12918,#12942,.T.);
#12942 = LINE('',#12943,#12944);
#12943 = CARTESIAN_POINT('',(-0.32,-0.32,-2.84));
#12944 = VECTOR('',#12945,1.);
#12945 = DIRECTION('',(0.,1.,0.));
#12946 = ORIENTED_EDGE('',*,*,#12925,.T.);
#12947 = ORIENTED_EDGE('',*,*,#9930,.F.);
#12948 = PLANE('',#12949);
#12949 = AXIS2_PLACEMENT_3D('',#12950,#12951,#12952);
#12950 = CARTESIAN_POINT('',(-0.32,-0.32,-3.));
#12951 = DIRECTION('',(1.,0.,0.));
#12952 = DIRECTION('',(0.,0.,1.));
#12953 = ADVANCED_FACE('',(#12954),#12979,.T.);
#12954 = FACE_BOUND('',#12955,.T.);
#12955 = EDGE_LOOP('',(#12956,#12964,#12972,#12978));
#12956 = ORIENTED_EDGE('',*,*,#12957,.F.);
#12957 = EDGE_CURVE('',#12958,#9955,#12960,.T.);
#12958 = VERTEX_POINT('',#12959);
#12959 = CARTESIAN_POINT('',(0.32,-25.72,-2.84));
#12960 = LINE('',#12961,#12962);
#12961 = CARTESIAN_POINT('',(0.32,-25.72,-3.));
#12962 = VECTOR('',#12963,1.);
#12963 = DIRECTION('',(0.,0.,1.));
#12964 = ORIENTED_EDGE('',*,*,#12965,.T.);
#12965 = EDGE_CURVE('',#12958,#12966,#12968,.T.);
#12966 = VERTEX_POINT('',#12967);
#12967 = CARTESIAN_POINT('',(0.32,-25.08,-2.84));
#12968 = LINE('',#12969,#12970);
#12969 = CARTESIAN_POINT('',(0.32,-25.72,-2.84));
#12970 = VECTOR('',#12971,1.);
#12971 = DIRECTION('',(0.,1.,0.));
#12972 = ORIENTED_EDGE('',*,*,#12973,.T.);
#12973 = EDGE_CURVE('',#12966,#9957,#12974,.T.);
#12974 = LINE('',#12975,#12976);
#12975 = CARTESIAN_POINT('',(0.32,-25.08,-3.));
#12976 = VECTOR('',#12977,1.);
#12977 = DIRECTION('',(0.,0.,1.));
#12978 = ORIENTED_EDGE('',*,*,#9954,.F.);
#12979 = PLANE('',#12980);
#12980 = AXIS2_PLACEMENT_3D('',#12981,#12982,#12983);
#12981 = CARTESIAN_POINT('',(0.32,-25.72,-3.));
#12982 = DIRECTION('',(1.,0.,0.));
#12983 = DIRECTION('',(0.,0.,1.));
#12984 = ADVANCED_FACE('',(#12985),#13003,.T.);
#12985 = FACE_BOUND('',#12986,.T.);
#12986 = EDGE_LOOP('',(#12987,#12988,#12996,#13002));
#12987 = ORIENTED_EDGE('',*,*,#12973,.F.);
#12988 = ORIENTED_EDGE('',*,*,#12989,.F.);
#12989 = EDGE_CURVE('',#12990,#12966,#12992,.T.);
#12990 = VERTEX_POINT('',#12991);
#12991 = CARTESIAN_POINT('',(-0.32,-25.08,-2.84));
#12992 = LINE('',#12993,#12994);
#12993 = CARTESIAN_POINT('',(-0.32,-25.08,-2.84));
#12994 = VECTOR('',#12995,1.);
#12995 = DIRECTION('',(1.,0.,0.));
#12996 = ORIENTED_EDGE('',*,*,#12997,.T.);
#12997 = EDGE_CURVE('',#12990,#9973,#12998,.T.);
#12998 = LINE('',#12999,#13000);
#12999 = CARTESIAN_POINT('',(-0.32,-25.08,-3.));
#13000 = VECTOR('',#13001,1.);
#13001 = DIRECTION('',(0.,0.,1.));
#13002 = ORIENTED_EDGE('',*,*,#9980,.F.);
#13003 = PLANE('',#13004);
#13004 = AXIS2_PLACEMENT_3D('',#13005,#13006,#13007);
#13005 = CARTESIAN_POINT('',(-0.32,-25.08,-3.));
#13006 = DIRECTION('',(0.,1.,0.));
#13007 = DIRECTION('',(0.,-0.,1.));
#13008 = ADVANCED_FACE('',(#13009),#13027,.F.);
#13009 = FACE_BOUND('',#13010,.F.);
#13010 = EDGE_LOOP('',(#13011,#13019,#13025,#13026));
#13011 = ORIENTED_EDGE('',*,*,#13012,.F.);
#13012 = EDGE_CURVE('',#13013,#9965,#13015,.T.);
#13013 = VERTEX_POINT('',#13014);
#13014 = CARTESIAN_POINT('',(-0.32,-25.72,-2.84));
#13015 = LINE('',#13016,#13017);
#13016 = CARTESIAN_POINT('',(-0.32,-25.72,-3.));
#13017 = VECTOR('',#13018,1.);
#13018 = DIRECTION('',(0.,0.,1.));
#13019 = ORIENTED_EDGE('',*,*,#13020,.T.);
#13020 = EDGE_CURVE('',#13013,#12990,#13021,.T.);
#13021 = LINE('',#13022,#13023);
#13022 = CARTESIAN_POINT('',(-0.32,-25.72,-2.84));
#13023 = VECTOR('',#13024,1.);
#13024 = DIRECTION('',(0.,1.,0.));
#13025 = ORIENTED_EDGE('',*,*,#12997,.T.);
#13026 = ORIENTED_EDGE('',*,*,#9972,.F.);
#13027 = PLANE('',#13028);
#13028 = AXIS2_PLACEMENT_3D('',#13029,#13030,#13031);
#13029 = CARTESIAN_POINT('',(-0.32,-25.72,-3.));
#13030 = DIRECTION('',(1.,0.,0.));
#13031 = DIRECTION('',(0.,0.,1.));
#13032 = ADVANCED_FACE('',(#13033),#13044,.F.);
#13033 = FACE_BOUND('',#13034,.F.);
#13034 = EDGE_LOOP('',(#13035,#13036,#13042,#13043));
#13035 = ORIENTED_EDGE('',*,*,#12957,.F.);
#13036 = ORIENTED_EDGE('',*,*,#13037,.F.);
#13037 = EDGE_CURVE('',#13013,#12958,#13038,.T.);
#13038 = LINE('',#13039,#13040);
#13039 = CARTESIAN_POINT('',(-0.32,-25.72,-2.84));
#13040 = VECTOR('',#13041,1.);
#13041 = DIRECTION('',(1.,0.,0.));
#13042 = ORIENTED_EDGE('',*,*,#13012,.T.);
#13043 = ORIENTED_EDGE('',*,*,#9964,.F.);
#13044 = PLANE('',#13045);
#13045 = AXIS2_PLACEMENT_3D('',#13046,#13047,#13048);
#13046 = CARTESIAN_POINT('',(-0.32,-25.72,-3.));
#13047 = DIRECTION('',(0.,1.,0.));
#13048 = DIRECTION('',(0.,-0.,1.));
#13049 = ADVANCED_FACE('',(#13050),#13075,.T.);
#13050 = FACE_BOUND('',#13051,.T.);
#13051 = EDGE_LOOP('',(#13052,#13060,#13061,#13069));
#13052 = ORIENTED_EDGE('',*,*,#13053,.F.);
#13053 = EDGE_CURVE('',#10518,#13054,#13056,.T.);
#13054 = VERTEX_POINT('',#13055);
#13055 = CARTESIAN_POINT('',(0.32,-18.1,8.38));
#13056 = LINE('',#13057,#13058);
#13057 = CARTESIAN_POINT('',(0.32,-18.1,-3.));
#13058 = VECTOR('',#13059,1.);
#13059 = DIRECTION('',(0.,0.,1.));
#13060 = ORIENTED_EDGE('',*,*,#10517,.T.);
#13061 = ORIENTED_EDGE('',*,*,#13062,.T.);
#13062 = EDGE_CURVE('',#10520,#13063,#13065,.T.);
#13063 = VERTEX_POINT('',#13064);
#13064 = CARTESIAN_POINT('',(0.32,-17.46,8.38));
#13065 = LINE('',#13066,#13067);
#13066 = CARTESIAN_POINT('',(0.32,-17.46,-3.));
#13067 = VECTOR('',#13068,1.);
#13068 = DIRECTION('',(0.,0.,1.));
#13069 = ORIENTED_EDGE('',*,*,#13070,.F.);
#13070 = EDGE_CURVE('',#13054,#13063,#13071,.T.);
#13071 = LINE('',#13072,#13073);
#13072 = CARTESIAN_POINT('',(0.32,-18.1,8.38));
#13073 = VECTOR('',#13074,1.);
#13074 = DIRECTION('',(0.,1.,0.));
#13075 = PLANE('',#13076);
#13076 = AXIS2_PLACEMENT_3D('',#13077,#13078,#13079);
#13077 = CARTESIAN_POINT('',(0.32,-18.1,-3.));
#13078 = DIRECTION('',(1.,0.,0.));
#13079 = DIRECTION('',(0.,0.,1.));
#13080 = ADVANCED_FACE('',(#13081),#13099,.T.);
#13081 = FACE_BOUND('',#13082,.T.);
#13082 = EDGE_LOOP('',(#13083,#13084,#13085,#13093));
#13083 = ORIENTED_EDGE('',*,*,#13062,.F.);
#13084 = ORIENTED_EDGE('',*,*,#10543,.T.);
#13085 = ORIENTED_EDGE('',*,*,#13086,.T.);
#13086 = EDGE_CURVE('',#10536,#13087,#13089,.T.);
#13087 = VERTEX_POINT('',#13088);
#13088 = CARTESIAN_POINT('',(-0.32,-17.46,8.38));
#13089 = LINE('',#13090,#13091);
#13090 = CARTESIAN_POINT('',(-0.32,-17.46,-3.));
#13091 = VECTOR('',#13092,1.);
#13092 = DIRECTION('',(0.,0.,1.));
#13093 = ORIENTED_EDGE('',*,*,#13094,.T.);
#13094 = EDGE_CURVE('',#13087,#13063,#13095,.T.);
#13095 = LINE('',#13096,#13097);
#13096 = CARTESIAN_POINT('',(-0.32,-17.46,8.38));
#13097 = VECTOR('',#13098,1.);
#13098 = DIRECTION('',(1.,0.,0.));
#13099 = PLANE('',#13100);
#13100 = AXIS2_PLACEMENT_3D('',#13101,#13102,#13103);
#13101 = CARTESIAN_POINT('',(-0.32,-17.46,-3.));
#13102 = DIRECTION('',(0.,1.,0.));
#13103 = DIRECTION('',(0.,-0.,1.));
#13104 = ADVANCED_FACE('',(#13105),#13123,.F.);
#13105 = FACE_BOUND('',#13106,.F.);
#13106 = EDGE_LOOP('',(#13107,#13115,#13116,#13117));
#13107 = ORIENTED_EDGE('',*,*,#13108,.F.);
#13108 = EDGE_CURVE('',#10528,#13109,#13111,.T.);
#13109 = VERTEX_POINT('',#13110);
#13110 = CARTESIAN_POINT('',(-0.32,-18.1,8.38));
#13111 = LINE('',#13112,#13113);
#13112 = CARTESIAN_POINT('',(-0.32,-18.1,-3.));
#13113 = VECTOR('',#13114,1.);
#13114 = DIRECTION('',(0.,0.,1.));
#13115 = ORIENTED_EDGE('',*,*,#10535,.T.);
#13116 = ORIENTED_EDGE('',*,*,#13086,.T.);
#13117 = ORIENTED_EDGE('',*,*,#13118,.F.);
#13118 = EDGE_CURVE('',#13109,#13087,#13119,.T.);
#13119 = LINE('',#13120,#13121);
#13120 = CARTESIAN_POINT('',(-0.32,-18.1,8.38));
#13121 = VECTOR('',#13122,1.);
#13122 = DIRECTION('',(0.,1.,0.));
#13123 = PLANE('',#13124);
#13124 = AXIS2_PLACEMENT_3D('',#13125,#13126,#13127);
#13125 = CARTESIAN_POINT('',(-0.32,-18.1,-3.));
#13126 = DIRECTION('',(1.,0.,0.));
#13127 = DIRECTION('',(0.,0.,1.));
#13128 = ADVANCED_FACE('',(#13129),#13140,.F.);
#13129 = FACE_BOUND('',#13130,.F.);
#13130 = EDGE_LOOP('',(#13131,#13132,#13133,#13134));
#13131 = ORIENTED_EDGE('',*,*,#13053,.F.);
#13132 = ORIENTED_EDGE('',*,*,#10527,.T.);
#13133 = ORIENTED_EDGE('',*,*,#13108,.T.);
#13134 = ORIENTED_EDGE('',*,*,#13135,.T.);
#13135 = EDGE_CURVE('',#13109,#13054,#13136,.T.);
#13136 = LINE('',#13137,#13138);
#13137 = CARTESIAN_POINT('',(-0.32,-18.1,8.38));
#13138 = VECTOR('',#13139,1.);
#13139 = DIRECTION('',(1.,0.,0.));
#13140 = PLANE('',#13141);
#13141 = AXIS2_PLACEMENT_3D('',#13142,#13143,#13144);
#13142 = CARTESIAN_POINT('',(-0.32,-18.1,-3.));
#13143 = DIRECTION('',(0.,1.,0.));
#13144 = DIRECTION('',(0.,-0.,1.));
#13145 = ADVANCED_FACE('',(#13146),#13171,.T.);
#13146 = FACE_BOUND('',#13147,.T.);
#13147 = EDGE_LOOP('',(#13148,#13156,#13157,#13165));
#13148 = ORIENTED_EDGE('',*,*,#13149,.F.);
#13149 = EDGE_CURVE('',#10552,#13150,#13152,.T.);
#13150 = VERTEX_POINT('',#13151);
#13151 = CARTESIAN_POINT('',(0.32,-15.56,8.38));
#13152 = LINE('',#13153,#13154);
#13153 = CARTESIAN_POINT('',(0.32,-15.56,-3.));
#13154 = VECTOR('',#13155,1.);
#13155 = DIRECTION('',(0.,0.,1.));
#13156 = ORIENTED_EDGE('',*,*,#10551,.T.);
#13157 = ORIENTED_EDGE('',*,*,#13158,.T.);
#13158 = EDGE_CURVE('',#10554,#13159,#13161,.T.);
#13159 = VERTEX_POINT('',#13160);
#13160 = CARTESIAN_POINT('',(0.32,-14.92,8.38));
#13161 = LINE('',#13162,#13163);
#13162 = CARTESIAN_POINT('',(0.32,-14.92,-3.));
#13163 = VECTOR('',#13164,1.);
#13164 = DIRECTION('',(0.,0.,1.));
#13165 = ORIENTED_EDGE('',*,*,#13166,.F.);
#13166 = EDGE_CURVE('',#13150,#13159,#13167,.T.);
#13167 = LINE('',#13168,#13169);
#13168 = CARTESIAN_POINT('',(0.32,-15.56,8.38));
#13169 = VECTOR('',#13170,1.);
#13170 = DIRECTION('',(0.,1.,0.));
#13171 = PLANE('',#13172);
#13172 = AXIS2_PLACEMENT_3D('',#13173,#13174,#13175);
#13173 = CARTESIAN_POINT('',(0.32,-15.56,-3.));
#13174 = DIRECTION('',(1.,0.,0.));
#13175 = DIRECTION('',(0.,0.,1.));
#13176 = ADVANCED_FACE('',(#13177),#13195,.T.);
#13177 = FACE_BOUND('',#13178,.T.);
#13178 = EDGE_LOOP('',(#13179,#13180,#13181,#13189));
#13179 = ORIENTED_EDGE('',*,*,#13158,.F.);
#13180 = ORIENTED_EDGE('',*,*,#10577,.T.);
#13181 = ORIENTED_EDGE('',*,*,#13182,.T.);
#13182 = EDGE_CURVE('',#10570,#13183,#13185,.T.);
#13183 = VERTEX_POINT('',#13184);
#13184 = CARTESIAN_POINT('',(-0.32,-14.92,8.38));
#13185 = LINE('',#13186,#13187);
#13186 = CARTESIAN_POINT('',(-0.32,-14.92,-3.));
#13187 = VECTOR('',#13188,1.);
#13188 = DIRECTION('',(0.,0.,1.));
#13189 = ORIENTED_EDGE('',*,*,#13190,.T.);
#13190 = EDGE_CURVE('',#13183,#13159,#13191,.T.);
#13191 = LINE('',#13192,#13193);
#13192 = CARTESIAN_POINT('',(-0.32,-14.92,8.38));
#13193 = VECTOR('',#13194,1.);
#13194 = DIRECTION('',(1.,0.,0.));
#13195 = PLANE('',#13196);
#13196 = AXIS2_PLACEMENT_3D('',#13197,#13198,#13199);
#13197 = CARTESIAN_POINT('',(-0.32,-14.92,-3.));
#13198 = DIRECTION('',(0.,1.,0.));
#13199 = DIRECTION('',(0.,-0.,1.));
#13200 = ADVANCED_FACE('',(#13201),#13219,.F.);
#13201 = FACE_BOUND('',#13202,.F.);
#13202 = EDGE_LOOP('',(#13203,#13211,#13212,#13213));
#13203 = ORIENTED_EDGE('',*,*,#13204,.F.);
#13204 = EDGE_CURVE('',#10562,#13205,#13207,.T.);
#13205 = VERTEX_POINT('',#13206);
#13206 = CARTESIAN_POINT('',(-0.32,-15.56,8.38));
#13207 = LINE('',#13208,#13209);
#13208 = CARTESIAN_POINT('',(-0.32,-15.56,-3.));
#13209 = VECTOR('',#13210,1.);
#13210 = DIRECTION('',(0.,0.,1.));
#13211 = ORIENTED_EDGE('',*,*,#10569,.T.);
#13212 = ORIENTED_EDGE('',*,*,#13182,.T.);
#13213 = ORIENTED_EDGE('',*,*,#13214,.F.);
#13214 = EDGE_CURVE('',#13205,#13183,#13215,.T.);
#13215 = LINE('',#13216,#13217);
#13216 = CARTESIAN_POINT('',(-0.32,-15.56,8.38));
#13217 = VECTOR('',#13218,1.);
#13218 = DIRECTION('',(0.,1.,0.));
#13219 = PLANE('',#13220);
#13220 = AXIS2_PLACEMENT_3D('',#13221,#13222,#13223);
#13221 = CARTESIAN_POINT('',(-0.32,-15.56,-3.));
#13222 = DIRECTION('',(1.,0.,0.));
#13223 = DIRECTION('',(0.,0.,1.));
#13224 = ADVANCED_FACE('',(#13225),#13236,.F.);
#13225 = FACE_BOUND('',#13226,.F.);
#13226 = EDGE_LOOP('',(#13227,#13228,#13229,#13230));
#13227 = ORIENTED_EDGE('',*,*,#13149,.F.);
#13228 = ORIENTED_EDGE('',*,*,#10561,.T.);
#13229 = ORIENTED_EDGE('',*,*,#13204,.T.);
#13230 = ORIENTED_EDGE('',*,*,#13231,.T.);
#13231 = EDGE_CURVE('',#13205,#13150,#13232,.T.);
#13232 = LINE('',#13233,#13234);
#13233 = CARTESIAN_POINT('',(-0.32,-15.56,8.38));
#13234 = VECTOR('',#13235,1.);
#13235 = DIRECTION('',(1.,0.,0.));
#13236 = PLANE('',#13237);
#13237 = AXIS2_PLACEMENT_3D('',#13238,#13239,#13240);
#13238 = CARTESIAN_POINT('',(-0.32,-15.56,-3.));
#13239 = DIRECTION('',(0.,1.,0.));
#13240 = DIRECTION('',(0.,-0.,1.));
#13241 = ADVANCED_FACE('',(#13242),#13267,.T.);
#13242 = FACE_BOUND('',#13243,.T.);
#13243 = EDGE_LOOP('',(#13244,#13252,#13253,#13261));
#13244 = ORIENTED_EDGE('',*,*,#13245,.F.);
#13245 = EDGE_CURVE('',#10586,#13246,#13248,.T.);
#13246 = VERTEX_POINT('',#13247);
#13247 = CARTESIAN_POINT('',(0.32,-13.02,8.38));
#13248 = LINE('',#13249,#13250);
#13249 = CARTESIAN_POINT('',(0.32,-13.02,-3.));
#13250 = VECTOR('',#13251,1.);
#13251 = DIRECTION('',(0.,0.,1.));
#13252 = ORIENTED_EDGE('',*,*,#10585,.T.);
#13253 = ORIENTED_EDGE('',*,*,#13254,.T.);
#13254 = EDGE_CURVE('',#10588,#13255,#13257,.T.);
#13255 = VERTEX_POINT('',#13256);
#13256 = CARTESIAN_POINT('',(0.32,-12.38,8.38));
#13257 = LINE('',#13258,#13259);
#13258 = CARTESIAN_POINT('',(0.32,-12.38,-3.));
#13259 = VECTOR('',#13260,1.);
#13260 = DIRECTION('',(0.,0.,1.));
#13261 = ORIENTED_EDGE('',*,*,#13262,.F.);
#13262 = EDGE_CURVE('',#13246,#13255,#13263,.T.);
#13263 = LINE('',#13264,#13265);
#13264 = CARTESIAN_POINT('',(0.32,-13.02,8.38));
#13265 = VECTOR('',#13266,1.);
#13266 = DIRECTION('',(0.,1.,0.));
#13267 = PLANE('',#13268);
#13268 = AXIS2_PLACEMENT_3D('',#13269,#13270,#13271);
#13269 = CARTESIAN_POINT('',(0.32,-13.02,-3.));
#13270 = DIRECTION('',(1.,0.,0.));
#13271 = DIRECTION('',(0.,0.,1.));
#13272 = ADVANCED_FACE('',(#13273),#13291,.T.);
#13273 = FACE_BOUND('',#13274,.T.);
#13274 = EDGE_LOOP('',(#13275,#13276,#13277,#13285));
#13275 = ORIENTED_EDGE('',*,*,#13254,.F.);
#13276 = ORIENTED_EDGE('',*,*,#10611,.T.);
#13277 = ORIENTED_EDGE('',*,*,#13278,.T.);
#13278 = EDGE_CURVE('',#10604,#13279,#13281,.T.);
#13279 = VERTEX_POINT('',#13280);
#13280 = CARTESIAN_POINT('',(-0.32,-12.38,8.38));
#13281 = LINE('',#13282,#13283);
#13282 = CARTESIAN_POINT('',(-0.32,-12.38,-3.));
#13283 = VECTOR('',#13284,1.);
#13284 = DIRECTION('',(0.,0.,1.));
#13285 = ORIENTED_EDGE('',*,*,#13286,.T.);
#13286 = EDGE_CURVE('',#13279,#13255,#13287,.T.);
#13287 = LINE('',#13288,#13289);
#13288 = CARTESIAN_POINT('',(-0.32,-12.38,8.38));
#13289 = VECTOR('',#13290,1.);
#13290 = DIRECTION('',(1.,0.,0.));
#13291 = PLANE('',#13292);
#13292 = AXIS2_PLACEMENT_3D('',#13293,#13294,#13295);
#13293 = CARTESIAN_POINT('',(-0.32,-12.38,-3.));
#13294 = DIRECTION('',(0.,1.,0.));
#13295 = DIRECTION('',(0.,-0.,1.));
#13296 = ADVANCED_FACE('',(#13297),#13315,.F.);
#13297 = FACE_BOUND('',#13298,.F.);
#13298 = EDGE_LOOP('',(#13299,#13307,#13308,#13309));
#13299 = ORIENTED_EDGE('',*,*,#13300,.F.);
#13300 = EDGE_CURVE('',#10596,#13301,#13303,.T.);
#13301 = VERTEX_POINT('',#13302);
#13302 = CARTESIAN_POINT('',(-0.32,-13.02,8.38));
#13303 = LINE('',#13304,#13305);
#13304 = CARTESIAN_POINT('',(-0.32,-13.02,-3.));
#13305 = VECTOR('',#13306,1.);
#13306 = DIRECTION('',(0.,0.,1.));
#13307 = ORIENTED_EDGE('',*,*,#10603,.T.);
#13308 = ORIENTED_EDGE('',*,*,#13278,.T.);
#13309 = ORIENTED_EDGE('',*,*,#13310,.F.);
#13310 = EDGE_CURVE('',#13301,#13279,#13311,.T.);
#13311 = LINE('',#13312,#13313);
#13312 = CARTESIAN_POINT('',(-0.32,-13.02,8.38));
#13313 = VECTOR('',#13314,1.);
#13314 = DIRECTION('',(0.,1.,0.));
#13315 = PLANE('',#13316);
#13316 = AXIS2_PLACEMENT_3D('',#13317,#13318,#13319);
#13317 = CARTESIAN_POINT('',(-0.32,-13.02,-3.));
#13318 = DIRECTION('',(1.,0.,0.));
#13319 = DIRECTION('',(0.,0.,1.));
#13320 = ADVANCED_FACE('',(#13321),#13332,.F.);
#13321 = FACE_BOUND('',#13322,.F.);
#13322 = EDGE_LOOP('',(#13323,#13324,#13325,#13326));
#13323 = ORIENTED_EDGE('',*,*,#13245,.F.);
#13324 = ORIENTED_EDGE('',*,*,#10595,.T.);
#13325 = ORIENTED_EDGE('',*,*,#13300,.T.);
#13326 = ORIENTED_EDGE('',*,*,#13327,.T.);
#13327 = EDGE_CURVE('',#13301,#13246,#13328,.T.);
#13328 = LINE('',#13329,#13330);
#13329 = CARTESIAN_POINT('',(-0.32,-13.02,8.38));
#13330 = VECTOR('',#13331,1.);
#13331 = DIRECTION('',(1.,0.,0.));
#13332 = PLANE('',#13333);
#13333 = AXIS2_PLACEMENT_3D('',#13334,#13335,#13336);
#13334 = CARTESIAN_POINT('',(-0.32,-13.02,-3.));
#13335 = DIRECTION('',(0.,1.,0.));
#13336 = DIRECTION('',(0.,-0.,1.));
#13337 = ADVANCED_FACE('',(#13338),#13363,.T.);
#13338 = FACE_BOUND('',#13339,.T.);
#13339 = EDGE_LOOP('',(#13340,#13348,#13349,#13357));
#13340 = ORIENTED_EDGE('',*,*,#13341,.F.);
#13341 = EDGE_CURVE('',#10620,#13342,#13344,.T.);
#13342 = VERTEX_POINT('',#13343);
#13343 = CARTESIAN_POINT('',(0.32,-2.86,8.38));
#13344 = LINE('',#13345,#13346);
#13345 = CARTESIAN_POINT('',(0.32,-2.86,-3.));
#13346 = VECTOR('',#13347,1.);
#13347 = DIRECTION('',(0.,0.,1.));
#13348 = ORIENTED_EDGE('',*,*,#10619,.T.);
#13349 = ORIENTED_EDGE('',*,*,#13350,.T.);
#13350 = EDGE_CURVE('',#10622,#13351,#13353,.T.);
#13351 = VERTEX_POINT('',#13352);
#13352 = CARTESIAN_POINT('',(0.32,-2.22,8.38));
#13353 = LINE('',#13354,#13355);
#13354 = CARTESIAN_POINT('',(0.32,-2.22,-3.));
#13355 = VECTOR('',#13356,1.);
#13356 = DIRECTION('',(0.,0.,1.));
#13357 = ORIENTED_EDGE('',*,*,#13358,.F.);
#13358 = EDGE_CURVE('',#13342,#13351,#13359,.T.);
#13359 = LINE('',#13360,#13361);
#13360 = CARTESIAN_POINT('',(0.32,-2.86,8.38));
#13361 = VECTOR('',#13362,1.);
#13362 = DIRECTION('',(0.,1.,0.));
#13363 = PLANE('',#13364);
#13364 = AXIS2_PLACEMENT_3D('',#13365,#13366,#13367);
#13365 = CARTESIAN_POINT('',(0.32,-2.86,-3.));
#13366 = DIRECTION('',(1.,0.,0.));
#13367 = DIRECTION('',(0.,0.,1.));
#13368 = ADVANCED_FACE('',(#13369),#13387,.T.);
#13369 = FACE_BOUND('',#13370,.T.);
#13370 = EDGE_LOOP('',(#13371,#13372,#13373,#13381));
#13371 = ORIENTED_EDGE('',*,*,#13350,.F.);
#13372 = ORIENTED_EDGE('',*,*,#10645,.T.);
#13373 = ORIENTED_EDGE('',*,*,#13374,.T.);
#13374 = EDGE_CURVE('',#10638,#13375,#13377,.T.);
#13375 = VERTEX_POINT('',#13376);
#13376 = CARTESIAN_POINT('',(-0.32,-2.22,8.38));
#13377 = LINE('',#13378,#13379);
#13378 = CARTESIAN_POINT('',(-0.32,-2.22,-3.));
#13379 = VECTOR('',#13380,1.);
#13380 = DIRECTION('',(0.,0.,1.));
#13381 = ORIENTED_EDGE('',*,*,#13382,.T.);
#13382 = EDGE_CURVE('',#13375,#13351,#13383,.T.);
#13383 = LINE('',#13384,#13385);
#13384 = CARTESIAN_POINT('',(-0.32,-2.22,8.38));
#13385 = VECTOR('',#13386,1.);
#13386 = DIRECTION('',(1.,0.,0.));
#13387 = PLANE('',#13388);
#13388 = AXIS2_PLACEMENT_3D('',#13389,#13390,#13391);
#13389 = CARTESIAN_POINT('',(-0.32,-2.22,-3.));
#13390 = DIRECTION('',(0.,1.,0.));
#13391 = DIRECTION('',(0.,-0.,1.));
#13392 = ADVANCED_FACE('',(#13393),#13411,.F.);
#13393 = FACE_BOUND('',#13394,.F.);
#13394 = EDGE_LOOP('',(#13395,#13403,#13404,#13405));
#13395 = ORIENTED_EDGE('',*,*,#13396,.F.);
#13396 = EDGE_CURVE('',#10630,#13397,#13399,.T.);
#13397 = VERTEX_POINT('',#13398);
#13398 = CARTESIAN_POINT('',(-0.32,-2.86,8.38));
#13399 = LINE('',#13400,#13401);
#13400 = CARTESIAN_POINT('',(-0.32,-2.86,-3.));
#13401 = VECTOR('',#13402,1.);
#13402 = DIRECTION('',(0.,0.,1.));
#13403 = ORIENTED_EDGE('',*,*,#10637,.T.);
#13404 = ORIENTED_EDGE('',*,*,#13374,.T.);
#13405 = ORIENTED_EDGE('',*,*,#13406,.F.);
#13406 = EDGE_CURVE('',#13397,#13375,#13407,.T.);
#13407 = LINE('',#13408,#13409);
#13408 = CARTESIAN_POINT('',(-0.32,-2.86,8.38));
#13409 = VECTOR('',#13410,1.);
#13410 = DIRECTION('',(0.,1.,0.));
#13411 = PLANE('',#13412);
#13412 = AXIS2_PLACEMENT_3D('',#13413,#13414,#13415);
#13413 = CARTESIAN_POINT('',(-0.32,-2.86,-3.));
#13414 = DIRECTION('',(1.,0.,0.));
#13415 = DIRECTION('',(0.,0.,1.));
#13416 = ADVANCED_FACE('',(#13417),#13428,.F.);
#13417 = FACE_BOUND('',#13418,.F.);
#13418 = EDGE_LOOP('',(#13419,#13420,#13421,#13422));
#13419 = ORIENTED_EDGE('',*,*,#13341,.F.);
#13420 = ORIENTED_EDGE('',*,*,#10629,.T.);
#13421 = ORIENTED_EDGE('',*,*,#13396,.T.);
#13422 = ORIENTED_EDGE('',*,*,#13423,.T.);
#13423 = EDGE_CURVE('',#13397,#13342,#13424,.T.);
#13424 = LINE('',#13425,#13426);
#13425 = CARTESIAN_POINT('',(-0.32,-2.86,8.38));
#13426 = VECTOR('',#13427,1.);
#13427 = DIRECTION('',(1.,0.,0.));
#13428 = PLANE('',#13429);
#13429 = AXIS2_PLACEMENT_3D('',#13430,#13431,#13432);
#13430 = CARTESIAN_POINT('',(-0.32,-2.86,-3.));
#13431 = DIRECTION('',(0.,1.,0.));
#13432 = DIRECTION('',(0.,-0.,1.));
#13433 = ADVANCED_FACE('',(#13434),#13459,.T.);
#13434 = FACE_BOUND('',#13435,.T.);
#13435 = EDGE_LOOP('',(#13436,#13444,#13445,#13453));
#13436 = ORIENTED_EDGE('',*,*,#13437,.F.);
#13437 = EDGE_CURVE('',#10654,#13438,#13440,.T.);
#13438 = VERTEX_POINT('',#13439);
#13439 = CARTESIAN_POINT('',(0.32,-5.4,8.38));
#13440 = LINE('',#13441,#13442);
#13441 = CARTESIAN_POINT('',(0.32,-5.4,-3.));
#13442 = VECTOR('',#13443,1.);
#13443 = DIRECTION('',(0.,0.,1.));
#13444 = ORIENTED_EDGE('',*,*,#10653,.T.);
#13445 = ORIENTED_EDGE('',*,*,#13446,.T.);
#13446 = EDGE_CURVE('',#10656,#13447,#13449,.T.);
#13447 = VERTEX_POINT('',#13448);
#13448 = CARTESIAN_POINT('',(0.32,-4.76,8.38));
#13449 = LINE('',#13450,#13451);
#13450 = CARTESIAN_POINT('',(0.32,-4.76,-3.));
#13451 = VECTOR('',#13452,1.);
#13452 = DIRECTION('',(0.,0.,1.));
#13453 = ORIENTED_EDGE('',*,*,#13454,.F.);
#13454 = EDGE_CURVE('',#13438,#13447,#13455,.T.);
#13455 = LINE('',#13456,#13457);
#13456 = CARTESIAN_POINT('',(0.32,-5.4,8.38));
#13457 = VECTOR('',#13458,1.);
#13458 = DIRECTION('',(0.,1.,0.));
#13459 = PLANE('',#13460);
#13460 = AXIS2_PLACEMENT_3D('',#13461,#13462,#13463);
#13461 = CARTESIAN_POINT('',(0.32,-5.4,-3.));
#13462 = DIRECTION('',(1.,0.,0.));
#13463 = DIRECTION('',(0.,0.,1.));
#13464 = ADVANCED_FACE('',(#13465),#13483,.T.);
#13465 = FACE_BOUND('',#13466,.T.);
#13466 = EDGE_LOOP('',(#13467,#13468,#13469,#13477));
#13467 = ORIENTED_EDGE('',*,*,#13446,.F.);
#13468 = ORIENTED_EDGE('',*,*,#10679,.T.);
#13469 = ORIENTED_EDGE('',*,*,#13470,.T.);
#13470 = EDGE_CURVE('',#10672,#13471,#13473,.T.);
#13471 = VERTEX_POINT('',#13472);
#13472 = CARTESIAN_POINT('',(-0.32,-4.76,8.38));
#13473 = LINE('',#13474,#13475);
#13474 = CARTESIAN_POINT('',(-0.32,-4.76,-3.));
#13475 = VECTOR('',#13476,1.);
#13476 = DIRECTION('',(0.,0.,1.));
#13477 = ORIENTED_EDGE('',*,*,#13478,.T.);
#13478 = EDGE_CURVE('',#13471,#13447,#13479,.T.);
#13479 = LINE('',#13480,#13481);
#13480 = CARTESIAN_POINT('',(-0.32,-4.76,8.38));
#13481 = VECTOR('',#13482,1.);
#13482 = DIRECTION('',(1.,0.,0.));
#13483 = PLANE('',#13484);
#13484 = AXIS2_PLACEMENT_3D('',#13485,#13486,#13487);
#13485 = CARTESIAN_POINT('',(-0.32,-4.76,-3.));
#13486 = DIRECTION('',(0.,1.,0.));
#13487 = DIRECTION('',(0.,-0.,1.));
#13488 = ADVANCED_FACE('',(#13489),#13507,.F.);
#13489 = FACE_BOUND('',#13490,.F.);
#13490 = EDGE_LOOP('',(#13491,#13499,#13500,#13501));
#13491 = ORIENTED_EDGE('',*,*,#13492,.F.);
#13492 = EDGE_CURVE('',#10664,#13493,#13495,.T.);
#13493 = VERTEX_POINT('',#13494);
#13494 = CARTESIAN_POINT('',(-0.32,-5.4,8.38));
#13495 = LINE('',#13496,#13497);
#13496 = CARTESIAN_POINT('',(-0.32,-5.4,-3.));
#13497 = VECTOR('',#13498,1.);
#13498 = DIRECTION('',(0.,0.,1.));
#13499 = ORIENTED_EDGE('',*,*,#10671,.T.);
#13500 = ORIENTED_EDGE('',*,*,#13470,.T.);
#13501 = ORIENTED_EDGE('',*,*,#13502,.F.);
#13502 = EDGE_CURVE('',#13493,#13471,#13503,.T.);
#13503 = LINE('',#13504,#13505);
#13504 = CARTESIAN_POINT('',(-0.32,-5.4,8.38));
#13505 = VECTOR('',#13506,1.);
#13506 = DIRECTION('',(0.,1.,0.));
#13507 = PLANE('',#13508);
#13508 = AXIS2_PLACEMENT_3D('',#13509,#13510,#13511);
#13509 = CARTESIAN_POINT('',(-0.32,-5.4,-3.));
#13510 = DIRECTION('',(1.,0.,0.));
#13511 = DIRECTION('',(0.,0.,1.));
#13512 = ADVANCED_FACE('',(#13513),#13524,.F.);
#13513 = FACE_BOUND('',#13514,.F.);
#13514 = EDGE_LOOP('',(#13515,#13516,#13517,#13518));
#13515 = ORIENTED_EDGE('',*,*,#13437,.F.);
#13516 = ORIENTED_EDGE('',*,*,#10663,.T.);
#13517 = ORIENTED_EDGE('',*,*,#13492,.T.);
#13518 = ORIENTED_EDGE('',*,*,#13519,.T.);
#13519 = EDGE_CURVE('',#13493,#13438,#13520,.T.);
#13520 = LINE('',#13521,#13522);
#13521 = CARTESIAN_POINT('',(-0.32,-5.4,8.38));
#13522 = VECTOR('',#13523,1.);
#13523 = DIRECTION('',(1.,0.,0.));
#13524 = PLANE('',#13525);
#13525 = AXIS2_PLACEMENT_3D('',#13526,#13527,#13528);
#13526 = CARTESIAN_POINT('',(-0.32,-5.4,-3.));
#13527 = DIRECTION('',(0.,1.,0.));
#13528 = DIRECTION('',(0.,-0.,1.));
#13529 = ADVANCED_FACE('',(#13530),#13555,.F.);
#13530 = FACE_BOUND('',#13531,.F.);
#13531 = EDGE_LOOP('',(#13532,#13540,#13541,#13549));
#13532 = ORIENTED_EDGE('',*,*,#13533,.F.);
#13533 = EDGE_CURVE('',#10688,#13534,#13536,.T.);
#13534 = VERTEX_POINT('',#13535);
#13535 = CARTESIAN_POINT('',(0.32,-10.48,8.38));
#13536 = LINE('',#13537,#13538);
#13537 = CARTESIAN_POINT('',(0.32,-10.48,-3.));
#13538 = VECTOR('',#13539,1.);
#13539 = DIRECTION('',(0.,0.,1.));
#13540 = ORIENTED_EDGE('',*,*,#10687,.T.);
#13541 = ORIENTED_EDGE('',*,*,#13542,.T.);
#13542 = EDGE_CURVE('',#10690,#13543,#13545,.T.);
#13543 = VERTEX_POINT('',#13544);
#13544 = CARTESIAN_POINT('',(-0.32,-10.48,8.38));
#13545 = LINE('',#13546,#13547);
#13546 = CARTESIAN_POINT('',(-0.32,-10.48,-3.));
#13547 = VECTOR('',#13548,1.);
#13548 = DIRECTION('',(0.,0.,1.));
#13549 = ORIENTED_EDGE('',*,*,#13550,.T.);
#13550 = EDGE_CURVE('',#13543,#13534,#13551,.T.);
#13551 = LINE('',#13552,#13553);
#13552 = CARTESIAN_POINT('',(-0.32,-10.48,8.38));
#13553 = VECTOR('',#13554,1.);
#13554 = DIRECTION('',(1.,0.,0.));
#13555 = PLANE('',#13556);
#13556 = AXIS2_PLACEMENT_3D('',#13557,#13558,#13559);
#13557 = CARTESIAN_POINT('',(-0.32,-10.48,-3.));
#13558 = DIRECTION('',(0.,1.,0.));
#13559 = DIRECTION('',(0.,-0.,1.));
#13560 = ADVANCED_FACE('',(#13561),#13579,.T.);
#13561 = FACE_BOUND('',#13562,.T.);
#13562 = EDGE_LOOP('',(#13563,#13564,#13565,#13573));
#13563 = ORIENTED_EDGE('',*,*,#13533,.F.);
#13564 = ORIENTED_EDGE('',*,*,#10713,.T.);
#13565 = ORIENTED_EDGE('',*,*,#13566,.T.);
#13566 = EDGE_CURVE('',#10706,#13567,#13569,.T.);
#13567 = VERTEX_POINT('',#13568);
#13568 = CARTESIAN_POINT('',(0.32,-9.84,8.38));
#13569 = LINE('',#13570,#13571);
#13570 = CARTESIAN_POINT('',(0.32,-9.84,-3.));
#13571 = VECTOR('',#13572,1.);
#13572 = DIRECTION('',(0.,0.,1.));
#13573 = ORIENTED_EDGE('',*,*,#13574,.F.);
#13574 = EDGE_CURVE('',#13534,#13567,#13575,.T.);
#13575 = LINE('',#13576,#13577);
#13576 = CARTESIAN_POINT('',(0.32,-10.48,8.38));
#13577 = VECTOR('',#13578,1.);
#13578 = DIRECTION('',(0.,1.,0.));
#13579 = PLANE('',#13580);
#13580 = AXIS2_PLACEMENT_3D('',#13581,#13582,#13583);
#13581 = CARTESIAN_POINT('',(0.32,-10.48,-3.));
#13582 = DIRECTION('',(1.,0.,0.));
#13583 = DIRECTION('',(0.,0.,1.));
#13584 = ADVANCED_FACE('',(#13585),#13603,.T.);
#13585 = FACE_BOUND('',#13586,.T.);
#13586 = EDGE_LOOP('',(#13587,#13588,#13589,#13597));
#13587 = ORIENTED_EDGE('',*,*,#13566,.F.);
#13588 = ORIENTED_EDGE('',*,*,#10705,.T.);
#13589 = ORIENTED_EDGE('',*,*,#13590,.T.);
#13590 = EDGE_CURVE('',#10698,#13591,#13593,.T.);
#13591 = VERTEX_POINT('',#13592);
#13592 = CARTESIAN_POINT('',(-0.32,-9.84,8.38));
#13593 = LINE('',#13594,#13595);
#13594 = CARTESIAN_POINT('',(-0.32,-9.84,-3.));
#13595 = VECTOR('',#13596,1.);
#13596 = DIRECTION('',(0.,0.,1.));
#13597 = ORIENTED_EDGE('',*,*,#13598,.T.);
#13598 = EDGE_CURVE('',#13591,#13567,#13599,.T.);
#13599 = LINE('',#13600,#13601);
#13600 = CARTESIAN_POINT('',(-0.32,-9.84,8.38));
#13601 = VECTOR('',#13602,1.);
#13602 = DIRECTION('',(1.,0.,0.));
#13603 = PLANE('',#13604);
#13604 = AXIS2_PLACEMENT_3D('',#13605,#13606,#13607);
#13605 = CARTESIAN_POINT('',(-0.32,-9.84,-3.));
#13606 = DIRECTION('',(0.,1.,0.));
#13607 = DIRECTION('',(0.,-0.,1.));
#13608 = ADVANCED_FACE('',(#13609),#13620,.F.);
#13609 = FACE_BOUND('',#13610,.F.);
#13610 = EDGE_LOOP('',(#13611,#13612,#13613,#13614));
#13611 = ORIENTED_EDGE('',*,*,#13542,.F.);
#13612 = ORIENTED_EDGE('',*,*,#10697,.T.);
#13613 = ORIENTED_EDGE('',*,*,#13590,.T.);
#13614 = ORIENTED_EDGE('',*,*,#13615,.F.);
#13615 = EDGE_CURVE('',#13543,#13591,#13616,.T.);
#13616 = LINE('',#13617,#13618);
#13617 = CARTESIAN_POINT('',(-0.32,-10.48,8.38));
#13618 = VECTOR('',#13619,1.);
#13619 = DIRECTION('',(0.,1.,0.));
#13620 = PLANE('',#13621);
#13621 = AXIS2_PLACEMENT_3D('',#13622,#13623,#13624);
#13622 = CARTESIAN_POINT('',(-0.32,-10.48,-3.));
#13623 = DIRECTION('',(1.,0.,0.));
#13624 = DIRECTION('',(0.,0.,1.));
#13625 = ADVANCED_FACE('',(#13626),#13651,.F.);
#13626 = FACE_BOUND('',#13627,.F.);
#13627 = EDGE_LOOP('',(#13628,#13636,#13637,#13645));
#13628 = ORIENTED_EDGE('',*,*,#13629,.F.);
#13629 = EDGE_CURVE('',#10722,#13630,#13632,.T.);
#13630 = VERTEX_POINT('',#13631);
#13631 = CARTESIAN_POINT('',(0.32,-7.94,8.38));
#13632 = LINE('',#13633,#13634);
#13633 = CARTESIAN_POINT('',(0.32,-7.94,-3.));
#13634 = VECTOR('',#13635,1.);
#13635 = DIRECTION('',(0.,0.,1.));
#13636 = ORIENTED_EDGE('',*,*,#10721,.T.);
#13637 = ORIENTED_EDGE('',*,*,#13638,.T.);
#13638 = EDGE_CURVE('',#10724,#13639,#13641,.T.);
#13639 = VERTEX_POINT('',#13640);
#13640 = CARTESIAN_POINT('',(-0.32,-7.94,8.38));
#13641 = LINE('',#13642,#13643);
#13642 = CARTESIAN_POINT('',(-0.32,-7.94,-3.));
#13643 = VECTOR('',#13644,1.);
#13644 = DIRECTION('',(0.,0.,1.));
#13645 = ORIENTED_EDGE('',*,*,#13646,.T.);
#13646 = EDGE_CURVE('',#13639,#13630,#13647,.T.);
#13647 = LINE('',#13648,#13649);
#13648 = CARTESIAN_POINT('',(-0.32,-7.94,8.38));
#13649 = VECTOR('',#13650,1.);
#13650 = DIRECTION('',(1.,0.,0.));
#13651 = PLANE('',#13652);
#13652 = AXIS2_PLACEMENT_3D('',#13653,#13654,#13655);
#13653 = CARTESIAN_POINT('',(-0.32,-7.94,-3.));
#13654 = DIRECTION('',(0.,1.,0.));
#13655 = DIRECTION('',(0.,-0.,1.));
#13656 = ADVANCED_FACE('',(#13657),#13675,.T.);
#13657 = FACE_BOUND('',#13658,.T.);
#13658 = EDGE_LOOP('',(#13659,#13660,#13661,#13669));
#13659 = ORIENTED_EDGE('',*,*,#13629,.F.);
#13660 = ORIENTED_EDGE('',*,*,#10747,.T.);
#13661 = ORIENTED_EDGE('',*,*,#13662,.T.);
#13662 = EDGE_CURVE('',#10740,#13663,#13665,.T.);
#13663 = VERTEX_POINT('',#13664);
#13664 = CARTESIAN_POINT('',(0.32,-7.3,8.38));
#13665 = LINE('',#13666,#13667);
#13666 = CARTESIAN_POINT('',(0.32,-7.3,-3.));
#13667 = VECTOR('',#13668,1.);
#13668 = DIRECTION('',(0.,0.,1.));
#13669 = ORIENTED_EDGE('',*,*,#13670,.F.);
#13670 = EDGE_CURVE('',#13630,#13663,#13671,.T.);
#13671 = LINE('',#13672,#13673);
#13672 = CARTESIAN_POINT('',(0.32,-7.94,8.38));
#13673 = VECTOR('',#13674,1.);
#13674 = DIRECTION('',(0.,1.,0.));
#13675 = PLANE('',#13676);
#13676 = AXIS2_PLACEMENT_3D('',#13677,#13678,#13679);
#13677 = CARTESIAN_POINT('',(0.32,-7.94,-3.));
#13678 = DIRECTION('',(1.,0.,0.));
#13679 = DIRECTION('',(0.,0.,1.));
#13680 = ADVANCED_FACE('',(#13681),#13699,.T.);
#13681 = FACE_BOUND('',#13682,.T.);
#13682 = EDGE_LOOP('',(#13683,#13684,#13685,#13693));
#13683 = ORIENTED_EDGE('',*,*,#13662,.F.);
#13684 = ORIENTED_EDGE('',*,*,#10739,.T.);
#13685 = ORIENTED_EDGE('',*,*,#13686,.T.);
#13686 = EDGE_CURVE('',#10732,#13687,#13689,.T.);
#13687 = VERTEX_POINT('',#13688);
#13688 = CARTESIAN_POINT('',(-0.32,-7.3,8.38));
#13689 = LINE('',#13690,#13691);
#13690 = CARTESIAN_POINT('',(-0.32,-7.3,-3.));
#13691 = VECTOR('',#13692,1.);
#13692 = DIRECTION('',(0.,0.,1.));
#13693 = ORIENTED_EDGE('',*,*,#13694,.T.);
#13694 = EDGE_CURVE('',#13687,#13663,#13695,.T.);
#13695 = LINE('',#13696,#13697);
#13696 = CARTESIAN_POINT('',(-0.32,-7.3,8.38));
#13697 = VECTOR('',#13698,1.);
#13698 = DIRECTION('',(1.,0.,0.));
#13699 = PLANE('',#13700);
#13700 = AXIS2_PLACEMENT_3D('',#13701,#13702,#13703);
#13701 = CARTESIAN_POINT('',(-0.32,-7.3,-3.));
#13702 = DIRECTION('',(0.,1.,0.));
#13703 = DIRECTION('',(0.,-0.,1.));
#13704 = ADVANCED_FACE('',(#13705),#13716,.F.);
#13705 = FACE_BOUND('',#13706,.F.);
#13706 = EDGE_LOOP('',(#13707,#13708,#13709,#13710));
#13707 = ORIENTED_EDGE('',*,*,#13638,.F.);
#13708 = ORIENTED_EDGE('',*,*,#10731,.T.);
#13709 = ORIENTED_EDGE('',*,*,#13686,.T.);
#13710 = ORIENTED_EDGE('',*,*,#13711,.F.);
#13711 = EDGE_CURVE('',#13639,#13687,#13712,.T.);
#13712 = LINE('',#13713,#13714);
#13713 = CARTESIAN_POINT('',(-0.32,-7.94,8.38));
#13714 = VECTOR('',#13715,1.);
#13715 = DIRECTION('',(0.,1.,0.));
#13716 = PLANE('',#13717);
#13717 = AXIS2_PLACEMENT_3D('',#13718,#13719,#13720);
#13718 = CARTESIAN_POINT('',(-0.32,-7.94,-3.));
#13719 = DIRECTION('',(1.,0.,0.));
#13720 = DIRECTION('',(0.,0.,1.));
#13721 = ADVANCED_FACE('',(#13722),#13747,.F.);
#13722 = FACE_BOUND('',#13723,.F.);
#13723 = EDGE_LOOP('',(#13724,#13732,#13733,#13741));
#13724 = ORIENTED_EDGE('',*,*,#13725,.F.);
#13725 = EDGE_CURVE('',#10756,#13726,#13728,.T.);
#13726 = VERTEX_POINT('',#13727);
#13727 = CARTESIAN_POINT('',(0.32,-20.64,8.38));
#13728 = LINE('',#13729,#13730);
#13729 = CARTESIAN_POINT('',(0.32,-20.64,-3.));
#13730 = VECTOR('',#13731,1.);
#13731 = DIRECTION('',(0.,0.,1.));
#13732 = ORIENTED_EDGE('',*,*,#10755,.T.);
#13733 = ORIENTED_EDGE('',*,*,#13734,.T.);
#13734 = EDGE_CURVE('',#10758,#13735,#13737,.T.);
#13735 = VERTEX_POINT('',#13736);
#13736 = CARTESIAN_POINT('',(-0.32,-20.64,8.38));
#13737 = LINE('',#13738,#13739);
#13738 = CARTESIAN_POINT('',(-0.32,-20.64,-3.));
#13739 = VECTOR('',#13740,1.);
#13740 = DIRECTION('',(0.,0.,1.));
#13741 = ORIENTED_EDGE('',*,*,#13742,.T.);
#13742 = EDGE_CURVE('',#13735,#13726,#13743,.T.);
#13743 = LINE('',#13744,#13745);
#13744 = CARTESIAN_POINT('',(-0.32,-20.64,8.38));
#13745 = VECTOR('',#13746,1.);
#13746 = DIRECTION('',(1.,0.,0.));
#13747 = PLANE('',#13748);
#13748 = AXIS2_PLACEMENT_3D('',#13749,#13750,#13751);
#13749 = CARTESIAN_POINT('',(-0.32,-20.64,-3.));
#13750 = DIRECTION('',(0.,1.,0.));
#13751 = DIRECTION('',(0.,-0.,1.));
#13752 = ADVANCED_FACE('',(#13753),#13771,.T.);
#13753 = FACE_BOUND('',#13754,.T.);
#13754 = EDGE_LOOP('',(#13755,#13756,#13757,#13765));
#13755 = ORIENTED_EDGE('',*,*,#13725,.F.);
#13756 = ORIENTED_EDGE('',*,*,#10781,.T.);
#13757 = ORIENTED_EDGE('',*,*,#13758,.T.);
#13758 = EDGE_CURVE('',#10774,#13759,#13761,.T.);
#13759 = VERTEX_POINT('',#13760);
#13760 = CARTESIAN_POINT('',(0.32,-20.,8.38));
#13761 = LINE('',#13762,#13763);
#13762 = CARTESIAN_POINT('',(0.32,-20.,-3.));
#13763 = VECTOR('',#13764,1.);
#13764 = DIRECTION('',(0.,0.,1.));
#13765 = ORIENTED_EDGE('',*,*,#13766,.F.);
#13766 = EDGE_CURVE('',#13726,#13759,#13767,.T.);
#13767 = LINE('',#13768,#13769);
#13768 = CARTESIAN_POINT('',(0.32,-20.64,8.38));
#13769 = VECTOR('',#13770,1.);
#13770 = DIRECTION('',(0.,1.,0.));
#13771 = PLANE('',#13772);
#13772 = AXIS2_PLACEMENT_3D('',#13773,#13774,#13775);
#13773 = CARTESIAN_POINT('',(0.32,-20.64,-3.));
#13774 = DIRECTION('',(1.,0.,0.));
#13775 = DIRECTION('',(0.,0.,1.));
#13776 = ADVANCED_FACE('',(#13777),#13795,.T.);
#13777 = FACE_BOUND('',#13778,.T.);
#13778 = EDGE_LOOP('',(#13779,#13780,#13781,#13789));
#13779 = ORIENTED_EDGE('',*,*,#13758,.F.);
#13780 = ORIENTED_EDGE('',*,*,#10773,.T.);
#13781 = ORIENTED_EDGE('',*,*,#13782,.T.);
#13782 = EDGE_CURVE('',#10766,#13783,#13785,.T.);
#13783 = VERTEX_POINT('',#13784);
#13784 = CARTESIAN_POINT('',(-0.32,-20.,8.38));
#13785 = LINE('',#13786,#13787);
#13786 = CARTESIAN_POINT('',(-0.32,-20.,-3.));
#13787 = VECTOR('',#13788,1.);
#13788 = DIRECTION('',(0.,0.,1.));
#13789 = ORIENTED_EDGE('',*,*,#13790,.T.);
#13790 = EDGE_CURVE('',#13783,#13759,#13791,.T.);
#13791 = LINE('',#13792,#13793);
#13792 = CARTESIAN_POINT('',(-0.32,-20.,8.38));
#13793 = VECTOR('',#13794,1.);
#13794 = DIRECTION('',(1.,0.,0.));
#13795 = PLANE('',#13796);
#13796 = AXIS2_PLACEMENT_3D('',#13797,#13798,#13799);
#13797 = CARTESIAN_POINT('',(-0.32,-20.,-3.));
#13798 = DIRECTION('',(0.,1.,0.));
#13799 = DIRECTION('',(0.,-0.,1.));
#13800 = ADVANCED_FACE('',(#13801),#13812,.F.);
#13801 = FACE_BOUND('',#13802,.F.);
#13802 = EDGE_LOOP('',(#13803,#13804,#13805,#13806));
#13803 = ORIENTED_EDGE('',*,*,#13734,.F.);
#13804 = ORIENTED_EDGE('',*,*,#10765,.T.);
#13805 = ORIENTED_EDGE('',*,*,#13782,.T.);
#13806 = ORIENTED_EDGE('',*,*,#13807,.F.);
#13807 = EDGE_CURVE('',#13735,#13783,#13808,.T.);
#13808 = LINE('',#13809,#13810);
#13809 = CARTESIAN_POINT('',(-0.32,-20.64,8.38));
#13810 = VECTOR('',#13811,1.);
#13811 = DIRECTION('',(0.,1.,0.));
#13812 = PLANE('',#13813);
#13813 = AXIS2_PLACEMENT_3D('',#13814,#13815,#13816);
#13814 = CARTESIAN_POINT('',(-0.32,-20.64,-3.));
#13815 = DIRECTION('',(1.,0.,0.));
#13816 = DIRECTION('',(0.,0.,1.));
#13817 = ADVANCED_FACE('',(#13818),#13843,.F.);
#13818 = FACE_BOUND('',#13819,.F.);
#13819 = EDGE_LOOP('',(#13820,#13828,#13829,#13837));
#13820 = ORIENTED_EDGE('',*,*,#13821,.F.);
#13821 = EDGE_CURVE('',#10790,#13822,#13824,.T.);
#13822 = VERTEX_POINT('',#13823);
#13823 = CARTESIAN_POINT('',(0.32,-23.18,8.38));
#13824 = LINE('',#13825,#13826);
#13825 = CARTESIAN_POINT('',(0.32,-23.18,-3.));
#13826 = VECTOR('',#13827,1.);
#13827 = DIRECTION('',(0.,0.,1.));
#13828 = ORIENTED_EDGE('',*,*,#10789,.T.);
#13829 = ORIENTED_EDGE('',*,*,#13830,.T.);
#13830 = EDGE_CURVE('',#10792,#13831,#13833,.T.);
#13831 = VERTEX_POINT('',#13832);
#13832 = CARTESIAN_POINT('',(-0.32,-23.18,8.38));
#13833 = LINE('',#13834,#13835);
#13834 = CARTESIAN_POINT('',(-0.32,-23.18,-3.));
#13835 = VECTOR('',#13836,1.);
#13836 = DIRECTION('',(0.,0.,1.));
#13837 = ORIENTED_EDGE('',*,*,#13838,.T.);
#13838 = EDGE_CURVE('',#13831,#13822,#13839,.T.);
#13839 = LINE('',#13840,#13841);
#13840 = CARTESIAN_POINT('',(-0.32,-23.18,8.38));
#13841 = VECTOR('',#13842,1.);
#13842 = DIRECTION('',(1.,0.,0.));
#13843 = PLANE('',#13844);
#13844 = AXIS2_PLACEMENT_3D('',#13845,#13846,#13847);
#13845 = CARTESIAN_POINT('',(-0.32,-23.18,-3.));
#13846 = DIRECTION('',(0.,1.,0.));
#13847 = DIRECTION('',(0.,-0.,1.));
#13848 = ADVANCED_FACE('',(#13849),#13867,.T.);
#13849 = FACE_BOUND('',#13850,.T.);
#13850 = EDGE_LOOP('',(#13851,#13852,#13853,#13861));
#13851 = ORIENTED_EDGE('',*,*,#13821,.F.);
#13852 = ORIENTED_EDGE('',*,*,#10815,.T.);
#13853 = ORIENTED_EDGE('',*,*,#13854,.T.);
#13854 = EDGE_CURVE('',#10808,#13855,#13857,.T.);
#13855 = VERTEX_POINT('',#13856);
#13856 = CARTESIAN_POINT('',(0.32,-22.54,8.38));
#13857 = LINE('',#13858,#13859);
#13858 = CARTESIAN_POINT('',(0.32,-22.54,-3.));
#13859 = VECTOR('',#13860,1.);
#13860 = DIRECTION('',(0.,0.,1.));
#13861 = ORIENTED_EDGE('',*,*,#13862,.F.);
#13862 = EDGE_CURVE('',#13822,#13855,#13863,.T.);
#13863 = LINE('',#13864,#13865);
#13864 = CARTESIAN_POINT('',(0.32,-23.18,8.38));
#13865 = VECTOR('',#13866,1.);
#13866 = DIRECTION('',(0.,1.,0.));
#13867 = PLANE('',#13868);
#13868 = AXIS2_PLACEMENT_3D('',#13869,#13870,#13871);
#13869 = CARTESIAN_POINT('',(0.32,-23.18,-3.));
#13870 = DIRECTION('',(1.,0.,0.));
#13871 = DIRECTION('',(0.,0.,1.));
#13872 = ADVANCED_FACE('',(#13873),#13891,.T.);
#13873 = FACE_BOUND('',#13874,.T.);
#13874 = EDGE_LOOP('',(#13875,#13876,#13877,#13885));
#13875 = ORIENTED_EDGE('',*,*,#13854,.F.);
#13876 = ORIENTED_EDGE('',*,*,#10807,.T.);
#13877 = ORIENTED_EDGE('',*,*,#13878,.T.);
#13878 = EDGE_CURVE('',#10800,#13879,#13881,.T.);
#13879 = VERTEX_POINT('',#13880);
#13880 = CARTESIAN_POINT('',(-0.32,-22.54,8.38));
#13881 = LINE('',#13882,#13883);
#13882 = CARTESIAN_POINT('',(-0.32,-22.54,-3.));
#13883 = VECTOR('',#13884,1.);
#13884 = DIRECTION('',(0.,0.,1.));
#13885 = ORIENTED_EDGE('',*,*,#13886,.T.);
#13886 = EDGE_CURVE('',#13879,#13855,#13887,.T.);
#13887 = LINE('',#13888,#13889);
#13888 = CARTESIAN_POINT('',(-0.32,-22.54,8.38));
#13889 = VECTOR('',#13890,1.);
#13890 = DIRECTION('',(1.,0.,0.));
#13891 = PLANE('',#13892);
#13892 = AXIS2_PLACEMENT_3D('',#13893,#13894,#13895);
#13893 = CARTESIAN_POINT('',(-0.32,-22.54,-3.));
#13894 = DIRECTION('',(0.,1.,0.));
#13895 = DIRECTION('',(0.,-0.,1.));
#13896 = ADVANCED_FACE('',(#13897),#13908,.F.);
#13897 = FACE_BOUND('',#13898,.F.);
#13898 = EDGE_LOOP('',(#13899,#13900,#13901,#13902));
#13899 = ORIENTED_EDGE('',*,*,#13830,.F.);
#13900 = ORIENTED_EDGE('',*,*,#10799,.T.);
#13901 = ORIENTED_EDGE('',*,*,#13878,.T.);
#13902 = ORIENTED_EDGE('',*,*,#13903,.F.);
#13903 = EDGE_CURVE('',#13831,#13879,#13904,.T.);
#13904 = LINE('',#13905,#13906);
#13905 = CARTESIAN_POINT('',(-0.32,-23.18,8.38));
#13906 = VECTOR('',#13907,1.);
#13907 = DIRECTION('',(0.,1.,0.));
#13908 = PLANE('',#13909);
#13909 = AXIS2_PLACEMENT_3D('',#13910,#13911,#13912);
#13910 = CARTESIAN_POINT('',(-0.32,-23.18,-3.));
#13911 = DIRECTION('',(1.,0.,0.));
#13912 = DIRECTION('',(0.,0.,1.));
#13913 = ADVANCED_FACE('',(#13914),#13939,.F.);
#13914 = FACE_BOUND('',#13915,.F.);
#13915 = EDGE_LOOP('',(#13916,#13924,#13925,#13933));
#13916 = ORIENTED_EDGE('',*,*,#13917,.F.);
#13917 = EDGE_CURVE('',#10824,#13918,#13920,.T.);
#13918 = VERTEX_POINT('',#13919);
#13919 = CARTESIAN_POINT('',(0.32,-0.32,8.38));
#13920 = LINE('',#13921,#13922);
#13921 = CARTESIAN_POINT('',(0.32,-0.32,-3.));
#13922 = VECTOR('',#13923,1.);
#13923 = DIRECTION('',(0.,0.,1.));
#13924 = ORIENTED_EDGE('',*,*,#10823,.T.);
#13925 = ORIENTED_EDGE('',*,*,#13926,.T.);
#13926 = EDGE_CURVE('',#10826,#13927,#13929,.T.);
#13927 = VERTEX_POINT('',#13928);
#13928 = CARTESIAN_POINT('',(-0.32,-0.32,8.38));
#13929 = LINE('',#13930,#13931);
#13930 = CARTESIAN_POINT('',(-0.32,-0.32,-3.));
#13931 = VECTOR('',#13932,1.);
#13932 = DIRECTION('',(0.,0.,1.));
#13933 = ORIENTED_EDGE('',*,*,#13934,.T.);
#13934 = EDGE_CURVE('',#13927,#13918,#13935,.T.);
#13935 = LINE('',#13936,#13937);
#13936 = CARTESIAN_POINT('',(-0.32,-0.32,8.38));
#13937 = VECTOR('',#13938,1.);
#13938 = DIRECTION('',(1.,0.,0.));
#13939 = PLANE('',#13940);
#13940 = AXIS2_PLACEMENT_3D('',#13941,#13942,#13943);
#13941 = CARTESIAN_POINT('',(-0.32,-0.32,-3.));
#13942 = DIRECTION('',(0.,1.,0.));
#13943 = DIRECTION('',(0.,-0.,1.));
#13944 = ADVANCED_FACE('',(#13945),#13963,.T.);
#13945 = FACE_BOUND('',#13946,.T.);
#13946 = EDGE_LOOP('',(#13947,#13948,#13949,#13957));
#13947 = ORIENTED_EDGE('',*,*,#13917,.F.);
#13948 = ORIENTED_EDGE('',*,*,#10849,.T.);
#13949 = ORIENTED_EDGE('',*,*,#13950,.T.);
#13950 = EDGE_CURVE('',#10842,#13951,#13953,.T.);
#13951 = VERTEX_POINT('',#13952);
#13952 = CARTESIAN_POINT('',(0.32,0.32,8.38));
#13953 = LINE('',#13954,#13955);
#13954 = CARTESIAN_POINT('',(0.32,0.32,-3.));
#13955 = VECTOR('',#13956,1.);
#13956 = DIRECTION('',(0.,0.,1.));
#13957 = ORIENTED_EDGE('',*,*,#13958,.F.);
#13958 = EDGE_CURVE('',#13918,#13951,#13959,.T.);
#13959 = LINE('',#13960,#13961);
#13960 = CARTESIAN_POINT('',(0.32,-0.32,8.38));
#13961 = VECTOR('',#13962,1.);
#13962 = DIRECTION('',(0.,1.,0.));
#13963 = PLANE('',#13964);
#13964 = AXIS2_PLACEMENT_3D('',#13965,#13966,#13967);
#13965 = CARTESIAN_POINT('',(0.32,-0.32,-3.));
#13966 = DIRECTION('',(1.,0.,0.));
#13967 = DIRECTION('',(0.,0.,1.));
#13968 = ADVANCED_FACE('',(#13969),#13987,.T.);
#13969 = FACE_BOUND('',#13970,.T.);
#13970 = EDGE_LOOP('',(#13971,#13972,#13973,#13981));
#13971 = ORIENTED_EDGE('',*,*,#13950,.F.);
#13972 = ORIENTED_EDGE('',*,*,#10841,.T.);
#13973 = ORIENTED_EDGE('',*,*,#13974,.T.);
#13974 = EDGE_CURVE('',#10834,#13975,#13977,.T.);
#13975 = VERTEX_POINT('',#13976);
#13976 = CARTESIAN_POINT('',(-0.32,0.32,8.38));
#13977 = LINE('',#13978,#13979);
#13978 = CARTESIAN_POINT('',(-0.32,0.32,-3.));
#13979 = VECTOR('',#13980,1.);
#13980 = DIRECTION('',(0.,0.,1.));
#13981 = ORIENTED_EDGE('',*,*,#13982,.T.);
#13982 = EDGE_CURVE('',#13975,#13951,#13983,.T.);
#13983 = LINE('',#13984,#13985);
#13984 = CARTESIAN_POINT('',(-0.32,0.32,8.38));
#13985 = VECTOR('',#13986,1.);
#13986 = DIRECTION('',(1.,0.,0.));
#13987 = PLANE('',#13988);
#13988 = AXIS2_PLACEMENT_3D('',#13989,#13990,#13991);
#13989 = CARTESIAN_POINT('',(-0.32,0.32,-3.));
#13990 = DIRECTION('',(0.,1.,0.));
#13991 = DIRECTION('',(0.,-0.,1.));
#13992 = ADVANCED_FACE('',(#13993),#14004,.F.);
#13993 = FACE_BOUND('',#13994,.F.);
#13994 = EDGE_LOOP('',(#13995,#13996,#13997,#13998));
#13995 = ORIENTED_EDGE('',*,*,#13926,.F.);
#13996 = ORIENTED_EDGE('',*,*,#10833,.T.);
#13997 = ORIENTED_EDGE('',*,*,#13974,.T.);
#13998 = ORIENTED_EDGE('',*,*,#13999,.F.);
#13999 = EDGE_CURVE('',#13927,#13975,#14000,.T.);
#14000 = LINE('',#14001,#14002);
#14001 = CARTESIAN_POINT('',(-0.32,-0.32,8.38));
#14002 = VECTOR('',#14003,1.);
#14003 = DIRECTION('',(0.,1.,0.));
#14004 = PLANE('',#14005);
#14005 = AXIS2_PLACEMENT_3D('',#14006,#14007,#14008);
#14006 = CARTESIAN_POINT('',(-0.32,-0.32,-3.));
#14007 = DIRECTION('',(1.,0.,0.));
#14008 = DIRECTION('',(0.,0.,1.));
#14009 = ADVANCED_FACE('',(#14010),#14035,.T.);
#14010 = FACE_BOUND('',#14011,.T.);
#14011 = EDGE_LOOP('',(#14012,#14020,#14021,#14029));
#14012 = ORIENTED_EDGE('',*,*,#14013,.F.);
#14013 = EDGE_CURVE('',#10858,#14014,#14016,.T.);
#14014 = VERTEX_POINT('',#14015);
#14015 = CARTESIAN_POINT('',(0.32,-25.72,8.38));
#14016 = LINE('',#14017,#14018);
#14017 = CARTESIAN_POINT('',(0.32,-25.72,-3.));
#14018 = VECTOR('',#14019,1.);
#14019 = DIRECTION('',(0.,0.,1.));
#14020 = ORIENTED_EDGE('',*,*,#10857,.T.);
#14021 = ORIENTED_EDGE('',*,*,#14022,.T.);
#14022 = EDGE_CURVE('',#10860,#14023,#14025,.T.);
#14023 = VERTEX_POINT('',#14024);
#14024 = CARTESIAN_POINT('',(0.32,-25.08,8.38));
#14025 = LINE('',#14026,#14027);
#14026 = CARTESIAN_POINT('',(0.32,-25.08,-3.));
#14027 = VECTOR('',#14028,1.);
#14028 = DIRECTION('',(0.,0.,1.));
#14029 = ORIENTED_EDGE('',*,*,#14030,.F.);
#14030 = EDGE_CURVE('',#14014,#14023,#14031,.T.);
#14031 = LINE('',#14032,#14033);
#14032 = CARTESIAN_POINT('',(0.32,-25.72,8.38));
#14033 = VECTOR('',#14034,1.);
#14034 = DIRECTION('',(0.,1.,0.));
#14035 = PLANE('',#14036);
#14036 = AXIS2_PLACEMENT_3D('',#14037,#14038,#14039);
#14037 = CARTESIAN_POINT('',(0.32,-25.72,-3.));
#14038 = DIRECTION('',(1.,0.,0.));
#14039 = DIRECTION('',(0.,0.,1.));
#14040 = ADVANCED_FACE('',(#14041),#14059,.T.);
#14041 = FACE_BOUND('',#14042,.T.);
#14042 = EDGE_LOOP('',(#14043,#14044,#14045,#14053));
#14043 = ORIENTED_EDGE('',*,*,#14022,.F.);
#14044 = ORIENTED_EDGE('',*,*,#10883,.T.);
#14045 = ORIENTED_EDGE('',*,*,#14046,.T.);
#14046 = EDGE_CURVE('',#10876,#14047,#14049,.T.);
#14047 = VERTEX_POINT('',#14048);
#14048 = CARTESIAN_POINT('',(-0.32,-25.08,8.38));
#14049 = LINE('',#14050,#14051);
#14050 = CARTESIAN_POINT('',(-0.32,-25.08,-3.));
#14051 = VECTOR('',#14052,1.);
#14052 = DIRECTION('',(0.,0.,1.));
#14053 = ORIENTED_EDGE('',*,*,#14054,.T.);
#14054 = EDGE_CURVE('',#14047,#14023,#14055,.T.);
#14055 = LINE('',#14056,#14057);
#14056 = CARTESIAN_POINT('',(-0.32,-25.08,8.38));
#14057 = VECTOR('',#14058,1.);
#14058 = DIRECTION('',(1.,0.,0.));
#14059 = PLANE('',#14060);
#14060 = AXIS2_PLACEMENT_3D('',#14061,#14062,#14063);
#14061 = CARTESIAN_POINT('',(-0.32,-25.08,-3.));
#14062 = DIRECTION('',(0.,1.,0.));
#14063 = DIRECTION('',(0.,-0.,1.));
#14064 = ADVANCED_FACE('',(#14065),#14083,.F.);
#14065 = FACE_BOUND('',#14066,.F.);
#14066 = EDGE_LOOP('',(#14067,#14075,#14076,#14077));
#14067 = ORIENTED_EDGE('',*,*,#14068,.F.);
#14068 = EDGE_CURVE('',#10868,#14069,#14071,.T.);
#14069 = VERTEX_POINT('',#14070);
#14070 = CARTESIAN_POINT('',(-0.32,-25.72,8.38));
#14071 = LINE('',#14072,#14073);
#14072 = CARTESIAN_POINT('',(-0.32,-25.72,-3.));
#14073 = VECTOR('',#14074,1.);
#14074 = DIRECTION('',(0.,0.,1.));
#14075 = ORIENTED_EDGE('',*,*,#10875,.T.);
#14076 = ORIENTED_EDGE('',*,*,#14046,.T.);
#14077 = ORIENTED_EDGE('',*,*,#14078,.F.);
#14078 = EDGE_CURVE('',#14069,#14047,#14079,.T.);
#14079 = LINE('',#14080,#14081);
#14080 = CARTESIAN_POINT('',(-0.32,-25.72,8.38));
#14081 = VECTOR('',#14082,1.);
#14082 = DIRECTION('',(0.,1.,0.));
#14083 = PLANE('',#14084);
#14084 = AXIS2_PLACEMENT_3D('',#14085,#14086,#14087);
#14085 = CARTESIAN_POINT('',(-0.32,-25.72,-3.));
#14086 = DIRECTION('',(1.,0.,0.));
#14087 = DIRECTION('',(0.,0.,1.));
#14088 = ADVANCED_FACE('',(#14089),#14100,.F.);
#14089 = FACE_BOUND('',#14090,.F.);
#14090 = EDGE_LOOP('',(#14091,#14092,#14093,#14094));
#14091 = ORIENTED_EDGE('',*,*,#14013,.F.);
#14092 = ORIENTED_EDGE('',*,*,#10867,.T.);
#14093 = ORIENTED_EDGE('',*,*,#14068,.T.);
#14094 = ORIENTED_EDGE('',*,*,#14095,.T.);
#14095 = EDGE_CURVE('',#14069,#14014,#14096,.T.);
#14096 = LINE('',#14097,#14098);
#14097 = CARTESIAN_POINT('',(-0.32,-25.72,8.38));
#14098 = VECTOR('',#14099,1.);
#14099 = DIRECTION('',(1.,0.,0.));
#14100 = PLANE('',#14101);
#14101 = AXIS2_PLACEMENT_3D('',#14102,#14103,#14104);
#14102 = CARTESIAN_POINT('',(-0.32,-25.72,-3.));
#14103 = DIRECTION('',(0.,1.,0.));
#14104 = DIRECTION('',(0.,-0.,1.));
#14105 = ADVANCED_FACE('',(#14106),#14131,.F.);
#14106 = FACE_BOUND('',#14107,.F.);
#14107 = EDGE_LOOP('',(#14108,#14116,#14117,#14125));
#14108 = ORIENTED_EDGE('',*,*,#14109,.F.);
#14109 = EDGE_CURVE('',#11998,#14110,#14112,.T.);
#14110 = VERTEX_POINT('',#14111);
#14111 = CARTESIAN_POINT('',(0.16,-17.94,-3.));
#14112 = LINE('',#14113,#14114);
#14113 = CARTESIAN_POINT('',(0.16,-17.94,-3.));
#14114 = VECTOR('',#14115,1.);
#14115 = DIRECTION('',(-0.57735026919,0.57735026919,-0.57735026919));
#14116 = ORIENTED_EDGE('',*,*,#12005,.T.);
#14117 = ORIENTED_EDGE('',*,*,#14118,.T.);
#14118 = EDGE_CURVE('',#12006,#14119,#14121,.T.);
#14119 = VERTEX_POINT('',#14120);
#14120 = CARTESIAN_POINT('',(0.16,-17.62,-3.));
#14121 = LINE('',#14122,#14123);
#14122 = CARTESIAN_POINT('',(5.333333333333E-02,-17.72666666666,
    -3.106666666667));
#14123 = VECTOR('',#14124,1.);
#14124 = DIRECTION('',(-0.57735026919,-0.57735026919,-0.57735026919));
#14125 = ORIENTED_EDGE('',*,*,#14126,.F.);
#14126 = EDGE_CURVE('',#14110,#14119,#14127,.T.);
#14127 = LINE('',#14128,#14129);
#14128 = CARTESIAN_POINT('',(0.16,-18.1,-3.));
#14129 = VECTOR('',#14130,1.);
#14130 = DIRECTION('',(0.,1.,0.));
#14131 = PLANE('',#14132);
#14132 = AXIS2_PLACEMENT_3D('',#14133,#14134,#14135);
#14133 = CARTESIAN_POINT('',(0.24,-18.1,-2.92));
#14134 = DIRECTION('',(-0.707106781187,1.735167508357E-18,0.707106781187
    ));
#14135 = DIRECTION('',(1.226948711654E-18,1.,-1.226948711654E-18));
#14136 = ADVANCED_FACE('',(#14137),#14155,.F.);
#14137 = FACE_BOUND('',#14138,.T.);
#14138 = EDGE_LOOP('',(#14139,#14147,#14148,#14149));
#14139 = ORIENTED_EDGE('',*,*,#14140,.F.);
#14140 = EDGE_CURVE('',#12030,#14141,#14143,.T.);
#14141 = VERTEX_POINT('',#14142);
#14142 = CARTESIAN_POINT('',(-0.16,-17.62,-3.));
#14143 = LINE('',#14144,#14145);
#14144 = CARTESIAN_POINT('',(-0.16,-17.62,-3.));
#14145 = VECTOR('',#14146,1.);
#14146 = DIRECTION('',(0.57735026919,-0.57735026919,-0.57735026919));
#14147 = ORIENTED_EDGE('',*,*,#12029,.T.);
#14148 = ORIENTED_EDGE('',*,*,#14118,.T.);
#14149 = ORIENTED_EDGE('',*,*,#14150,.F.);
#14150 = EDGE_CURVE('',#14141,#14119,#14151,.T.);
#14151 = LINE('',#14152,#14153);
#14152 = CARTESIAN_POINT('',(-0.32,-17.62,-3.));
#14153 = VECTOR('',#14154,1.);
#14154 = DIRECTION('',(1.,0.,0.));
#14155 = PLANE('',#14156);
#14156 = AXIS2_PLACEMENT_3D('',#14157,#14158,#14159);
#14157 = CARTESIAN_POINT('',(-0.32,-17.54,-2.92));
#14158 = DIRECTION('',(-1.735167508357E-18,-0.707106781187,
    0.707106781187));
#14159 = DIRECTION('',(-1.,1.226948711654E-18,-1.226948711654E-18));
#14160 = ADVANCED_FACE('',(#14161),#14179,.T.);
#14161 = FACE_BOUND('',#14162,.T.);
#14162 = EDGE_LOOP('',(#14163,#14171,#14172,#14173));
#14163 = ORIENTED_EDGE('',*,*,#14164,.F.);
#14164 = EDGE_CURVE('',#12053,#14165,#14167,.T.);
#14165 = VERTEX_POINT('',#14166);
#14166 = CARTESIAN_POINT('',(-0.16,-17.94,-3.));
#14167 = LINE('',#14168,#14169);
#14168 = CARTESIAN_POINT('',(-0.266666666667,-18.04666666666,
    -2.893333333333));
#14169 = VECTOR('',#14170,1.);
#14170 = DIRECTION('',(0.57735026919,0.57735026919,-0.57735026919));
#14171 = ORIENTED_EDGE('',*,*,#12060,.T.);
#14172 = ORIENTED_EDGE('',*,*,#14140,.T.);
#14173 = ORIENTED_EDGE('',*,*,#14174,.F.);
#14174 = EDGE_CURVE('',#14165,#14141,#14175,.T.);
#14175 = LINE('',#14176,#14177);
#14176 = CARTESIAN_POINT('',(-0.16,-18.1,-3.));
#14177 = VECTOR('',#14178,1.);
#14178 = DIRECTION('',(0.,1.,0.));
#14179 = PLANE('',#14180);
#14180 = AXIS2_PLACEMENT_3D('',#14181,#14182,#14183);
#14181 = CARTESIAN_POINT('',(-0.24,-18.1,-2.92));
#14182 = DIRECTION('',(-0.707106781187,-1.735167508357E-18,
    -0.707106781187));
#14183 = DIRECTION('',(-1.226948711654E-18,1.,-1.226948711654E-18));
#14184 = ADVANCED_FACE('',(#14185),#14196,.T.);
#14185 = FACE_BOUND('',#14186,.F.);
#14186 = EDGE_LOOP('',(#14187,#14188,#14189,#14190));
#14187 = ORIENTED_EDGE('',*,*,#14164,.F.);
#14188 = ORIENTED_EDGE('',*,*,#12077,.T.);
#14189 = ORIENTED_EDGE('',*,*,#14109,.T.);
#14190 = ORIENTED_EDGE('',*,*,#14191,.F.);
#14191 = EDGE_CURVE('',#14165,#14110,#14192,.T.);
#14192 = LINE('',#14193,#14194);
#14193 = CARTESIAN_POINT('',(-0.32,-17.94,-3.));
#14194 = VECTOR('',#14195,1.);
#14195 = DIRECTION('',(1.,0.,0.));
#14196 = PLANE('',#14197);
#14197 = AXIS2_PLACEMENT_3D('',#14198,#14199,#14200);
#14198 = CARTESIAN_POINT('',(-0.32,-18.02,-2.92));
#14199 = DIRECTION('',(1.735167508357E-18,-0.707106781187,
    -0.707106781187));
#14200 = DIRECTION('',(-1.,-1.226948711654E-18,-1.226948711654E-18));
#14201 = ADVANCED_FACE('',(#14202),#14227,.F.);
#14202 = FACE_BOUND('',#14203,.F.);
#14203 = EDGE_LOOP('',(#14204,#14212,#14213,#14221));
#14204 = ORIENTED_EDGE('',*,*,#14205,.F.);
#14205 = EDGE_CURVE('',#12094,#14206,#14208,.T.);
#14206 = VERTEX_POINT('',#14207);
#14207 = CARTESIAN_POINT('',(0.16,-15.4,-3.));
#14208 = LINE('',#14209,#14210);
#14209 = CARTESIAN_POINT('',(0.16,-15.4,-3.));
#14210 = VECTOR('',#14211,1.);
#14211 = DIRECTION('',(-0.57735026919,0.57735026919,-0.57735026919));
#14212 = ORIENTED_EDGE('',*,*,#12101,.T.);
#14213 = ORIENTED_EDGE('',*,*,#14214,.T.);
#14214 = EDGE_CURVE('',#12102,#14215,#14217,.T.);
#14215 = VERTEX_POINT('',#14216);
#14216 = CARTESIAN_POINT('',(0.16,-15.08,-3.));
#14217 = LINE('',#14218,#14219);
#14218 = CARTESIAN_POINT('',(5.333333333333E-02,-15.18666666666,
    -3.106666666667));
#14219 = VECTOR('',#14220,1.);
#14220 = DIRECTION('',(-0.57735026919,-0.57735026919,-0.57735026919));
#14221 = ORIENTED_EDGE('',*,*,#14222,.F.);
#14222 = EDGE_CURVE('',#14206,#14215,#14223,.T.);
#14223 = LINE('',#14224,#14225);
#14224 = CARTESIAN_POINT('',(0.16,-15.56,-3.));
#14225 = VECTOR('',#14226,1.);
#14226 = DIRECTION('',(0.,1.,0.));
#14227 = PLANE('',#14228);
#14228 = AXIS2_PLACEMENT_3D('',#14229,#14230,#14231);
#14229 = CARTESIAN_POINT('',(0.24,-15.56,-2.92));
#14230 = DIRECTION('',(-0.707106781187,1.735167508357E-18,0.707106781187
    ));
#14231 = DIRECTION('',(1.226948711654E-18,1.,-1.226948711654E-18));
#14232 = ADVANCED_FACE('',(#14233),#14251,.F.);
#14233 = FACE_BOUND('',#14234,.T.);
#14234 = EDGE_LOOP('',(#14235,#14243,#14244,#14245));
#14235 = ORIENTED_EDGE('',*,*,#14236,.F.);
#14236 = EDGE_CURVE('',#12126,#14237,#14239,.T.);
#14237 = VERTEX_POINT('',#14238);
#14238 = CARTESIAN_POINT('',(-0.16,-15.08,-3.));
#14239 = LINE('',#14240,#14241);
#14240 = CARTESIAN_POINT('',(-0.16,-15.08,-3.));
#14241 = VECTOR('',#14242,1.);
#14242 = DIRECTION('',(0.57735026919,-0.57735026919,-0.57735026919));
#14243 = ORIENTED_EDGE('',*,*,#12125,.T.);
#14244 = ORIENTED_EDGE('',*,*,#14214,.T.);
#14245 = ORIENTED_EDGE('',*,*,#14246,.F.);
#14246 = EDGE_CURVE('',#14237,#14215,#14247,.T.);
#14247 = LINE('',#14248,#14249);
#14248 = CARTESIAN_POINT('',(-0.32,-15.08,-3.));
#14249 = VECTOR('',#14250,1.);
#14250 = DIRECTION('',(1.,0.,0.));
#14251 = PLANE('',#14252);
#14252 = AXIS2_PLACEMENT_3D('',#14253,#14254,#14255);
#14253 = CARTESIAN_POINT('',(-0.32,-15.,-2.92));
#14254 = DIRECTION('',(-1.735167508357E-18,-0.707106781187,
    0.707106781187));
#14255 = DIRECTION('',(-1.,1.226948711654E-18,-1.226948711654E-18));
#14256 = ADVANCED_FACE('',(#14257),#14275,.T.);
#14257 = FACE_BOUND('',#14258,.T.);
#14258 = EDGE_LOOP('',(#14259,#14267,#14268,#14269));
#14259 = ORIENTED_EDGE('',*,*,#14260,.F.);
#14260 = EDGE_CURVE('',#12149,#14261,#14263,.T.);
#14261 = VERTEX_POINT('',#14262);
#14262 = CARTESIAN_POINT('',(-0.16,-15.4,-3.));
#14263 = LINE('',#14264,#14265);
#14264 = CARTESIAN_POINT('',(-0.266666666667,-15.50666666666,
    -2.893333333333));
#14265 = VECTOR('',#14266,1.);
#14266 = DIRECTION('',(0.57735026919,0.57735026919,-0.57735026919));
#14267 = ORIENTED_EDGE('',*,*,#12156,.T.);
#14268 = ORIENTED_EDGE('',*,*,#14236,.T.);
#14269 = ORIENTED_EDGE('',*,*,#14270,.F.);
#14270 = EDGE_CURVE('',#14261,#14237,#14271,.T.);
#14271 = LINE('',#14272,#14273);
#14272 = CARTESIAN_POINT('',(-0.16,-15.56,-3.));
#14273 = VECTOR('',#14274,1.);
#14274 = DIRECTION('',(0.,1.,0.));
#14275 = PLANE('',#14276);
#14276 = AXIS2_PLACEMENT_3D('',#14277,#14278,#14279);
#14277 = CARTESIAN_POINT('',(-0.24,-15.56,-2.92));
#14278 = DIRECTION('',(-0.707106781187,-1.735167508357E-18,
    -0.707106781187));
#14279 = DIRECTION('',(-1.226948711654E-18,1.,-1.226948711654E-18));
#14280 = ADVANCED_FACE('',(#14281),#14292,.T.);
#14281 = FACE_BOUND('',#14282,.F.);
#14282 = EDGE_LOOP('',(#14283,#14284,#14285,#14286));
#14283 = ORIENTED_EDGE('',*,*,#14260,.F.);
#14284 = ORIENTED_EDGE('',*,*,#12173,.T.);
#14285 = ORIENTED_EDGE('',*,*,#14205,.T.);
#14286 = ORIENTED_EDGE('',*,*,#14287,.F.);
#14287 = EDGE_CURVE('',#14261,#14206,#14288,.T.);
#14288 = LINE('',#14289,#14290);
#14289 = CARTESIAN_POINT('',(-0.32,-15.4,-3.));
#14290 = VECTOR('',#14291,1.);
#14291 = DIRECTION('',(1.,0.,0.));
#14292 = PLANE('',#14293);
#14293 = AXIS2_PLACEMENT_3D('',#14294,#14295,#14296);
#14294 = CARTESIAN_POINT('',(-0.32,-15.48,-2.92));
#14295 = DIRECTION('',(1.735167508357E-18,-0.707106781187,
    -0.707106781187));
#14296 = DIRECTION('',(-1.,-1.226948711654E-18,-1.226948711654E-18));
#14297 = ADVANCED_FACE('',(#14298),#14323,.F.);
#14298 = FACE_BOUND('',#14299,.F.);
#14299 = EDGE_LOOP('',(#14300,#14308,#14309,#14317));
#14300 = ORIENTED_EDGE('',*,*,#14301,.F.);
#14301 = EDGE_CURVE('',#12190,#14302,#14304,.T.);
#14302 = VERTEX_POINT('',#14303);
#14303 = CARTESIAN_POINT('',(0.16,-12.86,-3.));
#14304 = LINE('',#14305,#14306);
#14305 = CARTESIAN_POINT('',(0.16,-12.86,-3.));
#14306 = VECTOR('',#14307,1.);
#14307 = DIRECTION('',(-0.57735026919,0.57735026919,-0.57735026919));
#14308 = ORIENTED_EDGE('',*,*,#12197,.T.);
#14309 = ORIENTED_EDGE('',*,*,#14310,.T.);
#14310 = EDGE_CURVE('',#12198,#14311,#14313,.T.);
#14311 = VERTEX_POINT('',#14312);
#14312 = CARTESIAN_POINT('',(0.16,-12.54,-3.));
#14313 = LINE('',#14314,#14315);
#14314 = CARTESIAN_POINT('',(5.333333333333E-02,-12.64666666666,
    -3.106666666667));
#14315 = VECTOR('',#14316,1.);
#14316 = DIRECTION('',(-0.57735026919,-0.57735026919,-0.57735026919));
#14317 = ORIENTED_EDGE('',*,*,#14318,.F.);
#14318 = EDGE_CURVE('',#14302,#14311,#14319,.T.);
#14319 = LINE('',#14320,#14321);
#14320 = CARTESIAN_POINT('',(0.16,-13.02,-3.));
#14321 = VECTOR('',#14322,1.);
#14322 = DIRECTION('',(0.,1.,0.));
#14323 = PLANE('',#14324);
#14324 = AXIS2_PLACEMENT_3D('',#14325,#14326,#14327);
#14325 = CARTESIAN_POINT('',(0.24,-13.02,-2.92));
#14326 = DIRECTION('',(-0.707106781187,1.735167508357E-18,0.707106781187
    ));
#14327 = DIRECTION('',(1.226948711654E-18,1.,-1.226948711654E-18));
#14328 = ADVANCED_FACE('',(#14329),#14347,.F.);
#14329 = FACE_BOUND('',#14330,.T.);
#14330 = EDGE_LOOP('',(#14331,#14339,#14340,#14341));
#14331 = ORIENTED_EDGE('',*,*,#14332,.F.);
#14332 = EDGE_CURVE('',#12222,#14333,#14335,.T.);
#14333 = VERTEX_POINT('',#14334);
#14334 = CARTESIAN_POINT('',(-0.16,-12.54,-3.));
#14335 = LINE('',#14336,#14337);
#14336 = CARTESIAN_POINT('',(-0.16,-12.54,-3.));
#14337 = VECTOR('',#14338,1.);
#14338 = DIRECTION('',(0.57735026919,-0.57735026919,-0.57735026919));
#14339 = ORIENTED_EDGE('',*,*,#12221,.T.);
#14340 = ORIENTED_EDGE('',*,*,#14310,.T.);
#14341 = ORIENTED_EDGE('',*,*,#14342,.F.);
#14342 = EDGE_CURVE('',#14333,#14311,#14343,.T.);
#14343 = LINE('',#14344,#14345);
#14344 = CARTESIAN_POINT('',(-0.32,-12.54,-3.));
#14345 = VECTOR('',#14346,1.);
#14346 = DIRECTION('',(1.,0.,0.));
#14347 = PLANE('',#14348);
#14348 = AXIS2_PLACEMENT_3D('',#14349,#14350,#14351);
#14349 = CARTESIAN_POINT('',(-0.32,-12.46,-2.92));
#14350 = DIRECTION('',(-1.735167508357E-18,-0.707106781187,
    0.707106781187));
#14351 = DIRECTION('',(-1.,1.226948711654E-18,-1.226948711654E-18));
#14352 = ADVANCED_FACE('',(#14353),#14371,.T.);
#14353 = FACE_BOUND('',#14354,.T.);
#14354 = EDGE_LOOP('',(#14355,#14363,#14364,#14365));
#14355 = ORIENTED_EDGE('',*,*,#14356,.F.);
#14356 = EDGE_CURVE('',#12245,#14357,#14359,.T.);
#14357 = VERTEX_POINT('',#14358);
#14358 = CARTESIAN_POINT('',(-0.16,-12.86,-3.));
#14359 = LINE('',#14360,#14361);
#14360 = CARTESIAN_POINT('',(-0.266666666667,-12.96666666666,
    -2.893333333333));
#14361 = VECTOR('',#14362,1.);
#14362 = DIRECTION('',(0.57735026919,0.57735026919,-0.57735026919));
#14363 = ORIENTED_EDGE('',*,*,#12252,.T.);
#14364 = ORIENTED_EDGE('',*,*,#14332,.T.);
#14365 = ORIENTED_EDGE('',*,*,#14366,.F.);
#14366 = EDGE_CURVE('',#14357,#14333,#14367,.T.);
#14367 = LINE('',#14368,#14369);
#14368 = CARTESIAN_POINT('',(-0.16,-13.02,-3.));
#14369 = VECTOR('',#14370,1.);
#14370 = DIRECTION('',(0.,1.,0.));
#14371 = PLANE('',#14372);
#14372 = AXIS2_PLACEMENT_3D('',#14373,#14374,#14375);
#14373 = CARTESIAN_POINT('',(-0.24,-13.02,-2.92));
#14374 = DIRECTION('',(-0.707106781187,-1.735167508357E-18,
    -0.707106781187));
#14375 = DIRECTION('',(-1.226948711654E-18,1.,-1.226948711654E-18));
#14376 = ADVANCED_FACE('',(#14377),#14388,.T.);
#14377 = FACE_BOUND('',#14378,.F.);
#14378 = EDGE_LOOP('',(#14379,#14380,#14381,#14382));
#14379 = ORIENTED_EDGE('',*,*,#14356,.F.);
#14380 = ORIENTED_EDGE('',*,*,#12269,.T.);
#14381 = ORIENTED_EDGE('',*,*,#14301,.T.);
#14382 = ORIENTED_EDGE('',*,*,#14383,.F.);
#14383 = EDGE_CURVE('',#14357,#14302,#14384,.T.);
#14384 = LINE('',#14385,#14386);
#14385 = CARTESIAN_POINT('',(-0.32,-12.86,-3.));
#14386 = VECTOR('',#14387,1.);
#14387 = DIRECTION('',(1.,0.,0.));
#14388 = PLANE('',#14389);
#14389 = AXIS2_PLACEMENT_3D('',#14390,#14391,#14392);
#14390 = CARTESIAN_POINT('',(-0.32,-12.94,-2.92));
#14391 = DIRECTION('',(1.735167508357E-18,-0.707106781187,
    -0.707106781187));
#14392 = DIRECTION('',(-1.,-1.226948711654E-18,-1.226948711654E-18));
#14393 = ADVANCED_FACE('',(#14394),#14419,.F.);
#14394 = FACE_BOUND('',#14395,.F.);
#14395 = EDGE_LOOP('',(#14396,#14404,#14405,#14413));
#14396 = ORIENTED_EDGE('',*,*,#14397,.F.);
#14397 = EDGE_CURVE('',#12286,#14398,#14400,.T.);
#14398 = VERTEX_POINT('',#14399);
#14399 = CARTESIAN_POINT('',(0.16,-2.7,-3.));
#14400 = LINE('',#14401,#14402);
#14401 = CARTESIAN_POINT('',(0.16,-2.7,-3.));
#14402 = VECTOR('',#14403,1.);
#14403 = DIRECTION('',(-0.57735026919,0.57735026919,-0.57735026919));
#14404 = ORIENTED_EDGE('',*,*,#12293,.T.);
#14405 = ORIENTED_EDGE('',*,*,#14406,.T.);
#14406 = EDGE_CURVE('',#12294,#14407,#14409,.T.);
#14407 = VERTEX_POINT('',#14408);
#14408 = CARTESIAN_POINT('',(0.16,-2.38,-3.));
#14409 = LINE('',#14410,#14411);
#14410 = CARTESIAN_POINT('',(5.333333333333E-02,-2.486666666667,
    -3.106666666667));
#14411 = VECTOR('',#14412,1.);
#14412 = DIRECTION('',(-0.57735026919,-0.57735026919,-0.57735026919));
#14413 = ORIENTED_EDGE('',*,*,#14414,.F.);
#14414 = EDGE_CURVE('',#14398,#14407,#14415,.T.);
#14415 = LINE('',#14416,#14417);
#14416 = CARTESIAN_POINT('',(0.16,-2.86,-3.));
#14417 = VECTOR('',#14418,1.);
#14418 = DIRECTION('',(0.,1.,0.));
#14419 = PLANE('',#14420);
#14420 = AXIS2_PLACEMENT_3D('',#14421,#14422,#14423);
#14421 = CARTESIAN_POINT('',(0.24,-2.86,-2.92));
#14422 = DIRECTION('',(-0.707106781187,1.735167508357E-18,0.707106781187
    ));
#14423 = DIRECTION('',(1.226948711654E-18,1.,-1.226948711654E-18));
#14424 = ADVANCED_FACE('',(#14425),#14443,.F.);
#14425 = FACE_BOUND('',#14426,.T.);
#14426 = EDGE_LOOP('',(#14427,#14435,#14436,#14437));
#14427 = ORIENTED_EDGE('',*,*,#14428,.F.);
#14428 = EDGE_CURVE('',#12318,#14429,#14431,.T.);
#14429 = VERTEX_POINT('',#14430);
#14430 = CARTESIAN_POINT('',(-0.16,-2.38,-3.));
#14431 = LINE('',#14432,#14433);
#14432 = CARTESIAN_POINT('',(-0.16,-2.38,-3.));
#14433 = VECTOR('',#14434,1.);
#14434 = DIRECTION('',(0.57735026919,-0.57735026919,-0.57735026919));
#14435 = ORIENTED_EDGE('',*,*,#12317,.T.);
#14436 = ORIENTED_EDGE('',*,*,#14406,.T.);
#14437 = ORIENTED_EDGE('',*,*,#14438,.F.);
#14438 = EDGE_CURVE('',#14429,#14407,#14439,.T.);
#14439 = LINE('',#14440,#14441);
#14440 = CARTESIAN_POINT('',(-0.32,-2.38,-3.));
#14441 = VECTOR('',#14442,1.);
#14442 = DIRECTION('',(1.,0.,0.));
#14443 = PLANE('',#14444);
#14444 = AXIS2_PLACEMENT_3D('',#14445,#14446,#14447);
#14445 = CARTESIAN_POINT('',(-0.32,-2.3,-2.92));
#14446 = DIRECTION('',(-1.735167508357E-18,-0.707106781187,
    0.707106781187));
#14447 = DIRECTION('',(-1.,1.226948711654E-18,-1.226948711654E-18));
#14448 = ADVANCED_FACE('',(#14449),#14467,.T.);
#14449 = FACE_BOUND('',#14450,.T.);
#14450 = EDGE_LOOP('',(#14451,#14459,#14460,#14461));
#14451 = ORIENTED_EDGE('',*,*,#14452,.F.);
#14452 = EDGE_CURVE('',#12341,#14453,#14455,.T.);
#14453 = VERTEX_POINT('',#14454);
#14454 = CARTESIAN_POINT('',(-0.16,-2.7,-3.));
#14455 = LINE('',#14456,#14457);
#14456 = CARTESIAN_POINT('',(-0.266666666667,-2.806666666667,
    -2.893333333333));
#14457 = VECTOR('',#14458,1.);
#14458 = DIRECTION('',(0.57735026919,0.57735026919,-0.57735026919));
#14459 = ORIENTED_EDGE('',*,*,#12348,.T.);
#14460 = ORIENTED_EDGE('',*,*,#14428,.T.);
#14461 = ORIENTED_EDGE('',*,*,#14462,.F.);
#14462 = EDGE_CURVE('',#14453,#14429,#14463,.T.);
#14463 = LINE('',#14464,#14465);
#14464 = CARTESIAN_POINT('',(-0.16,-2.86,-3.));
#14465 = VECTOR('',#14466,1.);
#14466 = DIRECTION('',(0.,1.,0.));
#14467 = PLANE('',#14468);
#14468 = AXIS2_PLACEMENT_3D('',#14469,#14470,#14471);
#14469 = CARTESIAN_POINT('',(-0.24,-2.86,-2.92));
#14470 = DIRECTION('',(-0.707106781187,-1.735167508357E-18,
    -0.707106781187));
#14471 = DIRECTION('',(-1.226948711654E-18,1.,-1.226948711654E-18));
#14472 = ADVANCED_FACE('',(#14473),#14484,.T.);
#14473 = FACE_BOUND('',#14474,.F.);
#14474 = EDGE_LOOP('',(#14475,#14476,#14477,#14478));
#14475 = ORIENTED_EDGE('',*,*,#14452,.F.);
#14476 = ORIENTED_EDGE('',*,*,#12365,.T.);
#14477 = ORIENTED_EDGE('',*,*,#14397,.T.);
#14478 = ORIENTED_EDGE('',*,*,#14479,.F.);
#14479 = EDGE_CURVE('',#14453,#14398,#14480,.T.);
#14480 = LINE('',#14481,#14482);
#14481 = CARTESIAN_POINT('',(-0.32,-2.7,-3.));
#14482 = VECTOR('',#14483,1.);
#14483 = DIRECTION('',(1.,0.,0.));
#14484 = PLANE('',#14485);
#14485 = AXIS2_PLACEMENT_3D('',#14486,#14487,#14488);
#14486 = CARTESIAN_POINT('',(-0.32,-2.78,-2.92));
#14487 = DIRECTION('',(1.735167508357E-18,-0.707106781187,
    -0.707106781187));
#14488 = DIRECTION('',(-1.,-1.226948711654E-18,-1.226948711654E-18));
#14489 = ADVANCED_FACE('',(#14490),#14515,.F.);
#14490 = FACE_BOUND('',#14491,.F.);
#14491 = EDGE_LOOP('',(#14492,#14500,#14501,#14509));
#14492 = ORIENTED_EDGE('',*,*,#14493,.F.);
#14493 = EDGE_CURVE('',#12382,#14494,#14496,.T.);
#14494 = VERTEX_POINT('',#14495);
#14495 = CARTESIAN_POINT('',(0.16,-5.24,-3.));
#14496 = LINE('',#14497,#14498);
#14497 = CARTESIAN_POINT('',(0.16,-5.24,-3.));
#14498 = VECTOR('',#14499,1.);
#14499 = DIRECTION('',(-0.57735026919,0.57735026919,-0.57735026919));
#14500 = ORIENTED_EDGE('',*,*,#12389,.T.);
#14501 = ORIENTED_EDGE('',*,*,#14502,.T.);
#14502 = EDGE_CURVE('',#12390,#14503,#14505,.T.);
#14503 = VERTEX_POINT('',#14504);
#14504 = CARTESIAN_POINT('',(0.16,-4.92,-3.));
#14505 = LINE('',#14506,#14507);
#14506 = CARTESIAN_POINT('',(5.333333333333E-02,-5.026666666667,
    -3.106666666667));
#14507 = VECTOR('',#14508,1.);
#14508 = DIRECTION('',(-0.57735026919,-0.57735026919,-0.57735026919));
#14509 = ORIENTED_EDGE('',*,*,#14510,.F.);
#14510 = EDGE_CURVE('',#14494,#14503,#14511,.T.);
#14511 = LINE('',#14512,#14513);
#14512 = CARTESIAN_POINT('',(0.16,-5.4,-3.));
#14513 = VECTOR('',#14514,1.);
#14514 = DIRECTION('',(0.,1.,0.));
#14515 = PLANE('',#14516);
#14516 = AXIS2_PLACEMENT_3D('',#14517,#14518,#14519);
#14517 = CARTESIAN_POINT('',(0.24,-5.4,-2.92));
#14518 = DIRECTION('',(-0.707106781187,1.735167508357E-18,0.707106781187
    ));
#14519 = DIRECTION('',(1.226948711654E-18,1.,-1.226948711654E-18));
#14520 = ADVANCED_FACE('',(#14521),#14539,.F.);
#14521 = FACE_BOUND('',#14522,.T.);
#14522 = EDGE_LOOP('',(#14523,#14531,#14532,#14533));
#14523 = ORIENTED_EDGE('',*,*,#14524,.F.);
#14524 = EDGE_CURVE('',#12414,#14525,#14527,.T.);
#14525 = VERTEX_POINT('',#14526);
#14526 = CARTESIAN_POINT('',(-0.16,-4.92,-3.));
#14527 = LINE('',#14528,#14529);
#14528 = CARTESIAN_POINT('',(-0.16,-4.92,-3.));
#14529 = VECTOR('',#14530,1.);
#14530 = DIRECTION('',(0.57735026919,-0.57735026919,-0.57735026919));
#14531 = ORIENTED_EDGE('',*,*,#12413,.T.);
#14532 = ORIENTED_EDGE('',*,*,#14502,.T.);
#14533 = ORIENTED_EDGE('',*,*,#14534,.F.);
#14534 = EDGE_CURVE('',#14525,#14503,#14535,.T.);
#14535 = LINE('',#14536,#14537);
#14536 = CARTESIAN_POINT('',(-0.32,-4.92,-3.));
#14537 = VECTOR('',#14538,1.);
#14538 = DIRECTION('',(1.,0.,0.));
#14539 = PLANE('',#14540);
#14540 = AXIS2_PLACEMENT_3D('',#14541,#14542,#14543);
#14541 = CARTESIAN_POINT('',(-0.32,-4.84,-2.92));
#14542 = DIRECTION('',(-1.735167508357E-18,-0.707106781187,
    0.707106781187));
#14543 = DIRECTION('',(-1.,1.226948711654E-18,-1.226948711654E-18));
#14544 = ADVANCED_FACE('',(#14545),#14563,.T.);
#14545 = FACE_BOUND('',#14546,.T.);
#14546 = EDGE_LOOP('',(#14547,#14555,#14556,#14557));
#14547 = ORIENTED_EDGE('',*,*,#14548,.F.);
#14548 = EDGE_CURVE('',#12437,#14549,#14551,.T.);
#14549 = VERTEX_POINT('',#14550);
#14550 = CARTESIAN_POINT('',(-0.16,-5.24,-3.));
#14551 = LINE('',#14552,#14553);
#14552 = CARTESIAN_POINT('',(-0.266666666667,-5.346666666667,
    -2.893333333333));
#14553 = VECTOR('',#14554,1.);
#14554 = DIRECTION('',(0.57735026919,0.57735026919,-0.57735026919));
#14555 = ORIENTED_EDGE('',*,*,#12444,.T.);
#14556 = ORIENTED_EDGE('',*,*,#14524,.T.);
#14557 = ORIENTED_EDGE('',*,*,#14558,.F.);
#14558 = EDGE_CURVE('',#14549,#14525,#14559,.T.);
#14559 = LINE('',#14560,#14561);
#14560 = CARTESIAN_POINT('',(-0.16,-5.4,-3.));
#14561 = VECTOR('',#14562,1.);
#14562 = DIRECTION('',(0.,1.,0.));
#14563 = PLANE('',#14564);
#14564 = AXIS2_PLACEMENT_3D('',#14565,#14566,#14567);
#14565 = CARTESIAN_POINT('',(-0.24,-5.4,-2.92));
#14566 = DIRECTION('',(-0.707106781187,-1.735167508357E-18,
    -0.707106781187));
#14567 = DIRECTION('',(-1.226948711654E-18,1.,-1.226948711654E-18));
#14568 = ADVANCED_FACE('',(#14569),#14580,.T.);
#14569 = FACE_BOUND('',#14570,.F.);
#14570 = EDGE_LOOP('',(#14571,#14572,#14573,#14574));
#14571 = ORIENTED_EDGE('',*,*,#14548,.F.);
#14572 = ORIENTED_EDGE('',*,*,#12461,.T.);
#14573 = ORIENTED_EDGE('',*,*,#14493,.T.);
#14574 = ORIENTED_EDGE('',*,*,#14575,.F.);
#14575 = EDGE_CURVE('',#14549,#14494,#14576,.T.);
#14576 = LINE('',#14577,#14578);
#14577 = CARTESIAN_POINT('',(-0.32,-5.24,-3.));
#14578 = VECTOR('',#14579,1.);
#14579 = DIRECTION('',(1.,0.,0.));
#14580 = PLANE('',#14581);
#14581 = AXIS2_PLACEMENT_3D('',#14582,#14583,#14584);
#14582 = CARTESIAN_POINT('',(-0.32,-5.32,-2.92));
#14583 = DIRECTION('',(1.735167508357E-18,-0.707106781187,
    -0.707106781187));
#14584 = DIRECTION('',(-1.,-1.226948711654E-18,-1.226948711654E-18));
#14585 = ADVANCED_FACE('',(#14586),#14611,.T.);
#14586 = FACE_BOUND('',#14587,.F.);
#14587 = EDGE_LOOP('',(#14588,#14596,#14597,#14605));
#14588 = ORIENTED_EDGE('',*,*,#14589,.F.);
#14589 = EDGE_CURVE('',#12486,#14590,#14592,.T.);
#14590 = VERTEX_POINT('',#14591);
#14591 = CARTESIAN_POINT('',(-0.16,-10.32,-3.));
#14592 = LINE('',#14593,#14594);
#14593 = CARTESIAN_POINT('',(-0.266666666667,-10.42666666666,
    -2.893333333333));
#14594 = VECTOR('',#14595,1.);
#14595 = DIRECTION('',(0.57735026919,0.57735026919,-0.57735026919));
#14596 = ORIENTED_EDGE('',*,*,#12485,.T.);
#14597 = ORIENTED_EDGE('',*,*,#14598,.T.);
#14598 = EDGE_CURVE('',#12478,#14599,#14601,.T.);
#14599 = VERTEX_POINT('',#14600);
#14600 = CARTESIAN_POINT('',(0.16,-10.32,-3.));
#14601 = LINE('',#14602,#14603);
#14602 = CARTESIAN_POINT('',(0.16,-10.32,-3.));
#14603 = VECTOR('',#14604,1.);
#14604 = DIRECTION('',(-0.57735026919,0.57735026919,-0.57735026919));
#14605 = ORIENTED_EDGE('',*,*,#14606,.F.);
#14606 = EDGE_CURVE('',#14590,#14599,#14607,.T.);
#14607 = LINE('',#14608,#14609);
#14608 = CARTESIAN_POINT('',(-0.32,-10.32,-3.));
#14609 = VECTOR('',#14610,1.);
#14610 = DIRECTION('',(1.,0.,0.));
#14611 = PLANE('',#14612);
#14612 = AXIS2_PLACEMENT_3D('',#14613,#14614,#14615);
#14613 = CARTESIAN_POINT('',(-0.32,-10.4,-2.92));
#14614 = DIRECTION('',(1.735167508357E-18,-0.707106781187,
    -0.707106781187));
#14615 = DIRECTION('',(-1.,-1.226948711654E-18,-1.226948711654E-18));
#14616 = ADVANCED_FACE('',(#14617),#14635,.F.);
#14617 = FACE_BOUND('',#14618,.F.);
#14618 = EDGE_LOOP('',(#14619,#14620,#14621,#14629));
#14619 = ORIENTED_EDGE('',*,*,#14598,.F.);
#14620 = ORIENTED_EDGE('',*,*,#12509,.T.);
#14621 = ORIENTED_EDGE('',*,*,#14622,.T.);
#14622 = EDGE_CURVE('',#12510,#14623,#14625,.T.);
#14623 = VERTEX_POINT('',#14624);
#14624 = CARTESIAN_POINT('',(0.16,-10.,-3.));
#14625 = LINE('',#14626,#14627);
#14626 = CARTESIAN_POINT('',(5.333333333333E-02,-10.10666666666,
    -3.106666666667));
#14627 = VECTOR('',#14628,1.);
#14628 = DIRECTION('',(-0.57735026919,-0.57735026919,-0.57735026919));
#14629 = ORIENTED_EDGE('',*,*,#14630,.F.);
#14630 = EDGE_CURVE('',#14599,#14623,#14631,.T.);
#14631 = LINE('',#14632,#14633);
#14632 = CARTESIAN_POINT('',(0.16,-10.48,-3.));
#14633 = VECTOR('',#14634,1.);
#14634 = DIRECTION('',(0.,1.,0.));
#14635 = PLANE('',#14636);
#14636 = AXIS2_PLACEMENT_3D('',#14637,#14638,#14639);
#14637 = CARTESIAN_POINT('',(0.24,-10.48,-2.92));
#14638 = DIRECTION('',(-0.707106781187,1.735167508357E-18,0.707106781187
    ));
#14639 = DIRECTION('',(1.226948711654E-18,1.,-1.226948711654E-18));
#14640 = ADVANCED_FACE('',(#14641),#14659,.F.);
#14641 = FACE_BOUND('',#14642,.T.);
#14642 = EDGE_LOOP('',(#14643,#14651,#14652,#14653));
#14643 = ORIENTED_EDGE('',*,*,#14644,.F.);
#14644 = EDGE_CURVE('',#12534,#14645,#14647,.T.);
#14645 = VERTEX_POINT('',#14646);
#14646 = CARTESIAN_POINT('',(-0.16,-10.,-3.));
#14647 = LINE('',#14648,#14649);
#14648 = CARTESIAN_POINT('',(-0.16,-10.,-3.));
#14649 = VECTOR('',#14650,1.);
#14650 = DIRECTION('',(0.57735026919,-0.57735026919,-0.57735026919));
#14651 = ORIENTED_EDGE('',*,*,#12533,.T.);
#14652 = ORIENTED_EDGE('',*,*,#14622,.T.);
#14653 = ORIENTED_EDGE('',*,*,#14654,.F.);
#14654 = EDGE_CURVE('',#14645,#14623,#14655,.T.);
#14655 = LINE('',#14656,#14657);
#14656 = CARTESIAN_POINT('',(-0.32,-10.,-3.));
#14657 = VECTOR('',#14658,1.);
#14658 = DIRECTION('',(1.,0.,0.));
#14659 = PLANE('',#14660);
#14660 = AXIS2_PLACEMENT_3D('',#14661,#14662,#14663);
#14661 = CARTESIAN_POINT('',(-0.32,-9.92,-2.92));
#14662 = DIRECTION('',(-1.735167508357E-18,-0.707106781187,
    0.707106781187));
#14663 = DIRECTION('',(-1.,1.226948711654E-18,-1.226948711654E-18));
#14664 = ADVANCED_FACE('',(#14665),#14676,.T.);
#14665 = FACE_BOUND('',#14666,.T.);
#14666 = EDGE_LOOP('',(#14667,#14668,#14669,#14670));
#14667 = ORIENTED_EDGE('',*,*,#14589,.F.);
#14668 = ORIENTED_EDGE('',*,*,#12557,.T.);
#14669 = ORIENTED_EDGE('',*,*,#14644,.T.);
#14670 = ORIENTED_EDGE('',*,*,#14671,.F.);
#14671 = EDGE_CURVE('',#14590,#14645,#14672,.T.);
#14672 = LINE('',#14673,#14674);
#14673 = CARTESIAN_POINT('',(-0.16,-10.48,-3.));
#14674 = VECTOR('',#14675,1.);
#14675 = DIRECTION('',(0.,1.,0.));
#14676 = PLANE('',#14677);
#14677 = AXIS2_PLACEMENT_3D('',#14678,#14679,#14680);
#14678 = CARTESIAN_POINT('',(-0.24,-10.48,-2.92));
#14679 = DIRECTION('',(-0.707106781187,-1.735167508357E-18,
    -0.707106781187));
#14680 = DIRECTION('',(-1.226948711654E-18,1.,-1.226948711654E-18));
#14681 = ADVANCED_FACE('',(#14682),#14707,.T.);
#14682 = FACE_BOUND('',#14683,.F.);
#14683 = EDGE_LOOP('',(#14684,#14692,#14693,#14701));
#14684 = ORIENTED_EDGE('',*,*,#14685,.F.);
#14685 = EDGE_CURVE('',#12582,#14686,#14688,.T.);
#14686 = VERTEX_POINT('',#14687);
#14687 = CARTESIAN_POINT('',(-0.16,-7.78,-3.));
#14688 = LINE('',#14689,#14690);
#14689 = CARTESIAN_POINT('',(-0.266666666667,-7.886666666667,
    -2.893333333333));
#14690 = VECTOR('',#14691,1.);
#14691 = DIRECTION('',(0.57735026919,0.57735026919,-0.57735026919));
#14692 = ORIENTED_EDGE('',*,*,#12581,.T.);
#14693 = ORIENTED_EDGE('',*,*,#14694,.T.);
#14694 = EDGE_CURVE('',#12574,#14695,#14697,.T.);
#14695 = VERTEX_POINT('',#14696);
#14696 = CARTESIAN_POINT('',(0.16,-7.78,-3.));
#14697 = LINE('',#14698,#14699);
#14698 = CARTESIAN_POINT('',(0.16,-7.78,-3.));
#14699 = VECTOR('',#14700,1.);
#14700 = DIRECTION('',(-0.57735026919,0.57735026919,-0.57735026919));
#14701 = ORIENTED_EDGE('',*,*,#14702,.F.);
#14702 = EDGE_CURVE('',#14686,#14695,#14703,.T.);
#14703 = LINE('',#14704,#14705);
#14704 = CARTESIAN_POINT('',(-0.32,-7.78,-3.));
#14705 = VECTOR('',#14706,1.);
#14706 = DIRECTION('',(1.,0.,0.));
#14707 = PLANE('',#14708);
#14708 = AXIS2_PLACEMENT_3D('',#14709,#14710,#14711);
#14709 = CARTESIAN_POINT('',(-0.32,-7.86,-2.92));
#14710 = DIRECTION('',(1.735167508357E-18,-0.707106781187,
    -0.707106781187));
#14711 = DIRECTION('',(-1.,-1.226948711654E-18,-1.226948711654E-18));
#14712 = ADVANCED_FACE('',(#14713),#14731,.F.);
#14713 = FACE_BOUND('',#14714,.F.);
#14714 = EDGE_LOOP('',(#14715,#14716,#14717,#14725));
#14715 = ORIENTED_EDGE('',*,*,#14694,.F.);
#14716 = ORIENTED_EDGE('',*,*,#12605,.T.);
#14717 = ORIENTED_EDGE('',*,*,#14718,.T.);
#14718 = EDGE_CURVE('',#12606,#14719,#14721,.T.);
#14719 = VERTEX_POINT('',#14720);
#14720 = CARTESIAN_POINT('',(0.16,-7.46,-3.));
#14721 = LINE('',#14722,#14723);
#14722 = CARTESIAN_POINT('',(5.333333333333E-02,-7.566666666667,
    -3.106666666667));
#14723 = VECTOR('',#14724,1.);
#14724 = DIRECTION('',(-0.57735026919,-0.57735026919,-0.57735026919));
#14725 = ORIENTED_EDGE('',*,*,#14726,.F.);
#14726 = EDGE_CURVE('',#14695,#14719,#14727,.T.);
#14727 = LINE('',#14728,#14729);
#14728 = CARTESIAN_POINT('',(0.16,-7.94,-3.));
#14729 = VECTOR('',#14730,1.);
#14730 = DIRECTION('',(0.,1.,0.));
#14731 = PLANE('',#14732);
#14732 = AXIS2_PLACEMENT_3D('',#14733,#14734,#14735);
#14733 = CARTESIAN_POINT('',(0.24,-7.94,-2.92));
#14734 = DIRECTION('',(-0.707106781187,1.735167508357E-18,0.707106781187
    ));
#14735 = DIRECTION('',(1.226948711654E-18,1.,-1.226948711654E-18));
#14736 = ADVANCED_FACE('',(#14737),#14755,.F.);
#14737 = FACE_BOUND('',#14738,.T.);
#14738 = EDGE_LOOP('',(#14739,#14747,#14748,#14749));
#14739 = ORIENTED_EDGE('',*,*,#14740,.F.);
#14740 = EDGE_CURVE('',#12630,#14741,#14743,.T.);
#14741 = VERTEX_POINT('',#14742);
#14742 = CARTESIAN_POINT('',(-0.16,-7.46,-3.));
#14743 = LINE('',#14744,#14745);
#14744 = CARTESIAN_POINT('',(-0.16,-7.46,-3.));
#14745 = VECTOR('',#14746,1.);
#14746 = DIRECTION('',(0.57735026919,-0.57735026919,-0.57735026919));
#14747 = ORIENTED_EDGE('',*,*,#12629,.T.);
#14748 = ORIENTED_EDGE('',*,*,#14718,.T.);
#14749 = ORIENTED_EDGE('',*,*,#14750,.F.);
#14750 = EDGE_CURVE('',#14741,#14719,#14751,.T.);
#14751 = LINE('',#14752,#14753);
#14752 = CARTESIAN_POINT('',(-0.32,-7.46,-3.));
#14753 = VECTOR('',#14754,1.);
#14754 = DIRECTION('',(1.,0.,0.));
#14755 = PLANE('',#14756);
#14756 = AXIS2_PLACEMENT_3D('',#14757,#14758,#14759);
#14757 = CARTESIAN_POINT('',(-0.32,-7.38,-2.92));
#14758 = DIRECTION('',(-1.735167508357E-18,-0.707106781187,
    0.707106781187));
#14759 = DIRECTION('',(-1.,1.226948711654E-18,-1.226948711654E-18));
#14760 = ADVANCED_FACE('',(#14761),#14772,.T.);
#14761 = FACE_BOUND('',#14762,.T.);
#14762 = EDGE_LOOP('',(#14763,#14764,#14765,#14766));
#14763 = ORIENTED_EDGE('',*,*,#14685,.F.);
#14764 = ORIENTED_EDGE('',*,*,#12653,.T.);
#14765 = ORIENTED_EDGE('',*,*,#14740,.T.);
#14766 = ORIENTED_EDGE('',*,*,#14767,.F.);
#14767 = EDGE_CURVE('',#14686,#14741,#14768,.T.);
#14768 = LINE('',#14769,#14770);
#14769 = CARTESIAN_POINT('',(-0.16,-7.94,-3.));
#14770 = VECTOR('',#14771,1.);
#14771 = DIRECTION('',(0.,1.,0.));
#14772 = PLANE('',#14773);
#14773 = AXIS2_PLACEMENT_3D('',#14774,#14775,#14776);
#14774 = CARTESIAN_POINT('',(-0.24,-7.94,-2.92));
#14775 = DIRECTION('',(-0.707106781187,-1.735167508357E-18,
    -0.707106781187));
#14776 = DIRECTION('',(-1.226948711654E-18,1.,-1.226948711654E-18));
#14777 = ADVANCED_FACE('',(#14778),#14803,.T.);
#14778 = FACE_BOUND('',#14779,.F.);
#14779 = EDGE_LOOP('',(#14780,#14788,#14789,#14797));
#14780 = ORIENTED_EDGE('',*,*,#14781,.F.);
#14781 = EDGE_CURVE('',#12678,#14782,#14784,.T.);
#14782 = VERTEX_POINT('',#14783);
#14783 = CARTESIAN_POINT('',(-0.16,-20.48,-3.));
#14784 = LINE('',#14785,#14786);
#14785 = CARTESIAN_POINT('',(-0.266666666667,-20.58666666666,
    -2.893333333333));
#14786 = VECTOR('',#14787,1.);
#14787 = DIRECTION('',(0.57735026919,0.57735026919,-0.57735026919));
#14788 = ORIENTED_EDGE('',*,*,#12677,.T.);
#14789 = ORIENTED_EDGE('',*,*,#14790,.T.);
#14790 = EDGE_CURVE('',#12670,#14791,#14793,.T.);
#14791 = VERTEX_POINT('',#14792);
#14792 = CARTESIAN_POINT('',(0.16,-20.48,-3.));
#14793 = LINE('',#14794,#14795);
#14794 = CARTESIAN_POINT('',(0.16,-20.48,-3.));
#14795 = VECTOR('',#14796,1.);
#14796 = DIRECTION('',(-0.57735026919,0.57735026919,-0.57735026919));
#14797 = ORIENTED_EDGE('',*,*,#14798,.F.);
#14798 = EDGE_CURVE('',#14782,#14791,#14799,.T.);
#14799 = LINE('',#14800,#14801);
#14800 = CARTESIAN_POINT('',(-0.32,-20.48,-3.));
#14801 = VECTOR('',#14802,1.);
#14802 = DIRECTION('',(1.,0.,0.));
#14803 = PLANE('',#14804);
#14804 = AXIS2_PLACEMENT_3D('',#14805,#14806,#14807);
#14805 = CARTESIAN_POINT('',(-0.32,-20.56,-2.92));
#14806 = DIRECTION('',(1.735167508357E-18,-0.707106781187,
    -0.707106781187));
#14807 = DIRECTION('',(-1.,-1.226948711654E-18,-1.226948711654E-18));
#14808 = ADVANCED_FACE('',(#14809),#14827,.F.);
#14809 = FACE_BOUND('',#14810,.F.);
#14810 = EDGE_LOOP('',(#14811,#14812,#14813,#14821));
#14811 = ORIENTED_EDGE('',*,*,#14790,.F.);
#14812 = ORIENTED_EDGE('',*,*,#12701,.T.);
#14813 = ORIENTED_EDGE('',*,*,#14814,.T.);
#14814 = EDGE_CURVE('',#12702,#14815,#14817,.T.);
#14815 = VERTEX_POINT('',#14816);
#14816 = CARTESIAN_POINT('',(0.16,-20.16,-3.));
#14817 = LINE('',#14818,#14819);
#14818 = CARTESIAN_POINT('',(5.333333333333E-02,-20.26666666666,
    -3.106666666667));
#14819 = VECTOR('',#14820,1.);
#14820 = DIRECTION('',(-0.57735026919,-0.57735026919,-0.57735026919));
#14821 = ORIENTED_EDGE('',*,*,#14822,.F.);
#14822 = EDGE_CURVE('',#14791,#14815,#14823,.T.);
#14823 = LINE('',#14824,#14825);
#14824 = CARTESIAN_POINT('',(0.16,-20.64,-3.));
#14825 = VECTOR('',#14826,1.);
#14826 = DIRECTION('',(0.,1.,0.));
#14827 = PLANE('',#14828);
#14828 = AXIS2_PLACEMENT_3D('',#14829,#14830,#14831);
#14829 = CARTESIAN_POINT('',(0.24,-20.64,-2.92));
#14830 = DIRECTION('',(-0.707106781187,1.735167508357E-18,0.707106781187
    ));
#14831 = DIRECTION('',(1.226948711654E-18,1.,-1.226948711654E-18));
#14832 = ADVANCED_FACE('',(#14833),#14851,.F.);
#14833 = FACE_BOUND('',#14834,.T.);
#14834 = EDGE_LOOP('',(#14835,#14843,#14844,#14845));
#14835 = ORIENTED_EDGE('',*,*,#14836,.F.);
#14836 = EDGE_CURVE('',#12726,#14837,#14839,.T.);
#14837 = VERTEX_POINT('',#14838);
#14838 = CARTESIAN_POINT('',(-0.16,-20.16,-3.));
#14839 = LINE('',#14840,#14841);
#14840 = CARTESIAN_POINT('',(-0.16,-20.16,-3.));
#14841 = VECTOR('',#14842,1.);
#14842 = DIRECTION('',(0.57735026919,-0.57735026919,-0.57735026919));
#14843 = ORIENTED_EDGE('',*,*,#12725,.T.);
#14844 = ORIENTED_EDGE('',*,*,#14814,.T.);
#14845 = ORIENTED_EDGE('',*,*,#14846,.F.);
#14846 = EDGE_CURVE('',#14837,#14815,#14847,.T.);
#14847 = LINE('',#14848,#14849);
#14848 = CARTESIAN_POINT('',(-0.32,-20.16,-3.));
#14849 = VECTOR('',#14850,1.);
#14850 = DIRECTION('',(1.,0.,0.));
#14851 = PLANE('',#14852);
#14852 = AXIS2_PLACEMENT_3D('',#14853,#14854,#14855);
#14853 = CARTESIAN_POINT('',(-0.32,-20.08,-2.92));
#14854 = DIRECTION('',(-1.735167508357E-18,-0.707106781187,
    0.707106781187));
#14855 = DIRECTION('',(-1.,1.226948711654E-18,-1.226948711654E-18));
#14856 = ADVANCED_FACE('',(#14857),#14868,.T.);
#14857 = FACE_BOUND('',#14858,.T.);
#14858 = EDGE_LOOP('',(#14859,#14860,#14861,#14862));
#14859 = ORIENTED_EDGE('',*,*,#14781,.F.);
#14860 = ORIENTED_EDGE('',*,*,#12749,.T.);
#14861 = ORIENTED_EDGE('',*,*,#14836,.T.);
#14862 = ORIENTED_EDGE('',*,*,#14863,.F.);
#14863 = EDGE_CURVE('',#14782,#14837,#14864,.T.);
#14864 = LINE('',#14865,#14866);
#14865 = CARTESIAN_POINT('',(-0.16,-20.64,-3.));
#14866 = VECTOR('',#14867,1.);
#14867 = DIRECTION('',(0.,1.,0.));
#14868 = PLANE('',#14869);
#14869 = AXIS2_PLACEMENT_3D('',#14870,#14871,#14872);
#14870 = CARTESIAN_POINT('',(-0.24,-20.64,-2.92));
#14871 = DIRECTION('',(-0.707106781187,-1.735167508357E-18,
    -0.707106781187));
#14872 = DIRECTION('',(-1.226948711654E-18,1.,-1.226948711654E-18));
#14873 = ADVANCED_FACE('',(#14874),#14899,.T.);
#14874 = FACE_BOUND('',#14875,.F.);
#14875 = EDGE_LOOP('',(#14876,#14884,#14885,#14893));
#14876 = ORIENTED_EDGE('',*,*,#14877,.F.);
#14877 = EDGE_CURVE('',#12774,#14878,#14880,.T.);
#14878 = VERTEX_POINT('',#14879);
#14879 = CARTESIAN_POINT('',(-0.16,-23.02,-3.));
#14880 = LINE('',#14881,#14882);
#14881 = CARTESIAN_POINT('',(-0.266666666667,-23.12666666666,
    -2.893333333333));
#14882 = VECTOR('',#14883,1.);
#14883 = DIRECTION('',(0.57735026919,0.57735026919,-0.57735026919));
#14884 = ORIENTED_EDGE('',*,*,#12773,.T.);
#14885 = ORIENTED_EDGE('',*,*,#14886,.T.);
#14886 = EDGE_CURVE('',#12766,#14887,#14889,.T.);
#14887 = VERTEX_POINT('',#14888);
#14888 = CARTESIAN_POINT('',(0.16,-23.02,-3.));
#14889 = LINE('',#14890,#14891);
#14890 = CARTESIAN_POINT('',(0.16,-23.02,-3.));
#14891 = VECTOR('',#14892,1.);
#14892 = DIRECTION('',(-0.57735026919,0.57735026919,-0.57735026919));
#14893 = ORIENTED_EDGE('',*,*,#14894,.F.);
#14894 = EDGE_CURVE('',#14878,#14887,#14895,.T.);
#14895 = LINE('',#14896,#14897);
#14896 = CARTESIAN_POINT('',(-0.32,-23.02,-3.));
#14897 = VECTOR('',#14898,1.);
#14898 = DIRECTION('',(1.,0.,0.));
#14899 = PLANE('',#14900);
#14900 = AXIS2_PLACEMENT_3D('',#14901,#14902,#14903);
#14901 = CARTESIAN_POINT('',(-0.32,-23.1,-2.92));
#14902 = DIRECTION('',(1.735167508357E-18,-0.707106781187,
    -0.707106781187));
#14903 = DIRECTION('',(-1.,-1.226948711654E-18,-1.226948711654E-18));
#14904 = ADVANCED_FACE('',(#14905),#14923,.F.);
#14905 = FACE_BOUND('',#14906,.F.);
#14906 = EDGE_LOOP('',(#14907,#14908,#14909,#14917));
#14907 = ORIENTED_EDGE('',*,*,#14886,.F.);
#14908 = ORIENTED_EDGE('',*,*,#12797,.T.);
#14909 = ORIENTED_EDGE('',*,*,#14910,.T.);
#14910 = EDGE_CURVE('',#12798,#14911,#14913,.T.);
#14911 = VERTEX_POINT('',#14912);
#14912 = CARTESIAN_POINT('',(0.16,-22.7,-3.));
#14913 = LINE('',#14914,#14915);
#14914 = CARTESIAN_POINT('',(5.333333333333E-02,-22.80666666666,
    -3.106666666667));
#14915 = VECTOR('',#14916,1.);
#14916 = DIRECTION('',(-0.57735026919,-0.57735026919,-0.57735026919));
#14917 = ORIENTED_EDGE('',*,*,#14918,.F.);
#14918 = EDGE_CURVE('',#14887,#14911,#14919,.T.);
#14919 = LINE('',#14920,#14921);
#14920 = CARTESIAN_POINT('',(0.16,-23.18,-3.));
#14921 = VECTOR('',#14922,1.);
#14922 = DIRECTION('',(0.,1.,0.));
#14923 = PLANE('',#14924);
#14924 = AXIS2_PLACEMENT_3D('',#14925,#14926,#14927);
#14925 = CARTESIAN_POINT('',(0.24,-23.18,-2.92));
#14926 = DIRECTION('',(-0.707106781187,1.735167508357E-18,0.707106781187
    ));
#14927 = DIRECTION('',(1.226948711654E-18,1.,-1.226948711654E-18));
#14928 = ADVANCED_FACE('',(#14929),#14947,.F.);
#14929 = FACE_BOUND('',#14930,.T.);
#14930 = EDGE_LOOP('',(#14931,#14939,#14940,#14941));
#14931 = ORIENTED_EDGE('',*,*,#14932,.F.);
#14932 = EDGE_CURVE('',#12822,#14933,#14935,.T.);
#14933 = VERTEX_POINT('',#14934);
#14934 = CARTESIAN_POINT('',(-0.16,-22.7,-3.));
#14935 = LINE('',#14936,#14937);
#14936 = CARTESIAN_POINT('',(-0.16,-22.7,-3.));
#14937 = VECTOR('',#14938,1.);
#14938 = DIRECTION('',(0.57735026919,-0.57735026919,-0.57735026919));
#14939 = ORIENTED_EDGE('',*,*,#12821,.T.);
#14940 = ORIENTED_EDGE('',*,*,#14910,.T.);
#14941 = ORIENTED_EDGE('',*,*,#14942,.F.);
#14942 = EDGE_CURVE('',#14933,#14911,#14943,.T.);
#14943 = LINE('',#14944,#14945);
#14944 = CARTESIAN_POINT('',(-0.32,-22.7,-3.));
#14945 = VECTOR('',#14946,1.);
#14946 = DIRECTION('',(1.,0.,0.));
#14947 = PLANE('',#14948);
#14948 = AXIS2_PLACEMENT_3D('',#14949,#14950,#14951);
#14949 = CARTESIAN_POINT('',(-0.32,-22.62,-2.92));
#14950 = DIRECTION('',(-1.735167508357E-18,-0.707106781187,
    0.707106781187));
#14951 = DIRECTION('',(-1.,1.226948711654E-18,-1.226948711654E-18));
#14952 = ADVANCED_FACE('',(#14953),#14964,.T.);
#14953 = FACE_BOUND('',#14954,.T.);
#14954 = EDGE_LOOP('',(#14955,#14956,#14957,#14958));
#14955 = ORIENTED_EDGE('',*,*,#14877,.F.);
#14956 = ORIENTED_EDGE('',*,*,#12845,.T.);
#14957 = ORIENTED_EDGE('',*,*,#14932,.T.);
#14958 = ORIENTED_EDGE('',*,*,#14959,.F.);
#14959 = EDGE_CURVE('',#14878,#14933,#14960,.T.);
#14960 = LINE('',#14961,#14962);
#14961 = CARTESIAN_POINT('',(-0.16,-23.18,-3.));
#14962 = VECTOR('',#14963,1.);
#14963 = DIRECTION('',(0.,1.,0.));
#14964 = PLANE('',#14965);
#14965 = AXIS2_PLACEMENT_3D('',#14966,#14967,#14968);
#14966 = CARTESIAN_POINT('',(-0.24,-23.18,-2.92));
#14967 = DIRECTION('',(-0.707106781187,-1.735167508357E-18,
    -0.707106781187));
#14968 = DIRECTION('',(-1.226948711654E-18,1.,-1.226948711654E-18));
#14969 = ADVANCED_FACE('',(#14970),#14995,.T.);
#14970 = FACE_BOUND('',#14971,.F.);
#14971 = EDGE_LOOP('',(#14972,#14980,#14981,#14989));
#14972 = ORIENTED_EDGE('',*,*,#14973,.F.);
#14973 = EDGE_CURVE('',#12870,#14974,#14976,.T.);
#14974 = VERTEX_POINT('',#14975);
#14975 = CARTESIAN_POINT('',(-0.16,-0.16,-3.));
#14976 = LINE('',#14977,#14978);
#14977 = CARTESIAN_POINT('',(-0.266666666667,-0.266666666667,
    -2.893333333333));
#14978 = VECTOR('',#14979,1.);
#14979 = DIRECTION('',(0.57735026919,0.57735026919,-0.57735026919));
#14980 = ORIENTED_EDGE('',*,*,#12869,.T.);
#14981 = ORIENTED_EDGE('',*,*,#14982,.T.);
#14982 = EDGE_CURVE('',#12862,#14983,#14985,.T.);
#14983 = VERTEX_POINT('',#14984);
#14984 = CARTESIAN_POINT('',(0.16,-0.16,-3.));
#14985 = LINE('',#14986,#14987);
#14986 = CARTESIAN_POINT('',(0.16,-0.16,-3.));
#14987 = VECTOR('',#14988,1.);
#14988 = DIRECTION('',(-0.57735026919,0.57735026919,-0.57735026919));
#14989 = ORIENTED_EDGE('',*,*,#14990,.F.);
#14990 = EDGE_CURVE('',#14974,#14983,#14991,.T.);
#14991 = LINE('',#14992,#14993);
#14992 = CARTESIAN_POINT('',(-0.32,-0.16,-3.));
#14993 = VECTOR('',#14994,1.);
#14994 = DIRECTION('',(1.,0.,0.));
#14995 = PLANE('',#14996);
#14996 = AXIS2_PLACEMENT_3D('',#14997,#14998,#14999);
#14997 = CARTESIAN_POINT('',(-0.32,-0.24,-2.92));
#14998 = DIRECTION('',(1.735167508357E-18,-0.707106781187,
    -0.707106781187));
#14999 = DIRECTION('',(-1.,-1.226948711654E-18,-1.226948711654E-18));
#15000 = ADVANCED_FACE('',(#15001),#15019,.F.);
#15001 = FACE_BOUND('',#15002,.F.);
#15002 = EDGE_LOOP('',(#15003,#15004,#15005,#15013));
#15003 = ORIENTED_EDGE('',*,*,#14982,.F.);
#15004 = ORIENTED_EDGE('',*,*,#12893,.T.);
#15005 = ORIENTED_EDGE('',*,*,#15006,.T.);
#15006 = EDGE_CURVE('',#12894,#15007,#15009,.T.);
#15007 = VERTEX_POINT('',#15008);
#15008 = CARTESIAN_POINT('',(0.16,0.16,-3.));
#15009 = LINE('',#15010,#15011);
#15010 = CARTESIAN_POINT('',(5.333333333333E-02,5.333333333333E-02,
    -3.106666666667));
#15011 = VECTOR('',#15012,1.);
#15012 = DIRECTION('',(-0.57735026919,-0.57735026919,-0.57735026919));
#15013 = ORIENTED_EDGE('',*,*,#15014,.F.);
#15014 = EDGE_CURVE('',#14983,#15007,#15015,.T.);
#15015 = LINE('',#15016,#15017);
#15016 = CARTESIAN_POINT('',(0.16,-0.32,-3.));
#15017 = VECTOR('',#15018,1.);
#15018 = DIRECTION('',(0.,1.,0.));
#15019 = PLANE('',#15020);
#15020 = AXIS2_PLACEMENT_3D('',#15021,#15022,#15023);
#15021 = CARTESIAN_POINT('',(0.24,-0.32,-2.92));
#15022 = DIRECTION('',(-0.707106781187,1.735167508357E-18,0.707106781187
    ));
#15023 = DIRECTION('',(1.226948711654E-18,1.,-1.226948711654E-18));
#15024 = ADVANCED_FACE('',(#15025),#15043,.F.);
#15025 = FACE_BOUND('',#15026,.T.);
#15026 = EDGE_LOOP('',(#15027,#15035,#15036,#15037));
#15027 = ORIENTED_EDGE('',*,*,#15028,.F.);
#15028 = EDGE_CURVE('',#12918,#15029,#15031,.T.);
#15029 = VERTEX_POINT('',#15030);
#15030 = CARTESIAN_POINT('',(-0.16,0.16,-3.));
#15031 = LINE('',#15032,#15033);
#15032 = CARTESIAN_POINT('',(-0.16,0.16,-3.));
#15033 = VECTOR('',#15034,1.);
#15034 = DIRECTION('',(0.57735026919,-0.57735026919,-0.57735026919));
#15035 = ORIENTED_EDGE('',*,*,#12917,.T.);
#15036 = ORIENTED_EDGE('',*,*,#15006,.T.);
#15037 = ORIENTED_EDGE('',*,*,#15038,.F.);
#15038 = EDGE_CURVE('',#15029,#15007,#15039,.T.);
#15039 = LINE('',#15040,#15041);
#15040 = CARTESIAN_POINT('',(-0.32,0.16,-3.));
#15041 = VECTOR('',#15042,1.);
#15042 = DIRECTION('',(1.,0.,0.));
#15043 = PLANE('',#15044);
#15044 = AXIS2_PLACEMENT_3D('',#15045,#15046,#15047);
#15045 = CARTESIAN_POINT('',(-0.32,0.24,-2.92));
#15046 = DIRECTION('',(-1.735167508357E-18,-0.707106781187,
    0.707106781187));
#15047 = DIRECTION('',(-1.,1.226948711654E-18,-1.226948711654E-18));
#15048 = ADVANCED_FACE('',(#15049),#15060,.T.);
#15049 = FACE_BOUND('',#15050,.T.);
#15050 = EDGE_LOOP('',(#15051,#15052,#15053,#15054));
#15051 = ORIENTED_EDGE('',*,*,#14973,.F.);
#15052 = ORIENTED_EDGE('',*,*,#12941,.T.);
#15053 = ORIENTED_EDGE('',*,*,#15028,.T.);
#15054 = ORIENTED_EDGE('',*,*,#15055,.F.);
#15055 = EDGE_CURVE('',#14974,#15029,#15056,.T.);
#15056 = LINE('',#15057,#15058);
#15057 = CARTESIAN_POINT('',(-0.16,-0.32,-3.));
#15058 = VECTOR('',#15059,1.);
#15059 = DIRECTION('',(0.,1.,0.));
#15060 = PLANE('',#15061);
#15061 = AXIS2_PLACEMENT_3D('',#15062,#15063,#15064);
#15062 = CARTESIAN_POINT('',(-0.24,-0.32,-2.92));
#15063 = DIRECTION('',(-0.707106781187,-1.735167508357E-18,
    -0.707106781187));
#15064 = DIRECTION('',(-1.226948711654E-18,1.,-1.226948711654E-18));
#15065 = ADVANCED_FACE('',(#15066),#15091,.F.);
#15066 = FACE_BOUND('',#15067,.F.);
#15067 = EDGE_LOOP('',(#15068,#15076,#15077,#15085));
#15068 = ORIENTED_EDGE('',*,*,#15069,.F.);
#15069 = EDGE_CURVE('',#12958,#15070,#15072,.T.);
#15070 = VERTEX_POINT('',#15071);
#15071 = CARTESIAN_POINT('',(0.16,-25.56,-3.));
#15072 = LINE('',#15073,#15074);
#15073 = CARTESIAN_POINT('',(0.16,-25.56,-3.));
#15074 = VECTOR('',#15075,1.);
#15075 = DIRECTION('',(-0.57735026919,0.57735026919,-0.57735026919));
#15076 = ORIENTED_EDGE('',*,*,#12965,.T.);
#15077 = ORIENTED_EDGE('',*,*,#15078,.T.);
#15078 = EDGE_CURVE('',#12966,#15079,#15081,.T.);
#15079 = VERTEX_POINT('',#15080);
#15080 = CARTESIAN_POINT('',(0.16,-25.24,-3.));
#15081 = LINE('',#15082,#15083);
#15082 = CARTESIAN_POINT('',(5.333333333333E-02,-25.34666666666,
    -3.106666666667));
#15083 = VECTOR('',#15084,1.);
#15084 = DIRECTION('',(-0.57735026919,-0.57735026919,-0.57735026919));
#15085 = ORIENTED_EDGE('',*,*,#15086,.F.);
#15086 = EDGE_CURVE('',#15070,#15079,#15087,.T.);
#15087 = LINE('',#15088,#15089);
#15088 = CARTESIAN_POINT('',(0.16,-25.72,-3.));
#15089 = VECTOR('',#15090,1.);
#15090 = DIRECTION('',(0.,1.,0.));
#15091 = PLANE('',#15092);
#15092 = AXIS2_PLACEMENT_3D('',#15093,#15094,#15095);
#15093 = CARTESIAN_POINT('',(0.24,-25.72,-2.92));
#15094 = DIRECTION('',(-0.707106781187,1.735167508357E-18,0.707106781187
    ));
#15095 = DIRECTION('',(1.226948711654E-18,1.,-1.226948711654E-18));
#15096 = ADVANCED_FACE('',(#15097),#15115,.F.);
#15097 = FACE_BOUND('',#15098,.T.);
#15098 = EDGE_LOOP('',(#15099,#15107,#15108,#15109));
#15099 = ORIENTED_EDGE('',*,*,#15100,.F.);
#15100 = EDGE_CURVE('',#12990,#15101,#15103,.T.);
#15101 = VERTEX_POINT('',#15102);
#15102 = CARTESIAN_POINT('',(-0.16,-25.24,-3.));
#15103 = LINE('',#15104,#15105);
#15104 = CARTESIAN_POINT('',(-0.16,-25.24,-3.));
#15105 = VECTOR('',#15106,1.);
#15106 = DIRECTION('',(0.57735026919,-0.57735026919,-0.57735026919));
#15107 = ORIENTED_EDGE('',*,*,#12989,.T.);
#15108 = ORIENTED_EDGE('',*,*,#15078,.T.);
#15109 = ORIENTED_EDGE('',*,*,#15110,.F.);
#15110 = EDGE_CURVE('',#15101,#15079,#15111,.T.);
#15111 = LINE('',#15112,#15113);
#15112 = CARTESIAN_POINT('',(-0.32,-25.24,-3.));
#15113 = VECTOR('',#15114,1.);
#15114 = DIRECTION('',(1.,0.,0.));
#15115 = PLANE('',#15116);
#15116 = AXIS2_PLACEMENT_3D('',#15117,#15118,#15119);
#15117 = CARTESIAN_POINT('',(-0.32,-25.16,-2.92));
#15118 = DIRECTION('',(-1.735167508357E-18,-0.707106781187,
    0.707106781187));
#15119 = DIRECTION('',(-1.,1.226948711654E-18,-1.226948711654E-18));
#15120 = ADVANCED_FACE('',(#15121),#15139,.T.);
#15121 = FACE_BOUND('',#15122,.T.);
#15122 = EDGE_LOOP('',(#15123,#15131,#15132,#15133));
#15123 = ORIENTED_EDGE('',*,*,#15124,.F.);
#15124 = EDGE_CURVE('',#13013,#15125,#15127,.T.);
#15125 = VERTEX_POINT('',#15126);
#15126 = CARTESIAN_POINT('',(-0.16,-25.56,-3.));
#15127 = LINE('',#15128,#15129);
#15128 = CARTESIAN_POINT('',(-0.266666666667,-25.66666666666,
    -2.893333333333));
#15129 = VECTOR('',#15130,1.);
#15130 = DIRECTION('',(0.57735026919,0.57735026919,-0.57735026919));
#15131 = ORIENTED_EDGE('',*,*,#13020,.T.);
#15132 = ORIENTED_EDGE('',*,*,#15100,.T.);
#15133 = ORIENTED_EDGE('',*,*,#15134,.F.);
#15134 = EDGE_CURVE('',#15125,#15101,#15135,.T.);
#15135 = LINE('',#15136,#15137);
#15136 = CARTESIAN_POINT('',(-0.16,-25.72,-3.));
#15137 = VECTOR('',#15138,1.);
#15138 = DIRECTION('',(0.,1.,0.));
#15139 = PLANE('',#15140);
#15140 = AXIS2_PLACEMENT_3D('',#15141,#15142,#15143);
#15141 = CARTESIAN_POINT('',(-0.24,-25.72,-2.92));
#15142 = DIRECTION('',(-0.707106781187,-1.735167508357E-18,
    -0.707106781187));
#15143 = DIRECTION('',(-1.226948711654E-18,1.,-1.226948711654E-18));
#15144 = ADVANCED_FACE('',(#15145),#15156,.T.);
#15145 = FACE_BOUND('',#15146,.F.);
#15146 = EDGE_LOOP('',(#15147,#15148,#15149,#15150));
#15147 = ORIENTED_EDGE('',*,*,#15124,.F.);
#15148 = ORIENTED_EDGE('',*,*,#13037,.T.);
#15149 = ORIENTED_EDGE('',*,*,#15069,.T.);
#15150 = ORIENTED_EDGE('',*,*,#15151,.F.);
#15151 = EDGE_CURVE('',#15125,#15070,#15152,.T.);
#15152 = LINE('',#15153,#15154);
#15153 = CARTESIAN_POINT('',(-0.32,-25.56,-3.));
#15154 = VECTOR('',#15155,1.);
#15155 = DIRECTION('',(1.,0.,0.));
#15156 = PLANE('',#15157);
#15157 = AXIS2_PLACEMENT_3D('',#15158,#15159,#15160);
#15158 = CARTESIAN_POINT('',(-0.32,-25.64,-2.92));
#15159 = DIRECTION('',(1.735167508357E-18,-0.707106781187,
    -0.707106781187));
#15160 = DIRECTION('',(-1.,-1.226948711654E-18,-1.226948711654E-18));
#15161 = ADVANCED_FACE('',(#15162),#15187,.T.);
#15162 = FACE_BOUND('',#15163,.T.);
#15163 = EDGE_LOOP('',(#15164,#15172,#15173,#15181));
#15164 = ORIENTED_EDGE('',*,*,#15165,.F.);
#15165 = EDGE_CURVE('',#13054,#15166,#15168,.T.);
#15166 = VERTEX_POINT('',#15167);
#15167 = CARTESIAN_POINT('',(0.16,-17.94,8.54));
#15168 = LINE('',#15169,#15170);
#15169 = CARTESIAN_POINT('',(0.16,-17.94,8.54));
#15170 = VECTOR('',#15171,1.);
#15171 = DIRECTION('',(-0.57735026919,0.57735026919,0.57735026919));
#15172 = ORIENTED_EDGE('',*,*,#13070,.T.);
#15173 = ORIENTED_EDGE('',*,*,#15174,.T.);
#15174 = EDGE_CURVE('',#13063,#15175,#15177,.T.);
#15175 = VERTEX_POINT('',#15176);
#15176 = CARTESIAN_POINT('',(0.16,-17.62,8.54));
#15177 = LINE('',#15178,#15179);
#15178 = CARTESIAN_POINT('',(5.333333333333E-02,-17.72666666666,
    8.646666666667));
#15179 = VECTOR('',#15180,1.);
#15180 = DIRECTION('',(-0.57735026919,-0.57735026919,0.57735026919));
#15181 = ORIENTED_EDGE('',*,*,#15182,.F.);
#15182 = EDGE_CURVE('',#15166,#15175,#15183,.T.);
#15183 = LINE('',#15184,#15185);
#15184 = CARTESIAN_POINT('',(0.16,-18.1,8.54));
#15185 = VECTOR('',#15186,1.);
#15186 = DIRECTION('',(0.,1.,0.));
#15187 = PLANE('',#15188);
#15188 = AXIS2_PLACEMENT_3D('',#15189,#15190,#15191);
#15189 = CARTESIAN_POINT('',(0.24,-18.1,8.46));
#15190 = DIRECTION('',(0.707106781187,-1.735167508357E-18,0.707106781187
    ));
#15191 = DIRECTION('',(1.226948711654E-18,1.,1.226948711654E-18));
#15192 = ADVANCED_FACE('',(#15193),#15211,.T.);
#15193 = FACE_BOUND('',#15194,.F.);
#15194 = EDGE_LOOP('',(#15195,#15203,#15204,#15205));
#15195 = ORIENTED_EDGE('',*,*,#15196,.F.);
#15196 = EDGE_CURVE('',#13087,#15197,#15199,.T.);
#15197 = VERTEX_POINT('',#15198);
#15198 = CARTESIAN_POINT('',(-0.16,-17.62,8.54));
#15199 = LINE('',#15200,#15201);
#15200 = CARTESIAN_POINT('',(-0.16,-17.62,8.54));
#15201 = VECTOR('',#15202,1.);
#15202 = DIRECTION('',(0.57735026919,-0.57735026919,0.57735026919));
#15203 = ORIENTED_EDGE('',*,*,#13094,.T.);
#15204 = ORIENTED_EDGE('',*,*,#15174,.T.);
#15205 = ORIENTED_EDGE('',*,*,#15206,.F.);
#15206 = EDGE_CURVE('',#15197,#15175,#15207,.T.);
#15207 = LINE('',#15208,#15209);
#15208 = CARTESIAN_POINT('',(-0.32,-17.62,8.54));
#15209 = VECTOR('',#15210,1.);
#15210 = DIRECTION('',(1.,0.,0.));
#15211 = PLANE('',#15212);
#15212 = AXIS2_PLACEMENT_3D('',#15213,#15214,#15215);
#15213 = CARTESIAN_POINT('',(-0.32,-17.54,8.46));
#15214 = DIRECTION('',(1.735167508357E-18,0.707106781187,0.707106781187)
  );
#15215 = DIRECTION('',(-1.,1.226948711654E-18,1.226948711654E-18));
#15216 = ADVANCED_FACE('',(#15217),#15235,.F.);
#15217 = FACE_BOUND('',#15218,.F.);
#15218 = EDGE_LOOP('',(#15219,#15227,#15228,#15229));
#15219 = ORIENTED_EDGE('',*,*,#15220,.F.);
#15220 = EDGE_CURVE('',#13109,#15221,#15223,.T.);
#15221 = VERTEX_POINT('',#15222);
#15222 = CARTESIAN_POINT('',(-0.16,-17.94,8.54));
#15223 = LINE('',#15224,#15225);
#15224 = CARTESIAN_POINT('',(-0.266666666667,-18.04666666666,
    8.433333333333));
#15225 = VECTOR('',#15226,1.);
#15226 = DIRECTION('',(0.57735026919,0.57735026919,0.57735026919));
#15227 = ORIENTED_EDGE('',*,*,#13118,.T.);
#15228 = ORIENTED_EDGE('',*,*,#15196,.T.);
#15229 = ORIENTED_EDGE('',*,*,#15230,.F.);
#15230 = EDGE_CURVE('',#15221,#15197,#15231,.T.);
#15231 = LINE('',#15232,#15233);
#15232 = CARTESIAN_POINT('',(-0.16,-18.1,8.54));
#15233 = VECTOR('',#15234,1.);
#15234 = DIRECTION('',(0.,1.,0.));
#15235 = PLANE('',#15236);
#15236 = AXIS2_PLACEMENT_3D('',#15237,#15238,#15239);
#15237 = CARTESIAN_POINT('',(-0.24,-18.1,8.46));
#15238 = DIRECTION('',(0.707106781187,1.735167508357E-18,-0.707106781187
    ));
#15239 = DIRECTION('',(-1.226948711654E-18,1.,1.226948711654E-18));
#15240 = ADVANCED_FACE('',(#15241),#15252,.F.);
#15241 = FACE_BOUND('',#15242,.T.);
#15242 = EDGE_LOOP('',(#15243,#15244,#15245,#15246));
#15243 = ORIENTED_EDGE('',*,*,#15220,.F.);
#15244 = ORIENTED_EDGE('',*,*,#13135,.T.);
#15245 = ORIENTED_EDGE('',*,*,#15165,.T.);
#15246 = ORIENTED_EDGE('',*,*,#15247,.F.);
#15247 = EDGE_CURVE('',#15221,#15166,#15248,.T.);
#15248 = LINE('',#15249,#15250);
#15249 = CARTESIAN_POINT('',(-0.32,-17.94,8.54));
#15250 = VECTOR('',#15251,1.);
#15251 = DIRECTION('',(1.,0.,0.));
#15252 = PLANE('',#15253);
#15253 = AXIS2_PLACEMENT_3D('',#15254,#15255,#15256);
#15254 = CARTESIAN_POINT('',(-0.32,-18.02,8.46));
#15255 = DIRECTION('',(-1.735167508357E-18,0.707106781187,
    -0.707106781187));
#15256 = DIRECTION('',(-1.,-1.226948711654E-18,1.226948711654E-18));
#15257 = ADVANCED_FACE('',(#15258),#15283,.T.);
#15258 = FACE_BOUND('',#15259,.T.);
#15259 = EDGE_LOOP('',(#15260,#15268,#15269,#15277));
#15260 = ORIENTED_EDGE('',*,*,#15261,.F.);
#15261 = EDGE_CURVE('',#13150,#15262,#15264,.T.);
#15262 = VERTEX_POINT('',#15263);
#15263 = CARTESIAN_POINT('',(0.16,-15.4,8.54));
#15264 = LINE('',#15265,#15266);
#15265 = CARTESIAN_POINT('',(0.16,-15.4,8.54));
#15266 = VECTOR('',#15267,1.);
#15267 = DIRECTION('',(-0.57735026919,0.57735026919,0.57735026919));
#15268 = ORIENTED_EDGE('',*,*,#13166,.T.);
#15269 = ORIENTED_EDGE('',*,*,#15270,.T.);
#15270 = EDGE_CURVE('',#13159,#15271,#15273,.T.);
#15271 = VERTEX_POINT('',#15272);
#15272 = CARTESIAN_POINT('',(0.16,-15.08,8.54));
#15273 = LINE('',#15274,#15275);
#15274 = CARTESIAN_POINT('',(5.333333333333E-02,-15.18666666666,
    8.646666666667));
#15275 = VECTOR('',#15276,1.);
#15276 = DIRECTION('',(-0.57735026919,-0.57735026919,0.57735026919));
#15277 = ORIENTED_EDGE('',*,*,#15278,.F.);
#15278 = EDGE_CURVE('',#15262,#15271,#15279,.T.);
#15279 = LINE('',#15280,#15281);
#15280 = CARTESIAN_POINT('',(0.16,-15.56,8.54));
#15281 = VECTOR('',#15282,1.);
#15282 = DIRECTION('',(0.,1.,0.));
#15283 = PLANE('',#15284);
#15284 = AXIS2_PLACEMENT_3D('',#15285,#15286,#15287);
#15285 = CARTESIAN_POINT('',(0.24,-15.56,8.46));
#15286 = DIRECTION('',(0.707106781187,-1.735167508357E-18,0.707106781187
    ));
#15287 = DIRECTION('',(1.226948711654E-18,1.,1.226948711654E-18));
#15288 = ADVANCED_FACE('',(#15289),#15307,.T.);
#15289 = FACE_BOUND('',#15290,.F.);
#15290 = EDGE_LOOP('',(#15291,#15299,#15300,#15301));
#15291 = ORIENTED_EDGE('',*,*,#15292,.F.);
#15292 = EDGE_CURVE('',#13183,#15293,#15295,.T.);
#15293 = VERTEX_POINT('',#15294);
#15294 = CARTESIAN_POINT('',(-0.16,-15.08,8.54));
#15295 = LINE('',#15296,#15297);
#15296 = CARTESIAN_POINT('',(-0.16,-15.08,8.54));
#15297 = VECTOR('',#15298,1.);
#15298 = DIRECTION('',(0.57735026919,-0.57735026919,0.57735026919));
#15299 = ORIENTED_EDGE('',*,*,#13190,.T.);
#15300 = ORIENTED_EDGE('',*,*,#15270,.T.);
#15301 = ORIENTED_EDGE('',*,*,#15302,.F.);
#15302 = EDGE_CURVE('',#15293,#15271,#15303,.T.);
#15303 = LINE('',#15304,#15305);
#15304 = CARTESIAN_POINT('',(-0.32,-15.08,8.54));
#15305 = VECTOR('',#15306,1.);
#15306 = DIRECTION('',(1.,0.,0.));
#15307 = PLANE('',#15308);
#15308 = AXIS2_PLACEMENT_3D('',#15309,#15310,#15311);
#15309 = CARTESIAN_POINT('',(-0.32,-15.,8.46));
#15310 = DIRECTION('',(1.735167508357E-18,0.707106781187,0.707106781187)
  );
#15311 = DIRECTION('',(-1.,1.226948711654E-18,1.226948711654E-18));
#15312 = ADVANCED_FACE('',(#15313),#15331,.F.);
#15313 = FACE_BOUND('',#15314,.F.);
#15314 = EDGE_LOOP('',(#15315,#15323,#15324,#15325));
#15315 = ORIENTED_EDGE('',*,*,#15316,.F.);
#15316 = EDGE_CURVE('',#13205,#15317,#15319,.T.);
#15317 = VERTEX_POINT('',#15318);
#15318 = CARTESIAN_POINT('',(-0.16,-15.4,8.54));
#15319 = LINE('',#15320,#15321);
#15320 = CARTESIAN_POINT('',(-0.266666666667,-15.50666666666,
    8.433333333333));
#15321 = VECTOR('',#15322,1.);
#15322 = DIRECTION('',(0.57735026919,0.57735026919,0.57735026919));
#15323 = ORIENTED_EDGE('',*,*,#13214,.T.);
#15324 = ORIENTED_EDGE('',*,*,#15292,.T.);
#15325 = ORIENTED_EDGE('',*,*,#15326,.F.);
#15326 = EDGE_CURVE('',#15317,#15293,#15327,.T.);
#15327 = LINE('',#15328,#15329);
#15328 = CARTESIAN_POINT('',(-0.16,-15.56,8.54));
#15329 = VECTOR('',#15330,1.);
#15330 = DIRECTION('',(0.,1.,0.));
#15331 = PLANE('',#15332);
#15332 = AXIS2_PLACEMENT_3D('',#15333,#15334,#15335);
#15333 = CARTESIAN_POINT('',(-0.24,-15.56,8.46));
#15334 = DIRECTION('',(0.707106781187,1.735167508357E-18,-0.707106781187
    ));
#15335 = DIRECTION('',(-1.226948711654E-18,1.,1.226948711654E-18));
#15336 = ADVANCED_FACE('',(#15337),#15348,.F.);
#15337 = FACE_BOUND('',#15338,.T.);
#15338 = EDGE_LOOP('',(#15339,#15340,#15341,#15342));
#15339 = ORIENTED_EDGE('',*,*,#15316,.F.);
#15340 = ORIENTED_EDGE('',*,*,#13231,.T.);
#15341 = ORIENTED_EDGE('',*,*,#15261,.T.);
#15342 = ORIENTED_EDGE('',*,*,#15343,.F.);
#15343 = EDGE_CURVE('',#15317,#15262,#15344,.T.);
#15344 = LINE('',#15345,#15346);
#15345 = CARTESIAN_POINT('',(-0.32,-15.4,8.54));
#15346 = VECTOR('',#15347,1.);
#15347 = DIRECTION('',(1.,0.,0.));
#15348 = PLANE('',#15349);
#15349 = AXIS2_PLACEMENT_3D('',#15350,#15351,#15352);
#15350 = CARTESIAN_POINT('',(-0.32,-15.48,8.46));
#15351 = DIRECTION('',(-1.735167508357E-18,0.707106781187,
    -0.707106781187));
#15352 = DIRECTION('',(-1.,-1.226948711654E-18,1.226948711654E-18));
#15353 = ADVANCED_FACE('',(#15354),#15379,.T.);
#15354 = FACE_BOUND('',#15355,.T.);
#15355 = EDGE_LOOP('',(#15356,#15364,#15365,#15373));
#15356 = ORIENTED_EDGE('',*,*,#15357,.F.);
#15357 = EDGE_CURVE('',#13246,#15358,#15360,.T.);
#15358 = VERTEX_POINT('',#15359);
#15359 = CARTESIAN_POINT('',(0.16,-12.86,8.54));
#15360 = LINE('',#15361,#15362);
#15361 = CARTESIAN_POINT('',(0.16,-12.86,8.54));
#15362 = VECTOR('',#15363,1.);
#15363 = DIRECTION('',(-0.57735026919,0.57735026919,0.57735026919));
#15364 = ORIENTED_EDGE('',*,*,#13262,.T.);
#15365 = ORIENTED_EDGE('',*,*,#15366,.T.);
#15366 = EDGE_CURVE('',#13255,#15367,#15369,.T.);
#15367 = VERTEX_POINT('',#15368);
#15368 = CARTESIAN_POINT('',(0.16,-12.54,8.54));
#15369 = LINE('',#15370,#15371);
#15370 = CARTESIAN_POINT('',(5.333333333333E-02,-12.64666666666,
    8.646666666667));
#15371 = VECTOR('',#15372,1.);
#15372 = DIRECTION('',(-0.57735026919,-0.57735026919,0.57735026919));
#15373 = ORIENTED_EDGE('',*,*,#15374,.F.);
#15374 = EDGE_CURVE('',#15358,#15367,#15375,.T.);
#15375 = LINE('',#15376,#15377);
#15376 = CARTESIAN_POINT('',(0.16,-13.02,8.54));
#15377 = VECTOR('',#15378,1.);
#15378 = DIRECTION('',(0.,1.,0.));
#15379 = PLANE('',#15380);
#15380 = AXIS2_PLACEMENT_3D('',#15381,#15382,#15383);
#15381 = CARTESIAN_POINT('',(0.24,-13.02,8.46));
#15382 = DIRECTION('',(0.707106781187,-1.735167508357E-18,0.707106781187
    ));
#15383 = DIRECTION('',(1.226948711654E-18,1.,1.226948711654E-18));
#15384 = ADVANCED_FACE('',(#15385),#15403,.T.);
#15385 = FACE_BOUND('',#15386,.F.);
#15386 = EDGE_LOOP('',(#15387,#15395,#15396,#15397));
#15387 = ORIENTED_EDGE('',*,*,#15388,.F.);
#15388 = EDGE_CURVE('',#13279,#15389,#15391,.T.);
#15389 = VERTEX_POINT('',#15390);
#15390 = CARTESIAN_POINT('',(-0.16,-12.54,8.54));
#15391 = LINE('',#15392,#15393);
#15392 = CARTESIAN_POINT('',(-0.16,-12.54,8.54));
#15393 = VECTOR('',#15394,1.);
#15394 = DIRECTION('',(0.57735026919,-0.57735026919,0.57735026919));
#15395 = ORIENTED_EDGE('',*,*,#13286,.T.);
#15396 = ORIENTED_EDGE('',*,*,#15366,.T.);
#15397 = ORIENTED_EDGE('',*,*,#15398,.F.);
#15398 = EDGE_CURVE('',#15389,#15367,#15399,.T.);
#15399 = LINE('',#15400,#15401);
#15400 = CARTESIAN_POINT('',(-0.32,-12.54,8.54));
#15401 = VECTOR('',#15402,1.);
#15402 = DIRECTION('',(1.,0.,0.));
#15403 = PLANE('',#15404);
#15404 = AXIS2_PLACEMENT_3D('',#15405,#15406,#15407);
#15405 = CARTESIAN_POINT('',(-0.32,-12.46,8.46));
#15406 = DIRECTION('',(1.735167508357E-18,0.707106781187,0.707106781187)
  );
#15407 = DIRECTION('',(-1.,1.226948711654E-18,1.226948711654E-18));
#15408 = ADVANCED_FACE('',(#15409),#15427,.F.);
#15409 = FACE_BOUND('',#15410,.F.);
#15410 = EDGE_LOOP('',(#15411,#15419,#15420,#15421));
#15411 = ORIENTED_EDGE('',*,*,#15412,.F.);
#15412 = EDGE_CURVE('',#13301,#15413,#15415,.T.);
#15413 = VERTEX_POINT('',#15414);
#15414 = CARTESIAN_POINT('',(-0.16,-12.86,8.54));
#15415 = LINE('',#15416,#15417);
#15416 = CARTESIAN_POINT('',(-0.266666666667,-12.96666666666,
    8.433333333333));
#15417 = VECTOR('',#15418,1.);
#15418 = DIRECTION('',(0.57735026919,0.57735026919,0.57735026919));
#15419 = ORIENTED_EDGE('',*,*,#13310,.T.);
#15420 = ORIENTED_EDGE('',*,*,#15388,.T.);
#15421 = ORIENTED_EDGE('',*,*,#15422,.F.);
#15422 = EDGE_CURVE('',#15413,#15389,#15423,.T.);
#15423 = LINE('',#15424,#15425);
#15424 = CARTESIAN_POINT('',(-0.16,-13.02,8.54));
#15425 = VECTOR('',#15426,1.);
#15426 = DIRECTION('',(0.,1.,0.));
#15427 = PLANE('',#15428);
#15428 = AXIS2_PLACEMENT_3D('',#15429,#15430,#15431);
#15429 = CARTESIAN_POINT('',(-0.24,-13.02,8.46));
#15430 = DIRECTION('',(0.707106781187,1.735167508357E-18,-0.707106781187
    ));
#15431 = DIRECTION('',(-1.226948711654E-18,1.,1.226948711654E-18));
#15432 = ADVANCED_FACE('',(#15433),#15444,.F.);
#15433 = FACE_BOUND('',#15434,.T.);
#15434 = EDGE_LOOP('',(#15435,#15436,#15437,#15438));
#15435 = ORIENTED_EDGE('',*,*,#15412,.F.);
#15436 = ORIENTED_EDGE('',*,*,#13327,.T.);
#15437 = ORIENTED_EDGE('',*,*,#15357,.T.);
#15438 = ORIENTED_EDGE('',*,*,#15439,.F.);
#15439 = EDGE_CURVE('',#15413,#15358,#15440,.T.);
#15440 = LINE('',#15441,#15442);
#15441 = CARTESIAN_POINT('',(-0.32,-12.86,8.54));
#15442 = VECTOR('',#15443,1.);
#15443 = DIRECTION('',(1.,0.,0.));
#15444 = PLANE('',#15445);
#15445 = AXIS2_PLACEMENT_3D('',#15446,#15447,#15448);
#15446 = CARTESIAN_POINT('',(-0.32,-12.94,8.46));
#15447 = DIRECTION('',(-1.735167508357E-18,0.707106781187,
    -0.707106781187));
#15448 = DIRECTION('',(-1.,-1.226948711654E-18,1.226948711654E-18));
#15449 = ADVANCED_FACE('',(#15450),#15475,.T.);
#15450 = FACE_BOUND('',#15451,.T.);
#15451 = EDGE_LOOP('',(#15452,#15460,#15461,#15469));
#15452 = ORIENTED_EDGE('',*,*,#15453,.F.);
#15453 = EDGE_CURVE('',#13342,#15454,#15456,.T.);
#15454 = VERTEX_POINT('',#15455);
#15455 = CARTESIAN_POINT('',(0.16,-2.7,8.54));
#15456 = LINE('',#15457,#15458);
#15457 = CARTESIAN_POINT('',(0.16,-2.7,8.54));
#15458 = VECTOR('',#15459,1.);
#15459 = DIRECTION('',(-0.57735026919,0.57735026919,0.57735026919));
#15460 = ORIENTED_EDGE('',*,*,#13358,.T.);
#15461 = ORIENTED_EDGE('',*,*,#15462,.T.);
#15462 = EDGE_CURVE('',#13351,#15463,#15465,.T.);
#15463 = VERTEX_POINT('',#15464);
#15464 = CARTESIAN_POINT('',(0.16,-2.38,8.54));
#15465 = LINE('',#15466,#15467);
#15466 = CARTESIAN_POINT('',(5.333333333333E-02,-2.486666666667,
    8.646666666667));
#15467 = VECTOR('',#15468,1.);
#15468 = DIRECTION('',(-0.57735026919,-0.57735026919,0.57735026919));
#15469 = ORIENTED_EDGE('',*,*,#15470,.F.);
#15470 = EDGE_CURVE('',#15454,#15463,#15471,.T.);
#15471 = LINE('',#15472,#15473);
#15472 = CARTESIAN_POINT('',(0.16,-2.86,8.54));
#15473 = VECTOR('',#15474,1.);
#15474 = DIRECTION('',(0.,1.,0.));
#15475 = PLANE('',#15476);
#15476 = AXIS2_PLACEMENT_3D('',#15477,#15478,#15479);
#15477 = CARTESIAN_POINT('',(0.24,-2.86,8.46));
#15478 = DIRECTION('',(0.707106781187,-1.735167508357E-18,0.707106781187
    ));
#15479 = DIRECTION('',(1.226948711654E-18,1.,1.226948711654E-18));
#15480 = ADVANCED_FACE('',(#15481),#15499,.T.);
#15481 = FACE_BOUND('',#15482,.F.);
#15482 = EDGE_LOOP('',(#15483,#15491,#15492,#15493));
#15483 = ORIENTED_EDGE('',*,*,#15484,.F.);
#15484 = EDGE_CURVE('',#13375,#15485,#15487,.T.);
#15485 = VERTEX_POINT('',#15486);
#15486 = CARTESIAN_POINT('',(-0.16,-2.38,8.54));
#15487 = LINE('',#15488,#15489);
#15488 = CARTESIAN_POINT('',(-0.16,-2.38,8.54));
#15489 = VECTOR('',#15490,1.);
#15490 = DIRECTION('',(0.57735026919,-0.57735026919,0.57735026919));
#15491 = ORIENTED_EDGE('',*,*,#13382,.T.);
#15492 = ORIENTED_EDGE('',*,*,#15462,.T.);
#15493 = ORIENTED_EDGE('',*,*,#15494,.F.);
#15494 = EDGE_CURVE('',#15485,#15463,#15495,.T.);
#15495 = LINE('',#15496,#15497);
#15496 = CARTESIAN_POINT('',(-0.32,-2.38,8.54));
#15497 = VECTOR('',#15498,1.);
#15498 = DIRECTION('',(1.,0.,0.));
#15499 = PLANE('',#15500);
#15500 = AXIS2_PLACEMENT_3D('',#15501,#15502,#15503);
#15501 = CARTESIAN_POINT('',(-0.32,-2.3,8.46));
#15502 = DIRECTION('',(1.735167508357E-18,0.707106781187,0.707106781187)
  );
#15503 = DIRECTION('',(-1.,1.226948711654E-18,1.226948711654E-18));
#15504 = ADVANCED_FACE('',(#15505),#15523,.F.);
#15505 = FACE_BOUND('',#15506,.F.);
#15506 = EDGE_LOOP('',(#15507,#15515,#15516,#15517));
#15507 = ORIENTED_EDGE('',*,*,#15508,.F.);
#15508 = EDGE_CURVE('',#13397,#15509,#15511,.T.);
#15509 = VERTEX_POINT('',#15510);
#15510 = CARTESIAN_POINT('',(-0.16,-2.7,8.54));
#15511 = LINE('',#15512,#15513);
#15512 = CARTESIAN_POINT('',(-0.266666666667,-2.806666666667,
    8.433333333333));
#15513 = VECTOR('',#15514,1.);
#15514 = DIRECTION('',(0.57735026919,0.57735026919,0.57735026919));
#15515 = ORIENTED_EDGE('',*,*,#13406,.T.);
#15516 = ORIENTED_EDGE('',*,*,#15484,.T.);
#15517 = ORIENTED_EDGE('',*,*,#15518,.F.);
#15518 = EDGE_CURVE('',#15509,#15485,#15519,.T.);
#15519 = LINE('',#15520,#15521);
#15520 = CARTESIAN_POINT('',(-0.16,-2.86,8.54));
#15521 = VECTOR('',#15522,1.);
#15522 = DIRECTION('',(0.,1.,0.));
#15523 = PLANE('',#15524);
#15524 = AXIS2_PLACEMENT_3D('',#15525,#15526,#15527);
#15525 = CARTESIAN_POINT('',(-0.24,-2.86,8.46));
#15526 = DIRECTION('',(0.707106781187,1.735167508357E-18,-0.707106781187
    ));
#15527 = DIRECTION('',(-1.226948711654E-18,1.,1.226948711654E-18));
#15528 = ADVANCED_FACE('',(#15529),#15540,.F.);
#15529 = FACE_BOUND('',#15530,.T.);
#15530 = EDGE_LOOP('',(#15531,#15532,#15533,#15534));
#15531 = ORIENTED_EDGE('',*,*,#15508,.F.);
#15532 = ORIENTED_EDGE('',*,*,#13423,.T.);
#15533 = ORIENTED_EDGE('',*,*,#15453,.T.);
#15534 = ORIENTED_EDGE('',*,*,#15535,.F.);
#15535 = EDGE_CURVE('',#15509,#15454,#15536,.T.);
#15536 = LINE('',#15537,#15538);
#15537 = CARTESIAN_POINT('',(-0.32,-2.7,8.54));
#15538 = VECTOR('',#15539,1.);
#15539 = DIRECTION('',(1.,0.,0.));
#15540 = PLANE('',#15541);
#15541 = AXIS2_PLACEMENT_3D('',#15542,#15543,#15544);
#15542 = CARTESIAN_POINT('',(-0.32,-2.78,8.46));
#15543 = DIRECTION('',(-1.735167508357E-18,0.707106781187,
    -0.707106781187));
#15544 = DIRECTION('',(-1.,-1.226948711654E-18,1.226948711654E-18));
#15545 = ADVANCED_FACE('',(#15546),#15571,.T.);
#15546 = FACE_BOUND('',#15547,.T.);
#15547 = EDGE_LOOP('',(#15548,#15556,#15557,#15565));
#15548 = ORIENTED_EDGE('',*,*,#15549,.F.);
#15549 = EDGE_CURVE('',#13438,#15550,#15552,.T.);
#15550 = VERTEX_POINT('',#15551);
#15551 = CARTESIAN_POINT('',(0.16,-5.24,8.54));
#15552 = LINE('',#15553,#15554);
#15553 = CARTESIAN_POINT('',(0.16,-5.24,8.54));
#15554 = VECTOR('',#15555,1.);
#15555 = DIRECTION('',(-0.57735026919,0.57735026919,0.57735026919));
#15556 = ORIENTED_EDGE('',*,*,#13454,.T.);
#15557 = ORIENTED_EDGE('',*,*,#15558,.T.);
#15558 = EDGE_CURVE('',#13447,#15559,#15561,.T.);
#15559 = VERTEX_POINT('',#15560);
#15560 = CARTESIAN_POINT('',(0.16,-4.92,8.54));
#15561 = LINE('',#15562,#15563);
#15562 = CARTESIAN_POINT('',(5.333333333333E-02,-5.026666666667,
    8.646666666667));
#15563 = VECTOR('',#15564,1.);
#15564 = DIRECTION('',(-0.57735026919,-0.57735026919,0.57735026919));
#15565 = ORIENTED_EDGE('',*,*,#15566,.F.);
#15566 = EDGE_CURVE('',#15550,#15559,#15567,.T.);
#15567 = LINE('',#15568,#15569);
#15568 = CARTESIAN_POINT('',(0.16,-5.4,8.54));
#15569 = VECTOR('',#15570,1.);
#15570 = DIRECTION('',(0.,1.,0.));
#15571 = PLANE('',#15572);
#15572 = AXIS2_PLACEMENT_3D('',#15573,#15574,#15575);
#15573 = CARTESIAN_POINT('',(0.24,-5.4,8.46));
#15574 = DIRECTION('',(0.707106781187,-1.735167508357E-18,0.707106781187
    ));
#15575 = DIRECTION('',(1.226948711654E-18,1.,1.226948711654E-18));
#15576 = ADVANCED_FACE('',(#15577),#15595,.T.);
#15577 = FACE_BOUND('',#15578,.F.);
#15578 = EDGE_LOOP('',(#15579,#15587,#15588,#15589));
#15579 = ORIENTED_EDGE('',*,*,#15580,.F.);
#15580 = EDGE_CURVE('',#13471,#15581,#15583,.T.);
#15581 = VERTEX_POINT('',#15582);
#15582 = CARTESIAN_POINT('',(-0.16,-4.92,8.54));
#15583 = LINE('',#15584,#15585);
#15584 = CARTESIAN_POINT('',(-0.16,-4.92,8.54));
#15585 = VECTOR('',#15586,1.);
#15586 = DIRECTION('',(0.57735026919,-0.57735026919,0.57735026919));
#15587 = ORIENTED_EDGE('',*,*,#13478,.T.);
#15588 = ORIENTED_EDGE('',*,*,#15558,.T.);
#15589 = ORIENTED_EDGE('',*,*,#15590,.F.);
#15590 = EDGE_CURVE('',#15581,#15559,#15591,.T.);
#15591 = LINE('',#15592,#15593);
#15592 = CARTESIAN_POINT('',(-0.32,-4.92,8.54));
#15593 = VECTOR('',#15594,1.);
#15594 = DIRECTION('',(1.,0.,0.));
#15595 = PLANE('',#15596);
#15596 = AXIS2_PLACEMENT_3D('',#15597,#15598,#15599);
#15597 = CARTESIAN_POINT('',(-0.32,-4.84,8.46));
#15598 = DIRECTION('',(1.735167508357E-18,0.707106781187,0.707106781187)
  );
#15599 = DIRECTION('',(-1.,1.226948711654E-18,1.226948711654E-18));
#15600 = ADVANCED_FACE('',(#15601),#15619,.F.);
#15601 = FACE_BOUND('',#15602,.F.);
#15602 = EDGE_LOOP('',(#15603,#15611,#15612,#15613));
#15603 = ORIENTED_EDGE('',*,*,#15604,.F.);
#15604 = EDGE_CURVE('',#13493,#15605,#15607,.T.);
#15605 = VERTEX_POINT('',#15606);
#15606 = CARTESIAN_POINT('',(-0.16,-5.24,8.54));
#15607 = LINE('',#15608,#15609);
#15608 = CARTESIAN_POINT('',(-0.266666666667,-5.346666666667,
    8.433333333333));
#15609 = VECTOR('',#15610,1.);
#15610 = DIRECTION('',(0.57735026919,0.57735026919,0.57735026919));
#15611 = ORIENTED_EDGE('',*,*,#13502,.T.);
#15612 = ORIENTED_EDGE('',*,*,#15580,.T.);
#15613 = ORIENTED_EDGE('',*,*,#15614,.F.);
#15614 = EDGE_CURVE('',#15605,#15581,#15615,.T.);
#15615 = LINE('',#15616,#15617);
#15616 = CARTESIAN_POINT('',(-0.16,-5.4,8.54));
#15617 = VECTOR('',#15618,1.);
#15618 = DIRECTION('',(0.,1.,0.));
#15619 = PLANE('',#15620);
#15620 = AXIS2_PLACEMENT_3D('',#15621,#15622,#15623);
#15621 = CARTESIAN_POINT('',(-0.24,-5.4,8.46));
#15622 = DIRECTION('',(0.707106781187,1.735167508357E-18,-0.707106781187
    ));
#15623 = DIRECTION('',(-1.226948711654E-18,1.,1.226948711654E-18));
#15624 = ADVANCED_FACE('',(#15625),#15636,.F.);
#15625 = FACE_BOUND('',#15626,.T.);
#15626 = EDGE_LOOP('',(#15627,#15628,#15629,#15630));
#15627 = ORIENTED_EDGE('',*,*,#15604,.F.);
#15628 = ORIENTED_EDGE('',*,*,#13519,.T.);
#15629 = ORIENTED_EDGE('',*,*,#15549,.T.);
#15630 = ORIENTED_EDGE('',*,*,#15631,.F.);
#15631 = EDGE_CURVE('',#15605,#15550,#15632,.T.);
#15632 = LINE('',#15633,#15634);
#15633 = CARTESIAN_POINT('',(-0.32,-5.24,8.54));
#15634 = VECTOR('',#15635,1.);
#15635 = DIRECTION('',(1.,0.,0.));
#15636 = PLANE('',#15637);
#15637 = AXIS2_PLACEMENT_3D('',#15638,#15639,#15640);
#15638 = CARTESIAN_POINT('',(-0.32,-5.32,8.46));
#15639 = DIRECTION('',(-1.735167508357E-18,0.707106781187,
    -0.707106781187));
#15640 = DIRECTION('',(-1.,-1.226948711654E-18,1.226948711654E-18));
#15641 = ADVANCED_FACE('',(#15642),#15667,.F.);
#15642 = FACE_BOUND('',#15643,.T.);
#15643 = EDGE_LOOP('',(#15644,#15652,#15653,#15661));
#15644 = ORIENTED_EDGE('',*,*,#15645,.F.);
#15645 = EDGE_CURVE('',#13543,#15646,#15648,.T.);
#15646 = VERTEX_POINT('',#15647);
#15647 = CARTESIAN_POINT('',(-0.16,-10.32,8.54));
#15648 = LINE('',#15649,#15650);
#15649 = CARTESIAN_POINT('',(-0.266666666667,-10.42666666666,
    8.433333333333));
#15650 = VECTOR('',#15651,1.);
#15651 = DIRECTION('',(0.57735026919,0.57735026919,0.57735026919));
#15652 = ORIENTED_EDGE('',*,*,#13550,.T.);
#15653 = ORIENTED_EDGE('',*,*,#15654,.T.);
#15654 = EDGE_CURVE('',#13534,#15655,#15657,.T.);
#15655 = VERTEX_POINT('',#15656);
#15656 = CARTESIAN_POINT('',(0.16,-10.32,8.54));
#15657 = LINE('',#15658,#15659);
#15658 = CARTESIAN_POINT('',(0.16,-10.32,8.54));
#15659 = VECTOR('',#15660,1.);
#15660 = DIRECTION('',(-0.57735026919,0.57735026919,0.57735026919));
#15661 = ORIENTED_EDGE('',*,*,#15662,.F.);
#15662 = EDGE_CURVE('',#15646,#15655,#15663,.T.);
#15663 = LINE('',#15664,#15665);
#15664 = CARTESIAN_POINT('',(-0.32,-10.32,8.54));
#15665 = VECTOR('',#15666,1.);
#15666 = DIRECTION('',(1.,0.,0.));
#15667 = PLANE('',#15668);
#15668 = AXIS2_PLACEMENT_3D('',#15669,#15670,#15671);
#15669 = CARTESIAN_POINT('',(-0.32,-10.4,8.46));
#15670 = DIRECTION('',(-1.735167508357E-18,0.707106781187,
    -0.707106781187));
#15671 = DIRECTION('',(-1.,-1.226948711654E-18,1.226948711654E-18));
#15672 = ADVANCED_FACE('',(#15673),#15691,.T.);
#15673 = FACE_BOUND('',#15674,.T.);
#15674 = EDGE_LOOP('',(#15675,#15676,#15677,#15685));
#15675 = ORIENTED_EDGE('',*,*,#15654,.F.);
#15676 = ORIENTED_EDGE('',*,*,#13574,.T.);
#15677 = ORIENTED_EDGE('',*,*,#15678,.T.);
#15678 = EDGE_CURVE('',#13567,#15679,#15681,.T.);
#15679 = VERTEX_POINT('',#15680);
#15680 = CARTESIAN_POINT('',(0.16,-10.,8.54));
#15681 = LINE('',#15682,#15683);
#15682 = CARTESIAN_POINT('',(5.333333333333E-02,-10.10666666666,
    8.646666666667));
#15683 = VECTOR('',#15684,1.);
#15684 = DIRECTION('',(-0.57735026919,-0.57735026919,0.57735026919));
#15685 = ORIENTED_EDGE('',*,*,#15686,.F.);
#15686 = EDGE_CURVE('',#15655,#15679,#15687,.T.);
#15687 = LINE('',#15688,#15689);
#15688 = CARTESIAN_POINT('',(0.16,-10.48,8.54));
#15689 = VECTOR('',#15690,1.);
#15690 = DIRECTION('',(0.,1.,0.));
#15691 = PLANE('',#15692);
#15692 = AXIS2_PLACEMENT_3D('',#15693,#15694,#15695);
#15693 = CARTESIAN_POINT('',(0.24,-10.48,8.46));
#15694 = DIRECTION('',(0.707106781187,-1.735167508357E-18,0.707106781187
    ));
#15695 = DIRECTION('',(1.226948711654E-18,1.,1.226948711654E-18));
#15696 = ADVANCED_FACE('',(#15697),#15715,.T.);
#15697 = FACE_BOUND('',#15698,.F.);
#15698 = EDGE_LOOP('',(#15699,#15707,#15708,#15709));
#15699 = ORIENTED_EDGE('',*,*,#15700,.F.);
#15700 = EDGE_CURVE('',#13591,#15701,#15703,.T.);
#15701 = VERTEX_POINT('',#15702);
#15702 = CARTESIAN_POINT('',(-0.16,-10.,8.54));
#15703 = LINE('',#15704,#15705);
#15704 = CARTESIAN_POINT('',(-0.16,-10.,8.54));
#15705 = VECTOR('',#15706,1.);
#15706 = DIRECTION('',(0.57735026919,-0.57735026919,0.57735026919));
#15707 = ORIENTED_EDGE('',*,*,#13598,.T.);
#15708 = ORIENTED_EDGE('',*,*,#15678,.T.);
#15709 = ORIENTED_EDGE('',*,*,#15710,.F.);
#15710 = EDGE_CURVE('',#15701,#15679,#15711,.T.);
#15711 = LINE('',#15712,#15713);
#15712 = CARTESIAN_POINT('',(-0.32,-10.,8.54));
#15713 = VECTOR('',#15714,1.);
#15714 = DIRECTION('',(1.,0.,0.));
#15715 = PLANE('',#15716);
#15716 = AXIS2_PLACEMENT_3D('',#15717,#15718,#15719);
#15717 = CARTESIAN_POINT('',(-0.32,-9.92,8.46));
#15718 = DIRECTION('',(1.735167508357E-18,0.707106781187,0.707106781187)
  );
#15719 = DIRECTION('',(-1.,1.226948711654E-18,1.226948711654E-18));
#15720 = ADVANCED_FACE('',(#15721),#15732,.F.);
#15721 = FACE_BOUND('',#15722,.F.);
#15722 = EDGE_LOOP('',(#15723,#15724,#15725,#15726));
#15723 = ORIENTED_EDGE('',*,*,#15645,.F.);
#15724 = ORIENTED_EDGE('',*,*,#13615,.T.);
#15725 = ORIENTED_EDGE('',*,*,#15700,.T.);
#15726 = ORIENTED_EDGE('',*,*,#15727,.F.);
#15727 = EDGE_CURVE('',#15646,#15701,#15728,.T.);
#15728 = LINE('',#15729,#15730);
#15729 = CARTESIAN_POINT('',(-0.16,-10.48,8.54));
#15730 = VECTOR('',#15731,1.);
#15731 = DIRECTION('',(0.,1.,0.));
#15732 = PLANE('',#15733);
#15733 = AXIS2_PLACEMENT_3D('',#15734,#15735,#15736);
#15734 = CARTESIAN_POINT('',(-0.24,-10.48,8.46));
#15735 = DIRECTION('',(0.707106781187,1.735167508357E-18,-0.707106781187
    ));
#15736 = DIRECTION('',(-1.226948711654E-18,1.,1.226948711654E-18));
#15737 = ADVANCED_FACE('',(#15738),#15763,.F.);
#15738 = FACE_BOUND('',#15739,.T.);
#15739 = EDGE_LOOP('',(#15740,#15748,#15749,#15757));
#15740 = ORIENTED_EDGE('',*,*,#15741,.F.);
#15741 = EDGE_CURVE('',#13639,#15742,#15744,.T.);
#15742 = VERTEX_POINT('',#15743);
#15743 = CARTESIAN_POINT('',(-0.16,-7.78,8.54));
#15744 = LINE('',#15745,#15746);
#15745 = CARTESIAN_POINT('',(-0.266666666667,-7.886666666667,
    8.433333333333));
#15746 = VECTOR('',#15747,1.);
#15747 = DIRECTION('',(0.57735026919,0.57735026919,0.57735026919));
#15748 = ORIENTED_EDGE('',*,*,#13646,.T.);
#15749 = ORIENTED_EDGE('',*,*,#15750,.T.);
#15750 = EDGE_CURVE('',#13630,#15751,#15753,.T.);
#15751 = VERTEX_POINT('',#15752);
#15752 = CARTESIAN_POINT('',(0.16,-7.78,8.54));
#15753 = LINE('',#15754,#15755);
#15754 = CARTESIAN_POINT('',(0.16,-7.78,8.54));
#15755 = VECTOR('',#15756,1.);
#15756 = DIRECTION('',(-0.57735026919,0.57735026919,0.57735026919));
#15757 = ORIENTED_EDGE('',*,*,#15758,.F.);
#15758 = EDGE_CURVE('',#15742,#15751,#15759,.T.);
#15759 = LINE('',#15760,#15761);
#15760 = CARTESIAN_POINT('',(-0.32,-7.78,8.54));
#15761 = VECTOR('',#15762,1.);
#15762 = DIRECTION('',(1.,0.,0.));
#15763 = PLANE('',#15764);
#15764 = AXIS2_PLACEMENT_3D('',#15765,#15766,#15767);
#15765 = CARTESIAN_POINT('',(-0.32,-7.86,8.46));
#15766 = DIRECTION('',(-1.735167508357E-18,0.707106781187,
    -0.707106781187));
#15767 = DIRECTION('',(-1.,-1.226948711654E-18,1.226948711654E-18));
#15768 = ADVANCED_FACE('',(#15769),#15787,.T.);
#15769 = FACE_BOUND('',#15770,.T.);
#15770 = EDGE_LOOP('',(#15771,#15772,#15773,#15781));
#15771 = ORIENTED_EDGE('',*,*,#15750,.F.);
#15772 = ORIENTED_EDGE('',*,*,#13670,.T.);
#15773 = ORIENTED_EDGE('',*,*,#15774,.T.);
#15774 = EDGE_CURVE('',#13663,#15775,#15777,.T.);
#15775 = VERTEX_POINT('',#15776);
#15776 = CARTESIAN_POINT('',(0.16,-7.46,8.54));
#15777 = LINE('',#15778,#15779);
#15778 = CARTESIAN_POINT('',(5.333333333333E-02,-7.566666666667,
    8.646666666667));
#15779 = VECTOR('',#15780,1.);
#15780 = DIRECTION('',(-0.57735026919,-0.57735026919,0.57735026919));
#15781 = ORIENTED_EDGE('',*,*,#15782,.F.);
#15782 = EDGE_CURVE('',#15751,#15775,#15783,.T.);
#15783 = LINE('',#15784,#15785);
#15784 = CARTESIAN_POINT('',(0.16,-7.94,8.54));
#15785 = VECTOR('',#15786,1.);
#15786 = DIRECTION('',(0.,1.,0.));
#15787 = PLANE('',#15788);
#15788 = AXIS2_PLACEMENT_3D('',#15789,#15790,#15791);
#15789 = CARTESIAN_POINT('',(0.24,-7.94,8.46));
#15790 = DIRECTION('',(0.707106781187,-1.735167508357E-18,0.707106781187
    ));
#15791 = DIRECTION('',(1.226948711654E-18,1.,1.226948711654E-18));
#15792 = ADVANCED_FACE('',(#15793),#15811,.T.);
#15793 = FACE_BOUND('',#15794,.F.);
#15794 = EDGE_LOOP('',(#15795,#15803,#15804,#15805));
#15795 = ORIENTED_EDGE('',*,*,#15796,.F.);
#15796 = EDGE_CURVE('',#13687,#15797,#15799,.T.);
#15797 = VERTEX_POINT('',#15798);
#15798 = CARTESIAN_POINT('',(-0.16,-7.46,8.54));
#15799 = LINE('',#15800,#15801);
#15800 = CARTESIAN_POINT('',(-0.16,-7.46,8.54));
#15801 = VECTOR('',#15802,1.);
#15802 = DIRECTION('',(0.57735026919,-0.57735026919,0.57735026919));
#15803 = ORIENTED_EDGE('',*,*,#13694,.T.);
#15804 = ORIENTED_EDGE('',*,*,#15774,.T.);
#15805 = ORIENTED_EDGE('',*,*,#15806,.F.);
#15806 = EDGE_CURVE('',#15797,#15775,#15807,.T.);
#15807 = LINE('',#15808,#15809);
#15808 = CARTESIAN_POINT('',(-0.32,-7.46,8.54));
#15809 = VECTOR('',#15810,1.);
#15810 = DIRECTION('',(1.,0.,0.));
#15811 = PLANE('',#15812);
#15812 = AXIS2_PLACEMENT_3D('',#15813,#15814,#15815);
#15813 = CARTESIAN_POINT('',(-0.32,-7.38,8.46));
#15814 = DIRECTION('',(1.735167508357E-18,0.707106781187,0.707106781187)
  );
#15815 = DIRECTION('',(-1.,1.226948711654E-18,1.226948711654E-18));
#15816 = ADVANCED_FACE('',(#15817),#15828,.F.);
#15817 = FACE_BOUND('',#15818,.F.);
#15818 = EDGE_LOOP('',(#15819,#15820,#15821,#15822));
#15819 = ORIENTED_EDGE('',*,*,#15741,.F.);
#15820 = ORIENTED_EDGE('',*,*,#13711,.T.);
#15821 = ORIENTED_EDGE('',*,*,#15796,.T.);
#15822 = ORIENTED_EDGE('',*,*,#15823,.F.);
#15823 = EDGE_CURVE('',#15742,#15797,#15824,.T.);
#15824 = LINE('',#15825,#15826);
#15825 = CARTESIAN_POINT('',(-0.16,-7.94,8.54));
#15826 = VECTOR('',#15827,1.);
#15827 = DIRECTION('',(0.,1.,0.));
#15828 = PLANE('',#15829);
#15829 = AXIS2_PLACEMENT_3D('',#15830,#15831,#15832);
#15830 = CARTESIAN_POINT('',(-0.24,-7.94,8.46));
#15831 = DIRECTION('',(0.707106781187,1.735167508357E-18,-0.707106781187
    ));
#15832 = DIRECTION('',(-1.226948711654E-18,1.,1.226948711654E-18));
#15833 = ADVANCED_FACE('',(#15834),#15859,.F.);
#15834 = FACE_BOUND('',#15835,.T.);
#15835 = EDGE_LOOP('',(#15836,#15844,#15845,#15853));
#15836 = ORIENTED_EDGE('',*,*,#15837,.F.);
#15837 = EDGE_CURVE('',#13735,#15838,#15840,.T.);
#15838 = VERTEX_POINT('',#15839);
#15839 = CARTESIAN_POINT('',(-0.16,-20.48,8.54));
#15840 = LINE('',#15841,#15842);
#15841 = CARTESIAN_POINT('',(-0.266666666667,-20.58666666666,
    8.433333333333));
#15842 = VECTOR('',#15843,1.);
#15843 = DIRECTION('',(0.57735026919,0.57735026919,0.57735026919));
#15844 = ORIENTED_EDGE('',*,*,#13742,.T.);
#15845 = ORIENTED_EDGE('',*,*,#15846,.T.);
#15846 = EDGE_CURVE('',#13726,#15847,#15849,.T.);
#15847 = VERTEX_POINT('',#15848);
#15848 = CARTESIAN_POINT('',(0.16,-20.48,8.54));
#15849 = LINE('',#15850,#15851);
#15850 = CARTESIAN_POINT('',(0.16,-20.48,8.54));
#15851 = VECTOR('',#15852,1.);
#15852 = DIRECTION('',(-0.57735026919,0.57735026919,0.57735026919));
#15853 = ORIENTED_EDGE('',*,*,#15854,.F.);
#15854 = EDGE_CURVE('',#15838,#15847,#15855,.T.);
#15855 = LINE('',#15856,#15857);
#15856 = CARTESIAN_POINT('',(-0.32,-20.48,8.54));
#15857 = VECTOR('',#15858,1.);
#15858 = DIRECTION('',(1.,0.,0.));
#15859 = PLANE('',#15860);
#15860 = AXIS2_PLACEMENT_3D('',#15861,#15862,#15863);
#15861 = CARTESIAN_POINT('',(-0.32,-20.56,8.46));
#15862 = DIRECTION('',(-1.735167508357E-18,0.707106781187,
    -0.707106781187));
#15863 = DIRECTION('',(-1.,-1.226948711654E-18,1.226948711654E-18));
#15864 = ADVANCED_FACE('',(#15865),#15883,.T.);
#15865 = FACE_BOUND('',#15866,.T.);
#15866 = EDGE_LOOP('',(#15867,#15868,#15869,#15877));
#15867 = ORIENTED_EDGE('',*,*,#15846,.F.);
#15868 = ORIENTED_EDGE('',*,*,#13766,.T.);
#15869 = ORIENTED_EDGE('',*,*,#15870,.T.);
#15870 = EDGE_CURVE('',#13759,#15871,#15873,.T.);
#15871 = VERTEX_POINT('',#15872);
#15872 = CARTESIAN_POINT('',(0.16,-20.16,8.54));
#15873 = LINE('',#15874,#15875);
#15874 = CARTESIAN_POINT('',(5.333333333333E-02,-20.26666666666,
    8.646666666667));
#15875 = VECTOR('',#15876,1.);
#15876 = DIRECTION('',(-0.57735026919,-0.57735026919,0.57735026919));
#15877 = ORIENTED_EDGE('',*,*,#15878,.F.);
#15878 = EDGE_CURVE('',#15847,#15871,#15879,.T.);
#15879 = LINE('',#15880,#15881);
#15880 = CARTESIAN_POINT('',(0.16,-20.64,8.54));
#15881 = VECTOR('',#15882,1.);
#15882 = DIRECTION('',(0.,1.,0.));
#15883 = PLANE('',#15884);
#15884 = AXIS2_PLACEMENT_3D('',#15885,#15886,#15887);
#15885 = CARTESIAN_POINT('',(0.24,-20.64,8.46));
#15886 = DIRECTION('',(0.707106781187,-1.735167508357E-18,0.707106781187
    ));
#15887 = DIRECTION('',(1.226948711654E-18,1.,1.226948711654E-18));
#15888 = ADVANCED_FACE('',(#15889),#15907,.T.);
#15889 = FACE_BOUND('',#15890,.F.);
#15890 = EDGE_LOOP('',(#15891,#15899,#15900,#15901));
#15891 = ORIENTED_EDGE('',*,*,#15892,.F.);
#15892 = EDGE_CURVE('',#13783,#15893,#15895,.T.);
#15893 = VERTEX_POINT('',#15894);
#15894 = CARTESIAN_POINT('',(-0.16,-20.16,8.54));
#15895 = LINE('',#15896,#15897);
#15896 = CARTESIAN_POINT('',(-0.16,-20.16,8.54));
#15897 = VECTOR('',#15898,1.);
#15898 = DIRECTION('',(0.57735026919,-0.57735026919,0.57735026919));
#15899 = ORIENTED_EDGE('',*,*,#13790,.T.);
#15900 = ORIENTED_EDGE('',*,*,#15870,.T.);
#15901 = ORIENTED_EDGE('',*,*,#15902,.F.);
#15902 = EDGE_CURVE('',#15893,#15871,#15903,.T.);
#15903 = LINE('',#15904,#15905);
#15904 = CARTESIAN_POINT('',(-0.32,-20.16,8.54));
#15905 = VECTOR('',#15906,1.);
#15906 = DIRECTION('',(1.,0.,0.));
#15907 = PLANE('',#15908);
#15908 = AXIS2_PLACEMENT_3D('',#15909,#15910,#15911);
#15909 = CARTESIAN_POINT('',(-0.32,-20.08,8.46));
#15910 = DIRECTION('',(1.735167508357E-18,0.707106781187,0.707106781187)
  );
#15911 = DIRECTION('',(-1.,1.226948711654E-18,1.226948711654E-18));
#15912 = ADVANCED_FACE('',(#15913),#15924,.F.);
#15913 = FACE_BOUND('',#15914,.F.);
#15914 = EDGE_LOOP('',(#15915,#15916,#15917,#15918));
#15915 = ORIENTED_EDGE('',*,*,#15837,.F.);
#15916 = ORIENTED_EDGE('',*,*,#13807,.T.);
#15917 = ORIENTED_EDGE('',*,*,#15892,.T.);
#15918 = ORIENTED_EDGE('',*,*,#15919,.F.);
#15919 = EDGE_CURVE('',#15838,#15893,#15920,.T.);
#15920 = LINE('',#15921,#15922);
#15921 = CARTESIAN_POINT('',(-0.16,-20.64,8.54));
#15922 = VECTOR('',#15923,1.);
#15923 = DIRECTION('',(0.,1.,0.));
#15924 = PLANE('',#15925);
#15925 = AXIS2_PLACEMENT_3D('',#15926,#15927,#15928);
#15926 = CARTESIAN_POINT('',(-0.24,-20.64,8.46));
#15927 = DIRECTION('',(0.707106781187,1.735167508357E-18,-0.707106781187
    ));
#15928 = DIRECTION('',(-1.226948711654E-18,1.,1.226948711654E-18));
#15929 = ADVANCED_FACE('',(#15930),#15955,.F.);
#15930 = FACE_BOUND('',#15931,.T.);
#15931 = EDGE_LOOP('',(#15932,#15940,#15941,#15949));
#15932 = ORIENTED_EDGE('',*,*,#15933,.F.);
#15933 = EDGE_CURVE('',#13831,#15934,#15936,.T.);
#15934 = VERTEX_POINT('',#15935);
#15935 = CARTESIAN_POINT('',(-0.16,-23.02,8.54));
#15936 = LINE('',#15937,#15938);
#15937 = CARTESIAN_POINT('',(-0.266666666667,-23.12666666666,
    8.433333333333));
#15938 = VECTOR('',#15939,1.);
#15939 = DIRECTION('',(0.57735026919,0.57735026919,0.57735026919));
#15940 = ORIENTED_EDGE('',*,*,#13838,.T.);
#15941 = ORIENTED_EDGE('',*,*,#15942,.T.);
#15942 = EDGE_CURVE('',#13822,#15943,#15945,.T.);
#15943 = VERTEX_POINT('',#15944);
#15944 = CARTESIAN_POINT('',(0.16,-23.02,8.54));
#15945 = LINE('',#15946,#15947);
#15946 = CARTESIAN_POINT('',(0.16,-23.02,8.54));
#15947 = VECTOR('',#15948,1.);
#15948 = DIRECTION('',(-0.57735026919,0.57735026919,0.57735026919));
#15949 = ORIENTED_EDGE('',*,*,#15950,.F.);
#15950 = EDGE_CURVE('',#15934,#15943,#15951,.T.);
#15951 = LINE('',#15952,#15953);
#15952 = CARTESIAN_POINT('',(-0.32,-23.02,8.54));
#15953 = VECTOR('',#15954,1.);
#15954 = DIRECTION('',(1.,0.,0.));
#15955 = PLANE('',#15956);
#15956 = AXIS2_PLACEMENT_3D('',#15957,#15958,#15959);
#15957 = CARTESIAN_POINT('',(-0.32,-23.1,8.46));
#15958 = DIRECTION('',(-1.735167508357E-18,0.707106781187,
    -0.707106781187));
#15959 = DIRECTION('',(-1.,-1.226948711654E-18,1.226948711654E-18));
#15960 = ADVANCED_FACE('',(#15961),#15979,.T.);
#15961 = FACE_BOUND('',#15962,.T.);
#15962 = EDGE_LOOP('',(#15963,#15964,#15965,#15973));
#15963 = ORIENTED_EDGE('',*,*,#15942,.F.);
#15964 = ORIENTED_EDGE('',*,*,#13862,.T.);
#15965 = ORIENTED_EDGE('',*,*,#15966,.T.);
#15966 = EDGE_CURVE('',#13855,#15967,#15969,.T.);
#15967 = VERTEX_POINT('',#15968);
#15968 = CARTESIAN_POINT('',(0.16,-22.7,8.54));
#15969 = LINE('',#15970,#15971);
#15970 = CARTESIAN_POINT('',(5.333333333333E-02,-22.80666666666,
    8.646666666667));
#15971 = VECTOR('',#15972,1.);
#15972 = DIRECTION('',(-0.57735026919,-0.57735026919,0.57735026919));
#15973 = ORIENTED_EDGE('',*,*,#15974,.F.);
#15974 = EDGE_CURVE('',#15943,#15967,#15975,.T.);
#15975 = LINE('',#15976,#15977);
#15976 = CARTESIAN_POINT('',(0.16,-23.18,8.54));
#15977 = VECTOR('',#15978,1.);
#15978 = DIRECTION('',(0.,1.,0.));
#15979 = PLANE('',#15980);
#15980 = AXIS2_PLACEMENT_3D('',#15981,#15982,#15983);
#15981 = CARTESIAN_POINT('',(0.24,-23.18,8.46));
#15982 = DIRECTION('',(0.707106781187,-1.735167508357E-18,0.707106781187
    ));
#15983 = DIRECTION('',(1.226948711654E-18,1.,1.226948711654E-18));
#15984 = ADVANCED_FACE('',(#15985),#16003,.T.);
#15985 = FACE_BOUND('',#15986,.F.);
#15986 = EDGE_LOOP('',(#15987,#15995,#15996,#15997));
#15987 = ORIENTED_EDGE('',*,*,#15988,.F.);
#15988 = EDGE_CURVE('',#13879,#15989,#15991,.T.);
#15989 = VERTEX_POINT('',#15990);
#15990 = CARTESIAN_POINT('',(-0.16,-22.7,8.54));
#15991 = LINE('',#15992,#15993);
#15992 = CARTESIAN_POINT('',(-0.16,-22.7,8.54));
#15993 = VECTOR('',#15994,1.);
#15994 = DIRECTION('',(0.57735026919,-0.57735026919,0.57735026919));
#15995 = ORIENTED_EDGE('',*,*,#13886,.T.);
#15996 = ORIENTED_EDGE('',*,*,#15966,.T.);
#15997 = ORIENTED_EDGE('',*,*,#15998,.F.);
#15998 = EDGE_CURVE('',#15989,#15967,#15999,.T.);
#15999 = LINE('',#16000,#16001);
#16000 = CARTESIAN_POINT('',(-0.32,-22.7,8.54));
#16001 = VECTOR('',#16002,1.);
#16002 = DIRECTION('',(1.,0.,0.));
#16003 = PLANE('',#16004);
#16004 = AXIS2_PLACEMENT_3D('',#16005,#16006,#16007);
#16005 = CARTESIAN_POINT('',(-0.32,-22.62,8.46));
#16006 = DIRECTION('',(1.735167508357E-18,0.707106781187,0.707106781187)
  );
#16007 = DIRECTION('',(-1.,1.226948711654E-18,1.226948711654E-18));
#16008 = ADVANCED_FACE('',(#16009),#16020,.F.);
#16009 = FACE_BOUND('',#16010,.F.);
#16010 = EDGE_LOOP('',(#16011,#16012,#16013,#16014));
#16011 = ORIENTED_EDGE('',*,*,#15933,.F.);
#16012 = ORIENTED_EDGE('',*,*,#13903,.T.);
#16013 = ORIENTED_EDGE('',*,*,#15988,.T.);
#16014 = ORIENTED_EDGE('',*,*,#16015,.F.);
#16015 = EDGE_CURVE('',#15934,#15989,#16016,.T.);
#16016 = LINE('',#16017,#16018);
#16017 = CARTESIAN_POINT('',(-0.16,-23.18,8.54));
#16018 = VECTOR('',#16019,1.);
#16019 = DIRECTION('',(0.,1.,0.));
#16020 = PLANE('',#16021);
#16021 = AXIS2_PLACEMENT_3D('',#16022,#16023,#16024);
#16022 = CARTESIAN_POINT('',(-0.24,-23.18,8.46));
#16023 = DIRECTION('',(0.707106781187,1.735167508357E-18,-0.707106781187
    ));
#16024 = DIRECTION('',(-1.226948711654E-18,1.,1.226948711654E-18));
#16025 = ADVANCED_FACE('',(#16026),#16051,.F.);
#16026 = FACE_BOUND('',#16027,.T.);
#16027 = EDGE_LOOP('',(#16028,#16036,#16037,#16045));
#16028 = ORIENTED_EDGE('',*,*,#16029,.F.);
#16029 = EDGE_CURVE('',#13927,#16030,#16032,.T.);
#16030 = VERTEX_POINT('',#16031);
#16031 = CARTESIAN_POINT('',(-0.16,-0.16,8.54));
#16032 = LINE('',#16033,#16034);
#16033 = CARTESIAN_POINT('',(-0.266666666667,-0.266666666667,
    8.433333333333));
#16034 = VECTOR('',#16035,1.);
#16035 = DIRECTION('',(0.57735026919,0.57735026919,0.57735026919));
#16036 = ORIENTED_EDGE('',*,*,#13934,.T.);
#16037 = ORIENTED_EDGE('',*,*,#16038,.T.);
#16038 = EDGE_CURVE('',#13918,#16039,#16041,.T.);
#16039 = VERTEX_POINT('',#16040);
#16040 = CARTESIAN_POINT('',(0.16,-0.16,8.54));
#16041 = LINE('',#16042,#16043);
#16042 = CARTESIAN_POINT('',(0.16,-0.16,8.54));
#16043 = VECTOR('',#16044,1.);
#16044 = DIRECTION('',(-0.57735026919,0.57735026919,0.57735026919));
#16045 = ORIENTED_EDGE('',*,*,#16046,.F.);
#16046 = EDGE_CURVE('',#16030,#16039,#16047,.T.);
#16047 = LINE('',#16048,#16049);
#16048 = CARTESIAN_POINT('',(-0.32,-0.16,8.54));
#16049 = VECTOR('',#16050,1.);
#16050 = DIRECTION('',(1.,0.,0.));
#16051 = PLANE('',#16052);
#16052 = AXIS2_PLACEMENT_3D('',#16053,#16054,#16055);
#16053 = CARTESIAN_POINT('',(-0.32,-0.24,8.46));
#16054 = DIRECTION('',(-1.735167508357E-18,0.707106781187,
    -0.707106781187));
#16055 = DIRECTION('',(-1.,-1.226948711654E-18,1.226948711654E-18));
#16056 = ADVANCED_FACE('',(#16057),#16075,.T.);
#16057 = FACE_BOUND('',#16058,.T.);
#16058 = EDGE_LOOP('',(#16059,#16060,#16061,#16069));
#16059 = ORIENTED_EDGE('',*,*,#16038,.F.);
#16060 = ORIENTED_EDGE('',*,*,#13958,.T.);
#16061 = ORIENTED_EDGE('',*,*,#16062,.T.);
#16062 = EDGE_CURVE('',#13951,#16063,#16065,.T.);
#16063 = VERTEX_POINT('',#16064);
#16064 = CARTESIAN_POINT('',(0.16,0.16,8.54));
#16065 = LINE('',#16066,#16067);
#16066 = CARTESIAN_POINT('',(5.333333333333E-02,5.333333333333E-02,
    8.646666666667));
#16067 = VECTOR('',#16068,1.);
#16068 = DIRECTION('',(-0.57735026919,-0.57735026919,0.57735026919));
#16069 = ORIENTED_EDGE('',*,*,#16070,.F.);
#16070 = EDGE_CURVE('',#16039,#16063,#16071,.T.);
#16071 = LINE('',#16072,#16073);
#16072 = CARTESIAN_POINT('',(0.16,-0.32,8.54));
#16073 = VECTOR('',#16074,1.);
#16074 = DIRECTION('',(0.,1.,0.));
#16075 = PLANE('',#16076);
#16076 = AXIS2_PLACEMENT_3D('',#16077,#16078,#16079);
#16077 = CARTESIAN_POINT('',(0.24,-0.32,8.46));
#16078 = DIRECTION('',(0.707106781187,-1.735167508357E-18,0.707106781187
    ));
#16079 = DIRECTION('',(1.226948711654E-18,1.,1.226948711654E-18));
#16080 = ADVANCED_FACE('',(#16081),#16099,.T.);
#16081 = FACE_BOUND('',#16082,.F.);
#16082 = EDGE_LOOP('',(#16083,#16091,#16092,#16093));
#16083 = ORIENTED_EDGE('',*,*,#16084,.F.);
#16084 = EDGE_CURVE('',#13975,#16085,#16087,.T.);
#16085 = VERTEX_POINT('',#16086);
#16086 = CARTESIAN_POINT('',(-0.16,0.16,8.54));
#16087 = LINE('',#16088,#16089);
#16088 = CARTESIAN_POINT('',(-0.16,0.16,8.54));
#16089 = VECTOR('',#16090,1.);
#16090 = DIRECTION('',(0.57735026919,-0.57735026919,0.57735026919));
#16091 = ORIENTED_EDGE('',*,*,#13982,.T.);
#16092 = ORIENTED_EDGE('',*,*,#16062,.T.);
#16093 = ORIENTED_EDGE('',*,*,#16094,.F.);
#16094 = EDGE_CURVE('',#16085,#16063,#16095,.T.);
#16095 = LINE('',#16096,#16097);
#16096 = CARTESIAN_POINT('',(-0.32,0.16,8.54));
#16097 = VECTOR('',#16098,1.);
#16098 = DIRECTION('',(1.,0.,0.));
#16099 = PLANE('',#16100);
#16100 = AXIS2_PLACEMENT_3D('',#16101,#16102,#16103);
#16101 = CARTESIAN_POINT('',(-0.32,0.24,8.46));
#16102 = DIRECTION('',(1.735167508357E-18,0.707106781187,0.707106781187)
  );
#16103 = DIRECTION('',(-1.,1.226948711654E-18,1.226948711654E-18));
#16104 = ADVANCED_FACE('',(#16105),#16116,.F.);
#16105 = FACE_BOUND('',#16106,.F.);
#16106 = EDGE_LOOP('',(#16107,#16108,#16109,#16110));
#16107 = ORIENTED_EDGE('',*,*,#16029,.F.);
#16108 = ORIENTED_EDGE('',*,*,#13999,.T.);
#16109 = ORIENTED_EDGE('',*,*,#16084,.T.);
#16110 = ORIENTED_EDGE('',*,*,#16111,.F.);
#16111 = EDGE_CURVE('',#16030,#16085,#16112,.T.);
#16112 = LINE('',#16113,#16114);
#16113 = CARTESIAN_POINT('',(-0.16,-0.32,8.54));
#16114 = VECTOR('',#16115,1.);
#16115 = DIRECTION('',(0.,1.,0.));
#16116 = PLANE('',#16117);
#16117 = AXIS2_PLACEMENT_3D('',#16118,#16119,#16120);
#16118 = CARTESIAN_POINT('',(-0.24,-0.32,8.46));
#16119 = DIRECTION('',(0.707106781187,1.735167508357E-18,-0.707106781187
    ));
#16120 = DIRECTION('',(-1.226948711654E-18,1.,1.226948711654E-18));
#16121 = ADVANCED_FACE('',(#16122),#16147,.T.);
#16122 = FACE_BOUND('',#16123,.T.);
#16123 = EDGE_LOOP('',(#16124,#16132,#16133,#16141));
#16124 = ORIENTED_EDGE('',*,*,#16125,.F.);
#16125 = EDGE_CURVE('',#14014,#16126,#16128,.T.);
#16126 = VERTEX_POINT('',#16127);
#16127 = CARTESIAN_POINT('',(0.16,-25.56,8.54));
#16128 = LINE('',#16129,#16130);
#16129 = CARTESIAN_POINT('',(0.16,-25.56,8.54));
#16130 = VECTOR('',#16131,1.);
#16131 = DIRECTION('',(-0.57735026919,0.57735026919,0.57735026919));
#16132 = ORIENTED_EDGE('',*,*,#14030,.T.);
#16133 = ORIENTED_EDGE('',*,*,#16134,.T.);
#16134 = EDGE_CURVE('',#14023,#16135,#16137,.T.);
#16135 = VERTEX_POINT('',#16136);
#16136 = CARTESIAN_POINT('',(0.16,-25.24,8.54));
#16137 = LINE('',#16138,#16139);
#16138 = CARTESIAN_POINT('',(5.333333333333E-02,-25.34666666666,
    8.646666666667));
#16139 = VECTOR('',#16140,1.);
#16140 = DIRECTION('',(-0.57735026919,-0.57735026919,0.57735026919));
#16141 = ORIENTED_EDGE('',*,*,#16142,.F.);
#16142 = EDGE_CURVE('',#16126,#16135,#16143,.T.);
#16143 = LINE('',#16144,#16145);
#16144 = CARTESIAN_POINT('',(0.16,-25.72,8.54));
#16145 = VECTOR('',#16146,1.);
#16146 = DIRECTION('',(0.,1.,0.));
#16147 = PLANE('',#16148);
#16148 = AXIS2_PLACEMENT_3D('',#16149,#16150,#16151);
#16149 = CARTESIAN_POINT('',(0.24,-25.72,8.46));
#16150 = DIRECTION('',(0.707106781187,-1.735167508357E-18,0.707106781187
    ));
#16151 = DIRECTION('',(1.226948711654E-18,1.,1.226948711654E-18));
#16152 = ADVANCED_FACE('',(#16153),#16171,.T.);
#16153 = FACE_BOUND('',#16154,.F.);
#16154 = EDGE_LOOP('',(#16155,#16163,#16164,#16165));
#16155 = ORIENTED_EDGE('',*,*,#16156,.F.);
#16156 = EDGE_CURVE('',#14047,#16157,#16159,.T.);
#16157 = VERTEX_POINT('',#16158);
#16158 = CARTESIAN_POINT('',(-0.16,-25.24,8.54));
#16159 = LINE('',#16160,#16161);
#16160 = CARTESIAN_POINT('',(-0.16,-25.24,8.54));
#16161 = VECTOR('',#16162,1.);
#16162 = DIRECTION('',(0.57735026919,-0.57735026919,0.57735026919));
#16163 = ORIENTED_EDGE('',*,*,#14054,.T.);
#16164 = ORIENTED_EDGE('',*,*,#16134,.T.);
#16165 = ORIENTED_EDGE('',*,*,#16166,.F.);
#16166 = EDGE_CURVE('',#16157,#16135,#16167,.T.);
#16167 = LINE('',#16168,#16169);
#16168 = CARTESIAN_POINT('',(-0.32,-25.24,8.54));
#16169 = VECTOR('',#16170,1.);
#16170 = DIRECTION('',(1.,0.,0.));
#16171 = PLANE('',#16172);
#16172 = AXIS2_PLACEMENT_3D('',#16173,#16174,#16175);
#16173 = CARTESIAN_POINT('',(-0.32,-25.16,8.46));
#16174 = DIRECTION('',(1.735167508357E-18,0.707106781187,0.707106781187)
  );
#16175 = DIRECTION('',(-1.,1.226948711654E-18,1.226948711654E-18));
#16176 = ADVANCED_FACE('',(#16177),#16195,.F.);
#16177 = FACE_BOUND('',#16178,.F.);
#16178 = EDGE_LOOP('',(#16179,#16187,#16188,#16189));
#16179 = ORIENTED_EDGE('',*,*,#16180,.F.);
#16180 = EDGE_CURVE('',#14069,#16181,#16183,.T.);
#16181 = VERTEX_POINT('',#16182);
#16182 = CARTESIAN_POINT('',(-0.16,-25.56,8.54));
#16183 = LINE('',#16184,#16185);
#16184 = CARTESIAN_POINT('',(-0.266666666667,-25.66666666666,
    8.433333333333));
#16185 = VECTOR('',#16186,1.);
#16186 = DIRECTION('',(0.57735026919,0.57735026919,0.57735026919));
#16187 = ORIENTED_EDGE('',*,*,#14078,.T.);
#16188 = ORIENTED_EDGE('',*,*,#16156,.T.);
#16189 = ORIENTED_EDGE('',*,*,#16190,.F.);
#16190 = EDGE_CURVE('',#16181,#16157,#16191,.T.);
#16191 = LINE('',#16192,#16193);
#16192 = CARTESIAN_POINT('',(-0.16,-25.72,8.54));
#16193 = VECTOR('',#16194,1.);
#16194 = DIRECTION('',(0.,1.,0.));
#16195 = PLANE('',#16196);
#16196 = AXIS2_PLACEMENT_3D('',#16197,#16198,#16199);
#16197 = CARTESIAN_POINT('',(-0.24,-25.72,8.46));
#16198 = DIRECTION('',(0.707106781187,1.735167508357E-18,-0.707106781187
    ));
#16199 = DIRECTION('',(-1.226948711654E-18,1.,1.226948711654E-18));
#16200 = ADVANCED_FACE('',(#16201),#16212,.F.);
#16201 = FACE_BOUND('',#16202,.T.);
#16202 = EDGE_LOOP('',(#16203,#16204,#16205,#16206));
#16203 = ORIENTED_EDGE('',*,*,#16180,.F.);
#16204 = ORIENTED_EDGE('',*,*,#14095,.T.);
#16205 = ORIENTED_EDGE('',*,*,#16125,.T.);
#16206 = ORIENTED_EDGE('',*,*,#16207,.F.);
#16207 = EDGE_CURVE('',#16181,#16126,#16208,.T.);
#16208 = LINE('',#16209,#16210);
#16209 = CARTESIAN_POINT('',(-0.32,-25.56,8.54));
#16210 = VECTOR('',#16211,1.);
#16211 = DIRECTION('',(1.,0.,0.));
#16212 = PLANE('',#16213);
#16213 = AXIS2_PLACEMENT_3D('',#16214,#16215,#16216);
#16214 = CARTESIAN_POINT('',(-0.32,-25.64,8.46));
#16215 = DIRECTION('',(-1.735167508357E-18,0.707106781187,
    -0.707106781187));
#16216 = DIRECTION('',(-1.,-1.226948711654E-18,1.226948711654E-18));
#16217 = ADVANCED_FACE('',(#16218),#16224,.F.);
#16218 = FACE_BOUND('',#16219,.F.);
#16219 = EDGE_LOOP('',(#16220,#16221,#16222,#16223));
#16220 = ORIENTED_EDGE('',*,*,#14150,.F.);
#16221 = ORIENTED_EDGE('',*,*,#14174,.F.);
#16222 = ORIENTED_EDGE('',*,*,#14191,.T.);
#16223 = ORIENTED_EDGE('',*,*,#14126,.T.);
#16224 = PLANE('',#16225);
#16225 = AXIS2_PLACEMENT_3D('',#16226,#16227,#16228);
#16226 = CARTESIAN_POINT('',(-0.32,-18.1,-3.));
#16227 = DIRECTION('',(0.,0.,1.));
#16228 = DIRECTION('',(1.,0.,-0.));
#16229 = ADVANCED_FACE('',(#16230),#16236,.F.);
#16230 = FACE_BOUND('',#16231,.F.);
#16231 = EDGE_LOOP('',(#16232,#16233,#16234,#16235));
#16232 = ORIENTED_EDGE('',*,*,#14246,.F.);
#16233 = ORIENTED_EDGE('',*,*,#14270,.F.);
#16234 = ORIENTED_EDGE('',*,*,#14287,.T.);
#16235 = ORIENTED_EDGE('',*,*,#14222,.T.);
#16236 = PLANE('',#16237);
#16237 = AXIS2_PLACEMENT_3D('',#16238,#16239,#16240);
#16238 = CARTESIAN_POINT('',(-0.32,-15.56,-3.));
#16239 = DIRECTION('',(0.,0.,1.));
#16240 = DIRECTION('',(1.,0.,-0.));
#16241 = ADVANCED_FACE('',(#16242),#16248,.F.);
#16242 = FACE_BOUND('',#16243,.F.);
#16243 = EDGE_LOOP('',(#16244,#16245,#16246,#16247));
#16244 = ORIENTED_EDGE('',*,*,#14342,.F.);
#16245 = ORIENTED_EDGE('',*,*,#14366,.F.);
#16246 = ORIENTED_EDGE('',*,*,#14383,.T.);
#16247 = ORIENTED_EDGE('',*,*,#14318,.T.);
#16248 = PLANE('',#16249);
#16249 = AXIS2_PLACEMENT_3D('',#16250,#16251,#16252);
#16250 = CARTESIAN_POINT('',(-0.32,-13.02,-3.));
#16251 = DIRECTION('',(0.,0.,1.));
#16252 = DIRECTION('',(1.,0.,-0.));
#16253 = ADVANCED_FACE('',(#16254),#16260,.F.);
#16254 = FACE_BOUND('',#16255,.F.);
#16255 = EDGE_LOOP('',(#16256,#16257,#16258,#16259));
#16256 = ORIENTED_EDGE('',*,*,#14438,.F.);
#16257 = ORIENTED_EDGE('',*,*,#14462,.F.);
#16258 = ORIENTED_EDGE('',*,*,#14479,.T.);
#16259 = ORIENTED_EDGE('',*,*,#14414,.T.);
#16260 = PLANE('',#16261);
#16261 = AXIS2_PLACEMENT_3D('',#16262,#16263,#16264);
#16262 = CARTESIAN_POINT('',(-0.32,-2.86,-3.));
#16263 = DIRECTION('',(0.,0.,1.));
#16264 = DIRECTION('',(1.,0.,-0.));
#16265 = ADVANCED_FACE('',(#16266),#16272,.F.);
#16266 = FACE_BOUND('',#16267,.F.);
#16267 = EDGE_LOOP('',(#16268,#16269,#16270,#16271));
#16268 = ORIENTED_EDGE('',*,*,#14534,.F.);
#16269 = ORIENTED_EDGE('',*,*,#14558,.F.);
#16270 = ORIENTED_EDGE('',*,*,#14575,.T.);
#16271 = ORIENTED_EDGE('',*,*,#14510,.T.);
#16272 = PLANE('',#16273);
#16273 = AXIS2_PLACEMENT_3D('',#16274,#16275,#16276);
#16274 = CARTESIAN_POINT('',(-0.32,-5.4,-3.));
#16275 = DIRECTION('',(0.,0.,1.));
#16276 = DIRECTION('',(1.,0.,-0.));
#16277 = ADVANCED_FACE('',(#16278),#16284,.F.);
#16278 = FACE_BOUND('',#16279,.F.);
#16279 = EDGE_LOOP('',(#16280,#16281,#16282,#16283));
#16280 = ORIENTED_EDGE('',*,*,#14654,.F.);
#16281 = ORIENTED_EDGE('',*,*,#14671,.F.);
#16282 = ORIENTED_EDGE('',*,*,#14606,.T.);
#16283 = ORIENTED_EDGE('',*,*,#14630,.T.);
#16284 = PLANE('',#16285);
#16285 = AXIS2_PLACEMENT_3D('',#16286,#16287,#16288);
#16286 = CARTESIAN_POINT('',(-0.32,-10.48,-3.));
#16287 = DIRECTION('',(0.,0.,1.));
#16288 = DIRECTION('',(1.,0.,-0.));
#16289 = ADVANCED_FACE('',(#16290),#16296,.F.);
#16290 = FACE_BOUND('',#16291,.F.);
#16291 = EDGE_LOOP('',(#16292,#16293,#16294,#16295));
#16292 = ORIENTED_EDGE('',*,*,#14750,.F.);
#16293 = ORIENTED_EDGE('',*,*,#14767,.F.);
#16294 = ORIENTED_EDGE('',*,*,#14702,.T.);
#16295 = ORIENTED_EDGE('',*,*,#14726,.T.);
#16296 = PLANE('',#16297);
#16297 = AXIS2_PLACEMENT_3D('',#16298,#16299,#16300);
#16298 = CARTESIAN_POINT('',(-0.32,-7.94,-3.));
#16299 = DIRECTION('',(0.,0.,1.));
#16300 = DIRECTION('',(1.,0.,-0.));
#16301 = ADVANCED_FACE('',(#16302),#16308,.F.);
#16302 = FACE_BOUND('',#16303,.F.);
#16303 = EDGE_LOOP('',(#16304,#16305,#16306,#16307));
#16304 = ORIENTED_EDGE('',*,*,#14846,.F.);
#16305 = ORIENTED_EDGE('',*,*,#14863,.F.);
#16306 = ORIENTED_EDGE('',*,*,#14798,.T.);
#16307 = ORIENTED_EDGE('',*,*,#14822,.T.);
#16308 = PLANE('',#16309);
#16309 = AXIS2_PLACEMENT_3D('',#16310,#16311,#16312);
#16310 = CARTESIAN_POINT('',(-0.32,-20.64,-3.));
#16311 = DIRECTION('',(0.,0.,1.));
#16312 = DIRECTION('',(1.,0.,-0.));
#16313 = ADVANCED_FACE('',(#16314),#16320,.F.);
#16314 = FACE_BOUND('',#16315,.F.);
#16315 = EDGE_LOOP('',(#16316,#16317,#16318,#16319));
#16316 = ORIENTED_EDGE('',*,*,#14942,.F.);
#16317 = ORIENTED_EDGE('',*,*,#14959,.F.);
#16318 = ORIENTED_EDGE('',*,*,#14894,.T.);
#16319 = ORIENTED_EDGE('',*,*,#14918,.T.);
#16320 = PLANE('',#16321);
#16321 = AXIS2_PLACEMENT_3D('',#16322,#16323,#16324);
#16322 = CARTESIAN_POINT('',(-0.32,-23.18,-3.));
#16323 = DIRECTION('',(0.,0.,1.));
#16324 = DIRECTION('',(1.,0.,-0.));
#16325 = ADVANCED_FACE('',(#16326),#16332,.F.);
#16326 = FACE_BOUND('',#16327,.F.);
#16327 = EDGE_LOOP('',(#16328,#16329,#16330,#16331));
#16328 = ORIENTED_EDGE('',*,*,#15038,.F.);
#16329 = ORIENTED_EDGE('',*,*,#15055,.F.);
#16330 = ORIENTED_EDGE('',*,*,#14990,.T.);
#16331 = ORIENTED_EDGE('',*,*,#15014,.T.);
#16332 = PLANE('',#16333);
#16333 = AXIS2_PLACEMENT_3D('',#16334,#16335,#16336);
#16334 = CARTESIAN_POINT('',(-0.32,-0.32,-3.));
#16335 = DIRECTION('',(0.,0.,1.));
#16336 = DIRECTION('',(1.,0.,-0.));
#16337 = ADVANCED_FACE('',(#16338),#16344,.F.);
#16338 = FACE_BOUND('',#16339,.F.);
#16339 = EDGE_LOOP('',(#16340,#16341,#16342,#16343));
#16340 = ORIENTED_EDGE('',*,*,#15110,.F.);
#16341 = ORIENTED_EDGE('',*,*,#15134,.F.);
#16342 = ORIENTED_EDGE('',*,*,#15151,.T.);
#16343 = ORIENTED_EDGE('',*,*,#15086,.T.);
#16344 = PLANE('',#16345);
#16345 = AXIS2_PLACEMENT_3D('',#16346,#16347,#16348);
#16346 = CARTESIAN_POINT('',(-0.32,-25.72,-3.));
#16347 = DIRECTION('',(0.,0.,1.));
#16348 = DIRECTION('',(1.,0.,-0.));
#16349 = ADVANCED_FACE('',(#16350),#16356,.T.);
#16350 = FACE_BOUND('',#16351,.T.);
#16351 = EDGE_LOOP('',(#16352,#16353,#16354,#16355));
#16352 = ORIENTED_EDGE('',*,*,#15230,.F.);
#16353 = ORIENTED_EDGE('',*,*,#15247,.T.);
#16354 = ORIENTED_EDGE('',*,*,#15182,.T.);
#16355 = ORIENTED_EDGE('',*,*,#15206,.F.);
#16356 = PLANE('',#16357);
#16357 = AXIS2_PLACEMENT_3D('',#16358,#16359,#16360);
#16358 = CARTESIAN_POINT('',(-0.32,-18.1,8.54));
#16359 = DIRECTION('',(0.,0.,1.));
#16360 = DIRECTION('',(1.,0.,-0.));
#16361 = ADVANCED_FACE('',(#16362),#16368,.T.);
#16362 = FACE_BOUND('',#16363,.T.);
#16363 = EDGE_LOOP('',(#16364,#16365,#16366,#16367));
#16364 = ORIENTED_EDGE('',*,*,#15326,.F.);
#16365 = ORIENTED_EDGE('',*,*,#15343,.T.);
#16366 = ORIENTED_EDGE('',*,*,#15278,.T.);
#16367 = ORIENTED_EDGE('',*,*,#15302,.F.);
#16368 = PLANE('',#16369);
#16369 = AXIS2_PLACEMENT_3D('',#16370,#16371,#16372);
#16370 = CARTESIAN_POINT('',(-0.32,-15.56,8.54));
#16371 = DIRECTION('',(0.,0.,1.));
#16372 = DIRECTION('',(1.,0.,-0.));
#16373 = ADVANCED_FACE('',(#16374),#16380,.T.);
#16374 = FACE_BOUND('',#16375,.T.);
#16375 = EDGE_LOOP('',(#16376,#16377,#16378,#16379));
#16376 = ORIENTED_EDGE('',*,*,#15422,.F.);
#16377 = ORIENTED_EDGE('',*,*,#15439,.T.);
#16378 = ORIENTED_EDGE('',*,*,#15374,.T.);
#16379 = ORIENTED_EDGE('',*,*,#15398,.F.);
#16380 = PLANE('',#16381);
#16381 = AXIS2_PLACEMENT_3D('',#16382,#16383,#16384);
#16382 = CARTESIAN_POINT('',(-0.32,-13.02,8.54));
#16383 = DIRECTION('',(0.,0.,1.));
#16384 = DIRECTION('',(1.,0.,-0.));
#16385 = ADVANCED_FACE('',(#16386),#16392,.T.);
#16386 = FACE_BOUND('',#16387,.T.);
#16387 = EDGE_LOOP('',(#16388,#16389,#16390,#16391));
#16388 = ORIENTED_EDGE('',*,*,#15518,.F.);
#16389 = ORIENTED_EDGE('',*,*,#15535,.T.);
#16390 = ORIENTED_EDGE('',*,*,#15470,.T.);
#16391 = ORIENTED_EDGE('',*,*,#15494,.F.);
#16392 = PLANE('',#16393);
#16393 = AXIS2_PLACEMENT_3D('',#16394,#16395,#16396);
#16394 = CARTESIAN_POINT('',(-0.32,-2.86,8.54));
#16395 = DIRECTION('',(0.,0.,1.));
#16396 = DIRECTION('',(1.,0.,-0.));
#16397 = ADVANCED_FACE('',(#16398),#16404,.T.);
#16398 = FACE_BOUND('',#16399,.T.);
#16399 = EDGE_LOOP('',(#16400,#16401,#16402,#16403));
#16400 = ORIENTED_EDGE('',*,*,#15614,.F.);
#16401 = ORIENTED_EDGE('',*,*,#15631,.T.);
#16402 = ORIENTED_EDGE('',*,*,#15566,.T.);
#16403 = ORIENTED_EDGE('',*,*,#15590,.F.);
#16404 = PLANE('',#16405);
#16405 = AXIS2_PLACEMENT_3D('',#16406,#16407,#16408);
#16406 = CARTESIAN_POINT('',(-0.32,-5.4,8.54));
#16407 = DIRECTION('',(0.,0.,1.));
#16408 = DIRECTION('',(1.,0.,-0.));
#16409 = ADVANCED_FACE('',(#16410),#16416,.T.);
#16410 = FACE_BOUND('',#16411,.T.);
#16411 = EDGE_LOOP('',(#16412,#16413,#16414,#16415));
#16412 = ORIENTED_EDGE('',*,*,#15727,.F.);
#16413 = ORIENTED_EDGE('',*,*,#15662,.T.);
#16414 = ORIENTED_EDGE('',*,*,#15686,.T.);
#16415 = ORIENTED_EDGE('',*,*,#15710,.F.);
#16416 = PLANE('',#16417);
#16417 = AXIS2_PLACEMENT_3D('',#16418,#16419,#16420);
#16418 = CARTESIAN_POINT('',(-0.32,-10.48,8.54));
#16419 = DIRECTION('',(0.,0.,1.));
#16420 = DIRECTION('',(1.,0.,-0.));
#16421 = ADVANCED_FACE('',(#16422),#16428,.T.);
#16422 = FACE_BOUND('',#16423,.T.);
#16423 = EDGE_LOOP('',(#16424,#16425,#16426,#16427));
#16424 = ORIENTED_EDGE('',*,*,#15823,.F.);
#16425 = ORIENTED_EDGE('',*,*,#15758,.T.);
#16426 = ORIENTED_EDGE('',*,*,#15782,.T.);
#16427 = ORIENTED_EDGE('',*,*,#15806,.F.);
#16428 = PLANE('',#16429);
#16429 = AXIS2_PLACEMENT_3D('',#16430,#16431,#16432);
#16430 = CARTESIAN_POINT('',(-0.32,-7.94,8.54));
#16431 = DIRECTION('',(0.,0.,1.));
#16432 = DIRECTION('',(1.,0.,-0.));
#16433 = ADVANCED_FACE('',(#16434),#16440,.T.);
#16434 = FACE_BOUND('',#16435,.T.);
#16435 = EDGE_LOOP('',(#16436,#16437,#16438,#16439));
#16436 = ORIENTED_EDGE('',*,*,#15919,.F.);
#16437 = ORIENTED_EDGE('',*,*,#15854,.T.);
#16438 = ORIENTED_EDGE('',*,*,#15878,.T.);
#16439 = ORIENTED_EDGE('',*,*,#15902,.F.);
#16440 = PLANE('',#16441);
#16441 = AXIS2_PLACEMENT_3D('',#16442,#16443,#16444);
#16442 = CARTESIAN_POINT('',(-0.32,-20.64,8.54));
#16443 = DIRECTION('',(0.,0.,1.));
#16444 = DIRECTION('',(1.,0.,-0.));
#16445 = ADVANCED_FACE('',(#16446),#16452,.T.);
#16446 = FACE_BOUND('',#16447,.T.);
#16447 = EDGE_LOOP('',(#16448,#16449,#16450,#16451));
#16448 = ORIENTED_EDGE('',*,*,#16015,.F.);
#16449 = ORIENTED_EDGE('',*,*,#15950,.T.);
#16450 = ORIENTED_EDGE('',*,*,#15974,.T.);
#16451 = ORIENTED_EDGE('',*,*,#15998,.F.);
#16452 = PLANE('',#16453);
#16453 = AXIS2_PLACEMENT_3D('',#16454,#16455,#16456);
#16454 = CARTESIAN_POINT('',(-0.32,-23.18,8.54));
#16455 = DIRECTION('',(0.,0.,1.));
#16456 = DIRECTION('',(1.,0.,-0.));
#16457 = ADVANCED_FACE('',(#16458),#16464,.T.);
#16458 = FACE_BOUND('',#16459,.T.);
#16459 = EDGE_LOOP('',(#16460,#16461,#16462,#16463));
#16460 = ORIENTED_EDGE('',*,*,#16111,.F.);
#16461 = ORIENTED_EDGE('',*,*,#16046,.T.);
#16462 = ORIENTED_EDGE('',*,*,#16070,.T.);
#16463 = ORIENTED_EDGE('',*,*,#16094,.F.);
#16464 = PLANE('',#16465);
#16465 = AXIS2_PLACEMENT_3D('',#16466,#16467,#16468);
#16466 = CARTESIAN_POINT('',(-0.32,-0.32,8.54));
#16467 = DIRECTION('',(0.,0.,1.));
#16468 = DIRECTION('',(1.,0.,-0.));
#16469 = ADVANCED_FACE('',(#16470),#16476,.T.);
#16470 = FACE_BOUND('',#16471,.T.);
#16471 = EDGE_LOOP('',(#16472,#16473,#16474,#16475));
#16472 = ORIENTED_EDGE('',*,*,#16190,.F.);
#16473 = ORIENTED_EDGE('',*,*,#16207,.T.);
#16474 = ORIENTED_EDGE('',*,*,#16142,.T.);
#16475 = ORIENTED_EDGE('',*,*,#16166,.F.);
#16476 = PLANE('',#16477);
#16477 = AXIS2_PLACEMENT_3D('',#16478,#16479,#16480);
#16478 = CARTESIAN_POINT('',(-0.32,-25.72,8.54));
#16479 = DIRECTION('',(0.,0.,1.));
#16480 = DIRECTION('',(1.,0.,-0.));
#16481 = ( GEOMETRIC_REPRESENTATION_CONTEXT(3) 
GLOBAL_UNCERTAINTY_ASSIGNED_CONTEXT((#16485)) 
GLOBAL_UNIT_ASSIGNED_CONTEXT((#16482,#16483,#16484)) 
REPRESENTATION_CONTEXT('Context #1',
  '3D Context with UNIT and UNCERTAINTY') );
#16482 = ( LENGTH_UNIT() NAMED_UNIT(*) SI_UNIT(.MILLI.,.METRE.) );
#16483 = ( NAMED_UNIT(*) PLANE_ANGLE_UNIT() SI_UNIT($,.RADIAN.) );
#16484 = ( NAMED_UNIT(*) SI_UNIT($,.STERADIAN.) SOLID_ANGLE_UNIT() );
#16485 = UNCERTAINTY_MEASURE_WITH_UNIT(LENGTH_MEASURE(1.E-07),#16482,
  'distance_accuracy_value','confusion accuracy');
#16486 = CONTEXT_DEPENDENT_SHAPE_REPRESENTATION(#16487,#16489);
#16487 = ( REPRESENTATION_RELATIONSHIP('','',#8982,#8959) 
REPRESENTATION_RELATIONSHIP_WITH_TRANSFORMATION(#16488) 
SHAPE_REPRESENTATION_RELATIONSHIP() );
#16488 = ITEM_DEFINED_TRANSFORMATION('','',#11,#8960);
#16489 = PRODUCT_DEFINITION_SHAPE('Placement','Placement of an item',
  #16490);
#16490 = NEXT_ASSEMBLY_USAGE_OCCURRENCE('16','=>[0:1:1:13]','',#8954,
  #8977,$);
#16491 = PRODUCT_RELATED_PRODUCT_CATEGORY('part',$,(#8979));
#16492 = CONTEXT_DEPENDENT_SHAPE_REPRESENTATION(#16493,#16495);
#16493 = ( REPRESENTATION_RELATIONSHIP('','',#8959,#10) 
REPRESENTATION_RELATIONSHIP_WITH_TRANSFORMATION(#16494) 
SHAPE_REPRESENTATION_RELATIONSHIP() );
#16494 = ITEM_DEFINED_TRANSFORMATION('','',#11,#59);
#16495 = PRODUCT_DEFINITION_SHAPE('Placement','Placement of an item',
  #16496);
#16496 = NEXT_ASSEMBLY_USAGE_OCCURRENCE('18','J6','',#5,#8954,$);
#16497 = SHAPE_DEFINITION_REPRESENTATION(#16498,#16504);
#16498 = PRODUCT_DEFINITION_SHAPE('','',#16499);
#16499 = PRODUCT_DEFINITION('design','',#16500,#16503);
#16500 = PRODUCT_DEFINITION_FORMATION('','',#16501);
#16501 = PRODUCT('Ope5775_PCB','Ope5775_PCB','',(#16502));
#16502 = PRODUCT_CONTEXT('',#2,'mechanical');
#16503 = PRODUCT_DEFINITION_CONTEXT('part definition',#2,'design');
#16504 = ADVANCED_BREP_SHAPE_REPRESENTATION('',(#11,#16505),#18355);
#16505 = MANIFOLD_SOLID_BREP('',#16506);
#16506 = CLOSED_SHELL('',(#16507,#16549,#16580,#16611,#17103,#17595,
    #17612,#17629,#17646,#17663,#17675,#17692,#17709,#17726,#17743,
    #17760,#17777,#17794,#17811,#17828,#17845,#17862,#17879,#17896,
    #17913,#17930,#17947,#17964,#17981,#17998,#18015,#18032,#18049,
    #18066,#18083,#18100,#18117,#18134,#18151,#18168,#18185,#18202,
    #18219,#18236,#18253,#18270,#18287,#18304,#18321,#18338));
#16507 = ADVANCED_FACE('',(#16508),#16544,.T.);
#16508 = FACE_BOUND('',#16509,.T.);
#16509 = EDGE_LOOP('',(#16510,#16520,#16529,#16537));
#16510 = ORIENTED_EDGE('',*,*,#16511,.T.);
#16511 = EDGE_CURVE('',#16512,#16514,#16516,.T.);
#16512 = VERTEX_POINT('',#16513);
#16513 = CARTESIAN_POINT('',(151.34889,-66.895139,0.));
#16514 = VERTEX_POINT('',#16515);
#16515 = CARTESIAN_POINT('',(151.34889,-66.895139,1.51));
#16516 = LINE('',#16517,#16518);
#16517 = CARTESIAN_POINT('',(151.34889,-66.895139,0.));
#16518 = VECTOR('',#16519,1.);
#16519 = DIRECTION('',(0.,0.,1.));
#16520 = ORIENTED_EDGE('',*,*,#16521,.T.);
#16521 = EDGE_CURVE('',#16514,#16522,#16524,.T.);
#16522 = VERTEX_POINT('',#16523);
#16523 = CARTESIAN_POINT('',(155.03889,-70.585139,1.51));
#16524 = CIRCLE('',#16525,3.690000077087);
#16525 = AXIS2_PLACEMENT_3D('',#16526,#16527,#16528);
#16526 = CARTESIAN_POINT('',(151.34888992291,-70.58513907708,1.51));
#16527 = DIRECTION('',(0.,0.,-1.));
#16528 = DIRECTION('',(2.089088798051E-08,1.,0.));
#16529 = ORIENTED_EDGE('',*,*,#16530,.F.);
#16530 = EDGE_CURVE('',#16531,#16522,#16533,.T.);
#16531 = VERTEX_POINT('',#16532);
#16532 = CARTESIAN_POINT('',(155.03889,-70.585139,0.));
#16533 = LINE('',#16534,#16535);
#16534 = CARTESIAN_POINT('',(155.03889,-70.585139,0.));
#16535 = VECTOR('',#16536,1.);
#16536 = DIRECTION('',(0.,0.,1.));
#16537 = ORIENTED_EDGE('',*,*,#16538,.F.);
#16538 = EDGE_CURVE('',#16512,#16531,#16539,.T.);
#16539 = CIRCLE('',#16540,3.690000077087);
#16540 = AXIS2_PLACEMENT_3D('',#16541,#16542,#16543);
#16541 = CARTESIAN_POINT('',(151.34888992291,-70.58513907708,0.));
#16542 = DIRECTION('',(0.,0.,-1.));
#16543 = DIRECTION('',(2.089088798051E-08,1.,0.));
#16544 = CYLINDRICAL_SURFACE('',#16545,3.690000077087);
#16545 = AXIS2_PLACEMENT_3D('',#16546,#16547,#16548);
#16546 = CARTESIAN_POINT('',(151.34888992291,-70.58513907708,0.));
#16547 = DIRECTION('',(0.,0.,-1.));
#16548 = DIRECTION('',(2.089088798051E-08,1.,0.));
#16549 = ADVANCED_FACE('',(#16550),#16575,.T.);
#16550 = FACE_BOUND('',#16551,.T.);
#16551 = EDGE_LOOP('',(#16552,#16562,#16568,#16569));
#16552 = ORIENTED_EDGE('',*,*,#16553,.T.);
#16553 = EDGE_CURVE('',#16554,#16556,#16558,.T.);
#16554 = VERTEX_POINT('',#16555);
#16555 = CARTESIAN_POINT('',(129.60889,-66.895139,0.));
#16556 = VERTEX_POINT('',#16557);
#16557 = CARTESIAN_POINT('',(129.60889,-66.895139,1.51));
#16558 = LINE('',#16559,#16560);
#16559 = CARTESIAN_POINT('',(129.60889,-66.895139,0.));
#16560 = VECTOR('',#16561,1.);
#16561 = DIRECTION('',(0.,0.,1.));
#16562 = ORIENTED_EDGE('',*,*,#16563,.T.);
#16563 = EDGE_CURVE('',#16556,#16514,#16564,.T.);
#16564 = LINE('',#16565,#16566);
#16565 = CARTESIAN_POINT('',(129.60889,-66.895139,1.51));
#16566 = VECTOR('',#16567,1.);
#16567 = DIRECTION('',(1.,0.,0.));
#16568 = ORIENTED_EDGE('',*,*,#16511,.F.);
#16569 = ORIENTED_EDGE('',*,*,#16570,.F.);
#16570 = EDGE_CURVE('',#16554,#16512,#16571,.T.);
#16571 = LINE('',#16572,#16573);
#16572 = CARTESIAN_POINT('',(129.60889,-66.895139,0.));
#16573 = VECTOR('',#16574,1.);
#16574 = DIRECTION('',(1.,0.,0.));
#16575 = PLANE('',#16576);
#16576 = AXIS2_PLACEMENT_3D('',#16577,#16578,#16579);
#16577 = CARTESIAN_POINT('',(129.60889,-66.895139,0.));
#16578 = DIRECTION('',(0.,1.,0.));
#16579 = DIRECTION('',(1.,0.,0.));
#16580 = ADVANCED_FACE('',(#16581),#16606,.T.);
#16581 = FACE_BOUND('',#16582,.T.);
#16582 = EDGE_LOOP('',(#16583,#16584,#16592,#16600));
#16583 = ORIENTED_EDGE('',*,*,#16530,.T.);
#16584 = ORIENTED_EDGE('',*,*,#16585,.T.);
#16585 = EDGE_CURVE('',#16522,#16586,#16588,.T.);
#16586 = VERTEX_POINT('',#16587);
#16587 = CARTESIAN_POINT('',(155.03889,-107.205139,1.51));
#16588 = LINE('',#16589,#16590);
#16589 = CARTESIAN_POINT('',(155.03889,-70.585139,1.51));
#16590 = VECTOR('',#16591,1.);
#16591 = DIRECTION('',(0.,-1.,0.));
#16592 = ORIENTED_EDGE('',*,*,#16593,.F.);
#16593 = EDGE_CURVE('',#16594,#16586,#16596,.T.);
#16594 = VERTEX_POINT('',#16595);
#16595 = CARTESIAN_POINT('',(155.03889,-107.205139,0.));
#16596 = LINE('',#16597,#16598);
#16597 = CARTESIAN_POINT('',(155.03889,-107.205139,0.));
#16598 = VECTOR('',#16599,1.);
#16599 = DIRECTION('',(0.,0.,1.));
#16600 = ORIENTED_EDGE('',*,*,#16601,.F.);
#16601 = EDGE_CURVE('',#16531,#16594,#16602,.T.);
#16602 = LINE('',#16603,#16604);
#16603 = CARTESIAN_POINT('',(155.03889,-70.585139,0.));
#16604 = VECTOR('',#16605,1.);
#16605 = DIRECTION('',(0.,-1.,0.));
#16606 = PLANE('',#16607);
#16607 = AXIS2_PLACEMENT_3D('',#16608,#16609,#16610);
#16608 = CARTESIAN_POINT('',(155.03889,-70.585139,0.));
#16609 = DIRECTION('',(1.,0.,-0.));
#16610 = DIRECTION('',(0.,-1.,0.));
#16611 = ADVANCED_FACE('',(#16612,#16658,#16669,#16680,#16691,#16702,
    #16713,#16724,#16735,#16746,#16757,#16768,#16779,#16790,#16801,
    #16812,#16823,#16834,#16845,#16856,#16867,#16878,#16889,#16900,
    #16911,#16922,#16933,#16944,#16955,#16966,#16977,#16988,#16999,
    #17010,#17021,#17032,#17043,#17054,#17065,#17076,#17087),#17098,.F.
  );
#16612 = FACE_BOUND('',#16613,.F.);
#16613 = EDGE_LOOP('',(#16614,#16615,#16616,#16625,#16633,#16642,#16650,
    #16657));
#16614 = ORIENTED_EDGE('',*,*,#16538,.F.);
#16615 = ORIENTED_EDGE('',*,*,#16570,.F.);
#16616 = ORIENTED_EDGE('',*,*,#16617,.F.);
#16617 = EDGE_CURVE('',#16618,#16554,#16620,.T.);
#16618 = VERTEX_POINT('',#16619);
#16619 = CARTESIAN_POINT('',(125.91889,-70.585139,0.));
#16620 = CIRCLE('',#16621,3.690000077087);
#16621 = AXIS2_PLACEMENT_3D('',#16622,#16623,#16624);
#16622 = CARTESIAN_POINT('',(129.60889007708,-70.58513907708,0.));
#16623 = DIRECTION('',(0.,0.,-1.));
#16624 = DIRECTION('',(-1.,2.089088412933E-08,0.));
#16625 = ORIENTED_EDGE('',*,*,#16626,.F.);
#16626 = EDGE_CURVE('',#16627,#16618,#16629,.T.);
#16627 = VERTEX_POINT('',#16628);
#16628 = CARTESIAN_POINT('',(125.91889,-107.205139,0.));
#16629 = LINE('',#16630,#16631);
#16630 = CARTESIAN_POINT('',(125.91889,-107.205139,0.));
#16631 = VECTOR('',#16632,1.);
#16632 = DIRECTION('',(0.,1.,0.));
#16633 = ORIENTED_EDGE('',*,*,#16634,.F.);
#16634 = EDGE_CURVE('',#16635,#16627,#16637,.T.);
#16635 = VERTEX_POINT('',#16636);
#16636 = CARTESIAN_POINT('',(129.60889,-110.895139,0.));
#16637 = CIRCLE('',#16638,3.690000077087);
#16638 = AXIS2_PLACEMENT_3D('',#16639,#16640,#16641);
#16639 = CARTESIAN_POINT('',(129.60889007708,-107.2051389229,0.));
#16640 = DIRECTION('',(0.,0.,-1.));
#16641 = DIRECTION('',(-2.089088027815E-08,-1.,-0.));
#16642 = ORIENTED_EDGE('',*,*,#16643,.F.);
#16643 = EDGE_CURVE('',#16644,#16635,#16646,.T.);
#16644 = VERTEX_POINT('',#16645);
#16645 = CARTESIAN_POINT('',(151.34889,-110.895139,0.));
#16646 = LINE('',#16647,#16648);
#16647 = CARTESIAN_POINT('',(151.34889,-110.895139,0.));
#16648 = VECTOR('',#16649,1.);
#16649 = DIRECTION('',(-1.,0.,0.));
#16650 = ORIENTED_EDGE('',*,*,#16651,.F.);
#16651 = EDGE_CURVE('',#16594,#16644,#16652,.T.);
#16652 = CIRCLE('',#16653,3.690000077087);
#16653 = AXIS2_PLACEMENT_3D('',#16654,#16655,#16656);
#16654 = CARTESIAN_POINT('',(151.34888992291,-107.2051389229,0.));
#16655 = DIRECTION('',(0.,0.,-1.));
#16656 = DIRECTION('',(1.,-2.089088798051E-08,0.));
#16657 = ORIENTED_EDGE('',*,*,#16601,.F.);
#16658 = FACE_BOUND('',#16659,.F.);
#16659 = EDGE_LOOP('',(#16660));
#16660 = ORIENTED_EDGE('',*,*,#16661,.F.);
#16661 = EDGE_CURVE('',#16662,#16662,#16664,.T.);
#16662 = VERTEX_POINT('',#16663);
#16663 = CARTESIAN_POINT('',(130.22889,-108.145139,0.));
#16664 = CIRCLE('',#16665,0.75);
#16665 = AXIS2_PLACEMENT_3D('',#16666,#16667,#16668);
#16666 = CARTESIAN_POINT('',(129.47889,-108.145139,0.));
#16667 = DIRECTION('',(0.,0.,1.));
#16668 = DIRECTION('',(1.,0.,-0.));
#16669 = FACE_BOUND('',#16670,.F.);
#16670 = EDGE_LOOP('',(#16671));
#16671 = ORIENTED_EDGE('',*,*,#16672,.T.);
#16672 = EDGE_CURVE('',#16673,#16673,#16675,.T.);
#16673 = VERTEX_POINT('',#16674);
#16674 = CARTESIAN_POINT('',(129.45,-104.9,0.));
#16675 = CIRCLE('',#16676,0.5);
#16676 = AXIS2_PLACEMENT_3D('',#16677,#16678,#16679);
#16677 = CARTESIAN_POINT('',(129.45,-104.4,0.));
#16678 = DIRECTION('',(-0.,0.,-1.));
#16679 = DIRECTION('',(-0.,-1.,0.));
#16680 = FACE_BOUND('',#16681,.F.);
#16681 = EDGE_LOOP('',(#16682));
#16682 = ORIENTED_EDGE('',*,*,#16683,.T.);
#16683 = EDGE_CURVE('',#16684,#16684,#16686,.T.);
#16684 = VERTEX_POINT('',#16685);
#16685 = CARTESIAN_POINT('',(133.95,-104.425,0.));
#16686 = CIRCLE('',#16687,0.375);
#16687 = AXIS2_PLACEMENT_3D('',#16688,#16689,#16690);
#16688 = CARTESIAN_POINT('',(133.95,-104.05,0.));
#16689 = DIRECTION('',(-0.,0.,-1.));
#16690 = DIRECTION('',(-0.,-1.,0.));
#16691 = FACE_BOUND('',#16692,.F.);
#16692 = EDGE_LOOP('',(#16693));
#16693 = ORIENTED_EDGE('',*,*,#16694,.T.);
#16694 = EDGE_CURVE('',#16695,#16695,#16697,.T.);
#16695 = VERTEX_POINT('',#16696);
#16696 = CARTESIAN_POINT('',(129.45,-102.36,0.));
#16697 = CIRCLE('',#16698,0.5);
#16698 = AXIS2_PLACEMENT_3D('',#16699,#16700,#16701);
#16699 = CARTESIAN_POINT('',(129.45,-101.86,0.));
#16700 = DIRECTION('',(-0.,0.,-1.));
#16701 = DIRECTION('',(-0.,-1.,0.));
#16702 = FACE_BOUND('',#16703,.F.);
#16703 = EDGE_LOOP('',(#16704));
#16704 = ORIENTED_EDGE('',*,*,#16705,.T.);
#16705 = EDGE_CURVE('',#16706,#16706,#16708,.T.);
#16706 = VERTEX_POINT('',#16707);
#16707 = CARTESIAN_POINT('',(129.45,-99.82,0.));
#16708 = CIRCLE('',#16709,0.5);
#16709 = AXIS2_PLACEMENT_3D('',#16710,#16711,#16712);
#16710 = CARTESIAN_POINT('',(129.45,-99.32,0.));
#16711 = DIRECTION('',(-0.,0.,-1.));
#16712 = DIRECTION('',(-0.,-1.,0.));
#16713 = FACE_BOUND('',#16714,.F.);
#16714 = EDGE_LOOP('',(#16715));
#16715 = ORIENTED_EDGE('',*,*,#16716,.T.);
#16716 = EDGE_CURVE('',#16717,#16717,#16719,.T.);
#16717 = VERTEX_POINT('',#16718);
#16718 = CARTESIAN_POINT('',(135.95,-104.425,0.));
#16719 = CIRCLE('',#16720,0.375);
#16720 = AXIS2_PLACEMENT_3D('',#16721,#16722,#16723);
#16721 = CARTESIAN_POINT('',(135.95,-104.05,0.));
#16722 = DIRECTION('',(-0.,0.,-1.));
#16723 = DIRECTION('',(-0.,-1.,0.));
#16724 = FACE_BOUND('',#16725,.F.);
#16725 = EDGE_LOOP('',(#16726));
#16726 = ORIENTED_EDGE('',*,*,#16727,.T.);
#16727 = EDGE_CURVE('',#16728,#16728,#16730,.T.);
#16728 = VERTEX_POINT('',#16729);
#16729 = CARTESIAN_POINT('',(137.95,-104.425,0.));
#16730 = CIRCLE('',#16731,0.375);
#16731 = AXIS2_PLACEMENT_3D('',#16732,#16733,#16734);
#16732 = CARTESIAN_POINT('',(137.95,-104.05,0.));
#16733 = DIRECTION('',(-0.,0.,-1.));
#16734 = DIRECTION('',(-0.,-1.,0.));
#16735 = FACE_BOUND('',#16736,.F.);
#16736 = EDGE_LOOP('',(#16737));
#16737 = ORIENTED_EDGE('',*,*,#16738,.T.);
#16738 = EDGE_CURVE('',#16739,#16739,#16741,.T.);
#16739 = VERTEX_POINT('',#16740);
#16740 = CARTESIAN_POINT('',(129.45,-97.28,0.));
#16741 = CIRCLE('',#16742,0.5);
#16742 = AXIS2_PLACEMENT_3D('',#16743,#16744,#16745);
#16743 = CARTESIAN_POINT('',(129.45,-96.78,0.));
#16744 = DIRECTION('',(-0.,0.,-1.));
#16745 = DIRECTION('',(-0.,-1.,0.));
#16746 = FACE_BOUND('',#16747,.F.);
#16747 = EDGE_LOOP('',(#16748));
#16748 = ORIENTED_EDGE('',*,*,#16749,.T.);
#16749 = EDGE_CURVE('',#16750,#16750,#16752,.T.);
#16750 = VERTEX_POINT('',#16751);
#16751 = CARTESIAN_POINT('',(129.45,-94.74,0.));
#16752 = CIRCLE('',#16753,0.5);
#16753 = AXIS2_PLACEMENT_3D('',#16754,#16755,#16756);
#16754 = CARTESIAN_POINT('',(129.45,-94.24,0.));
#16755 = DIRECTION('',(-0.,0.,-1.));
#16756 = DIRECTION('',(-0.,-1.,0.));
#16757 = FACE_BOUND('',#16758,.F.);
#16758 = EDGE_LOOP('',(#16759));
#16759 = ORIENTED_EDGE('',*,*,#16760,.T.);
#16760 = EDGE_CURVE('',#16761,#16761,#16763,.T.);
#16761 = VERTEX_POINT('',#16762);
#16762 = CARTESIAN_POINT('',(129.45,-92.2,0.));
#16763 = CIRCLE('',#16764,0.5);
#16764 = AXIS2_PLACEMENT_3D('',#16765,#16766,#16767);
#16765 = CARTESIAN_POINT('',(129.45,-91.7,0.));
#16766 = DIRECTION('',(-0.,0.,-1.));
#16767 = DIRECTION('',(-0.,-1.,0.));
#16768 = FACE_BOUND('',#16769,.F.);
#16769 = EDGE_LOOP('',(#16770));
#16770 = ORIENTED_EDGE('',*,*,#16771,.T.);
#16771 = EDGE_CURVE('',#16772,#16772,#16774,.T.);
#16772 = VERTEX_POINT('',#16773);
#16773 = CARTESIAN_POINT('',(129.45,-89.66,0.));
#16774 = CIRCLE('',#16775,0.5);
#16775 = AXIS2_PLACEMENT_3D('',#16776,#16777,#16778);
#16776 = CARTESIAN_POINT('',(129.45,-89.16,0.));
#16777 = DIRECTION('',(-0.,0.,-1.));
#16778 = DIRECTION('',(-0.,-1.,0.));
#16779 = FACE_BOUND('',#16780,.F.);
#16780 = EDGE_LOOP('',(#16781));
#16781 = ORIENTED_EDGE('',*,*,#16782,.T.);
#16782 = EDGE_CURVE('',#16783,#16783,#16785,.T.);
#16783 = VERTEX_POINT('',#16784);
#16784 = CARTESIAN_POINT('',(132.45,-93.125,0.));
#16785 = CIRCLE('',#16786,0.125);
#16786 = AXIS2_PLACEMENT_3D('',#16787,#16788,#16789);
#16787 = CARTESIAN_POINT('',(132.45,-93.,0.));
#16788 = DIRECTION('',(-0.,0.,-1.));
#16789 = DIRECTION('',(-0.,-1.,0.));
#16790 = FACE_BOUND('',#16791,.F.);
#16791 = EDGE_LOOP('',(#16792));
#16792 = ORIENTED_EDGE('',*,*,#16793,.T.);
#16793 = EDGE_CURVE('',#16794,#16794,#16796,.T.);
#16794 = VERTEX_POINT('',#16795);
#16795 = CARTESIAN_POINT('',(133.45,-93.125,0.));
#16796 = CIRCLE('',#16797,0.125);
#16797 = AXIS2_PLACEMENT_3D('',#16798,#16799,#16800);
#16798 = CARTESIAN_POINT('',(133.45,-93.,0.));
#16799 = DIRECTION('',(-0.,0.,-1.));
#16800 = DIRECTION('',(-0.,-1.,0.));
#16801 = FACE_BOUND('',#16802,.F.);
#16802 = EDGE_LOOP('',(#16803));
#16803 = ORIENTED_EDGE('',*,*,#16804,.T.);
#16804 = EDGE_CURVE('',#16805,#16805,#16807,.T.);
#16805 = VERTEX_POINT('',#16806);
#16806 = CARTESIAN_POINT('',(142.95,-104.425,0.));
#16807 = CIRCLE('',#16808,0.375);
#16808 = AXIS2_PLACEMENT_3D('',#16809,#16810,#16811);
#16809 = CARTESIAN_POINT('',(142.95,-104.05,0.));
#16810 = DIRECTION('',(-0.,0.,-1.));
#16811 = DIRECTION('',(-0.,-1.,0.));
#16812 = FACE_BOUND('',#16813,.F.);
#16813 = EDGE_LOOP('',(#16814));
#16814 = ORIENTED_EDGE('',*,*,#16815,.T.);
#16815 = EDGE_CURVE('',#16816,#16816,#16818,.T.);
#16816 = VERTEX_POINT('',#16817);
#16817 = CARTESIAN_POINT('',(144.95,-104.425,0.));
#16818 = CIRCLE('',#16819,0.375);
#16819 = AXIS2_PLACEMENT_3D('',#16820,#16821,#16822);
#16820 = CARTESIAN_POINT('',(144.95,-104.05,0.));
#16821 = DIRECTION('',(-0.,0.,-1.));
#16822 = DIRECTION('',(-0.,-1.,0.));
#16823 = FACE_BOUND('',#16824,.F.);
#16824 = EDGE_LOOP('',(#16825));
#16825 = ORIENTED_EDGE('',*,*,#16826,.T.);
#16826 = EDGE_CURVE('',#16827,#16827,#16829,.T.);
#16827 = VERTEX_POINT('',#16828);
#16828 = CARTESIAN_POINT('',(146.95,-104.425,0.));
#16829 = CIRCLE('',#16830,0.375);
#16830 = AXIS2_PLACEMENT_3D('',#16831,#16832,#16833);
#16831 = CARTESIAN_POINT('',(146.95,-104.05,0.));
#16832 = DIRECTION('',(-0.,0.,-1.));
#16833 = DIRECTION('',(-0.,-1.,0.));
#16834 = FACE_BOUND('',#16835,.F.);
#16835 = EDGE_LOOP('',(#16836));
#16836 = ORIENTED_EDGE('',*,*,#16837,.F.);
#16837 = EDGE_CURVE('',#16838,#16838,#16840,.T.);
#16838 = VERTEX_POINT('',#16839);
#16839 = CARTESIAN_POINT('',(152.22889,-108.145139,0.));
#16840 = CIRCLE('',#16841,0.75);
#16841 = AXIS2_PLACEMENT_3D('',#16842,#16843,#16844);
#16842 = CARTESIAN_POINT('',(151.47889,-108.145139,0.));
#16843 = DIRECTION('',(0.,0.,1.));
#16844 = DIRECTION('',(1.,0.,-0.));
#16845 = FACE_BOUND('',#16846,.F.);
#16846 = EDGE_LOOP('',(#16847));
#16847 = ORIENTED_EDGE('',*,*,#16848,.T.);
#16848 = EDGE_CURVE('',#16849,#16849,#16851,.T.);
#16849 = VERTEX_POINT('',#16850);
#16850 = CARTESIAN_POINT('',(151.45,-104.9,0.));
#16851 = CIRCLE('',#16852,0.5);
#16852 = AXIS2_PLACEMENT_3D('',#16853,#16854,#16855);
#16853 = CARTESIAN_POINT('',(151.45,-104.4,0.));
#16854 = DIRECTION('',(-0.,0.,-1.));
#16855 = DIRECTION('',(-0.,-1.,0.));
#16856 = FACE_BOUND('',#16857,.F.);
#16857 = EDGE_LOOP('',(#16858));
#16858 = ORIENTED_EDGE('',*,*,#16859,.T.);
#16859 = EDGE_CURVE('',#16860,#16860,#16862,.T.);
#16860 = VERTEX_POINT('',#16861);
#16861 = CARTESIAN_POINT('',(151.45,-102.36,0.));
#16862 = CIRCLE('',#16863,0.5);
#16863 = AXIS2_PLACEMENT_3D('',#16864,#16865,#16866);
#16864 = CARTESIAN_POINT('',(151.45,-101.86,0.));
#16865 = DIRECTION('',(-0.,0.,-1.));
#16866 = DIRECTION('',(-0.,-1.,0.));
#16867 = FACE_BOUND('',#16868,.F.);
#16868 = EDGE_LOOP('',(#16869));
#16869 = ORIENTED_EDGE('',*,*,#16870,.T.);
#16870 = EDGE_CURVE('',#16871,#16871,#16873,.T.);
#16871 = VERTEX_POINT('',#16872);
#16872 = CARTESIAN_POINT('',(151.45,-99.82,0.));
#16873 = CIRCLE('',#16874,0.5);
#16874 = AXIS2_PLACEMENT_3D('',#16875,#16876,#16877);
#16875 = CARTESIAN_POINT('',(151.45,-99.32,0.));
#16876 = DIRECTION('',(-0.,0.,-1.));
#16877 = DIRECTION('',(-0.,-1.,0.));
#16878 = FACE_BOUND('',#16879,.F.);
#16879 = EDGE_LOOP('',(#16880));
#16880 = ORIENTED_EDGE('',*,*,#16881,.T.);
#16881 = EDGE_CURVE('',#16882,#16882,#16884,.T.);
#16882 = VERTEX_POINT('',#16883);
#16883 = CARTESIAN_POINT('',(151.45,-97.28,0.));
#16884 = CIRCLE('',#16885,0.5);
#16885 = AXIS2_PLACEMENT_3D('',#16886,#16887,#16888);
#16886 = CARTESIAN_POINT('',(151.45,-96.78,0.));
#16887 = DIRECTION('',(-0.,0.,-1.));
#16888 = DIRECTION('',(-0.,-1.,0.));
#16889 = FACE_BOUND('',#16890,.F.);
#16890 = EDGE_LOOP('',(#16891));
#16891 = ORIENTED_EDGE('',*,*,#16892,.T.);
#16892 = EDGE_CURVE('',#16893,#16893,#16895,.T.);
#16893 = VERTEX_POINT('',#16894);
#16894 = CARTESIAN_POINT('',(151.45,-94.74,0.));
#16895 = CIRCLE('',#16896,0.5);
#16896 = AXIS2_PLACEMENT_3D('',#16897,#16898,#16899);
#16897 = CARTESIAN_POINT('',(151.45,-94.24,0.));
#16898 = DIRECTION('',(-0.,0.,-1.));
#16899 = DIRECTION('',(-0.,-1.,0.));
#16900 = FACE_BOUND('',#16901,.F.);
#16901 = EDGE_LOOP('',(#16902));
#16902 = ORIENTED_EDGE('',*,*,#16903,.T.);
#16903 = EDGE_CURVE('',#16904,#16904,#16906,.T.);
#16904 = VERTEX_POINT('',#16905);
#16905 = CARTESIAN_POINT('',(151.45,-92.2,0.));
#16906 = CIRCLE('',#16907,0.5);
#16907 = AXIS2_PLACEMENT_3D('',#16908,#16909,#16910);
#16908 = CARTESIAN_POINT('',(151.45,-91.7,0.));
#16909 = DIRECTION('',(-0.,0.,-1.));
#16910 = DIRECTION('',(-0.,-1.,0.));
#16911 = FACE_BOUND('',#16912,.F.);
#16912 = EDGE_LOOP('',(#16913));
#16913 = ORIENTED_EDGE('',*,*,#16914,.T.);
#16914 = EDGE_CURVE('',#16915,#16915,#16917,.T.);
#16915 = VERTEX_POINT('',#16916);
#16916 = CARTESIAN_POINT('',(151.45,-89.66,0.));
#16917 = CIRCLE('',#16918,0.5);
#16918 = AXIS2_PLACEMENT_3D('',#16919,#16920,#16921);
#16919 = CARTESIAN_POINT('',(151.45,-89.16,0.));
#16920 = DIRECTION('',(-0.,0.,-1.));
#16921 = DIRECTION('',(-0.,-1.,0.));
#16922 = FACE_BOUND('',#16923,.F.);
#16923 = EDGE_LOOP('',(#16924));
#16924 = ORIENTED_EDGE('',*,*,#16925,.T.);
#16925 = EDGE_CURVE('',#16926,#16926,#16928,.T.);
#16926 = VERTEX_POINT('',#16927);
#16927 = CARTESIAN_POINT('',(129.45,-87.12,0.));
#16928 = CIRCLE('',#16929,0.5);
#16929 = AXIS2_PLACEMENT_3D('',#16930,#16931,#16932);
#16930 = CARTESIAN_POINT('',(129.45,-86.62,0.));
#16931 = DIRECTION('',(-0.,0.,-1.));
#16932 = DIRECTION('',(-0.,-1.,0.));
#16933 = FACE_BOUND('',#16934,.F.);
#16934 = EDGE_LOOP('',(#16935));
#16935 = ORIENTED_EDGE('',*,*,#16936,.T.);
#16936 = EDGE_CURVE('',#16937,#16937,#16939,.T.);
#16937 = VERTEX_POINT('',#16938);
#16938 = CARTESIAN_POINT('',(129.45,-84.58,0.));
#16939 = CIRCLE('',#16940,0.5);
#16940 = AXIS2_PLACEMENT_3D('',#16941,#16942,#16943);
#16941 = CARTESIAN_POINT('',(129.45,-84.08,0.));
#16942 = DIRECTION('',(-0.,0.,-1.));
#16943 = DIRECTION('',(-0.,-1.,0.));
#16944 = FACE_BOUND('',#16945,.F.);
#16945 = EDGE_LOOP('',(#16946));
#16946 = ORIENTED_EDGE('',*,*,#16947,.T.);
#16947 = EDGE_CURVE('',#16948,#16948,#16950,.T.);
#16948 = VERTEX_POINT('',#16949);
#16949 = CARTESIAN_POINT('',(129.45,-82.04,0.));
#16950 = CIRCLE('',#16951,0.5);
#16951 = AXIS2_PLACEMENT_3D('',#16952,#16953,#16954);
#16952 = CARTESIAN_POINT('',(129.45,-81.54,0.));
#16953 = DIRECTION('',(-0.,0.,-1.));
#16954 = DIRECTION('',(-0.,-1.,0.));
#16955 = FACE_BOUND('',#16956,.F.);
#16956 = EDGE_LOOP('',(#16957));
#16957 = ORIENTED_EDGE('',*,*,#16958,.T.);
#16958 = EDGE_CURVE('',#16959,#16959,#16961,.T.);
#16959 = VERTEX_POINT('',#16960);
#16960 = CARTESIAN_POINT('',(129.45,-79.5,0.));
#16961 = CIRCLE('',#16962,0.5);
#16962 = AXIS2_PLACEMENT_3D('',#16963,#16964,#16965);
#16963 = CARTESIAN_POINT('',(129.45,-79.,0.));
#16964 = DIRECTION('',(-0.,0.,-1.));
#16965 = DIRECTION('',(-0.,-1.,0.));
#16966 = FACE_BOUND('',#16967,.F.);
#16967 = EDGE_LOOP('',(#16968));
#16968 = ORIENTED_EDGE('',*,*,#16969,.F.);
#16969 = EDGE_CURVE('',#16970,#16970,#16972,.T.);
#16970 = VERTEX_POINT('',#16971);
#16971 = CARTESIAN_POINT('',(130.22889,-69.645139,0.));
#16972 = CIRCLE('',#16973,0.75);
#16973 = AXIS2_PLACEMENT_3D('',#16974,#16975,#16976);
#16974 = CARTESIAN_POINT('',(129.47889,-69.645139,0.));
#16975 = DIRECTION('',(0.,0.,1.));
#16976 = DIRECTION('',(1.,0.,-0.));
#16977 = FACE_BOUND('',#16978,.F.);
#16978 = EDGE_LOOP('',(#16979));
#16979 = ORIENTED_EDGE('',*,*,#16980,.T.);
#16980 = EDGE_CURVE('',#16981,#16981,#16983,.T.);
#16981 = VERTEX_POINT('',#16982);
#16982 = CARTESIAN_POINT('',(133.943268,-74.054091,0.));
#16983 = CIRCLE('',#16984,0.375);
#16984 = AXIS2_PLACEMENT_3D('',#16985,#16986,#16987);
#16985 = CARTESIAN_POINT('',(133.943268,-73.679091,0.));
#16986 = DIRECTION('',(-0.,0.,-1.));
#16987 = DIRECTION('',(-0.,-1.,0.));
#16988 = FACE_BOUND('',#16989,.F.);
#16989 = EDGE_LOOP('',(#16990));
#16990 = ORIENTED_EDGE('',*,*,#16991,.T.);
#16991 = EDGE_CURVE('',#16992,#16992,#16994,.T.);
#16992 = VERTEX_POINT('',#16993);
#16993 = CARTESIAN_POINT('',(135.943268,-74.054091,0.));
#16994 = CIRCLE('',#16995,0.375);
#16995 = AXIS2_PLACEMENT_3D('',#16996,#16997,#16998);
#16996 = CARTESIAN_POINT('',(135.943268,-73.679091,0.));
#16997 = DIRECTION('',(-0.,0.,-1.));
#16998 = DIRECTION('',(-0.,-1.,0.));
#16999 = FACE_BOUND('',#17000,.F.);
#17000 = EDGE_LOOP('',(#17001));
#17001 = ORIENTED_EDGE('',*,*,#17002,.T.);
#17002 = EDGE_CURVE('',#17003,#17003,#17005,.T.);
#17003 = VERTEX_POINT('',#17004);
#17004 = CARTESIAN_POINT('',(137.943268,-74.054091,0.));
#17005 = CIRCLE('',#17006,0.375);
#17006 = AXIS2_PLACEMENT_3D('',#17007,#17008,#17009);
#17007 = CARTESIAN_POINT('',(137.943268,-73.679091,0.));
#17008 = DIRECTION('',(-0.,0.,-1.));
#17009 = DIRECTION('',(-0.,-1.,0.));
#17010 = FACE_BOUND('',#17011,.F.);
#17011 = EDGE_LOOP('',(#17012));
#17012 = ORIENTED_EDGE('',*,*,#17013,.T.);
#17013 = EDGE_CURVE('',#17014,#17014,#17016,.T.);
#17014 = VERTEX_POINT('',#17015);
#17015 = CARTESIAN_POINT('',(151.45,-87.12,0.));
#17016 = CIRCLE('',#17017,0.5);
#17017 = AXIS2_PLACEMENT_3D('',#17018,#17019,#17020);
#17018 = CARTESIAN_POINT('',(151.45,-86.62,0.));
#17019 = DIRECTION('',(-0.,0.,-1.));
#17020 = DIRECTION('',(-0.,-1.,0.));
#17021 = FACE_BOUND('',#17022,.F.);
#17022 = EDGE_LOOP('',(#17023));
#17023 = ORIENTED_EDGE('',*,*,#17024,.T.);
#17024 = EDGE_CURVE('',#17025,#17025,#17027,.T.);
#17025 = VERTEX_POINT('',#17026);
#17026 = CARTESIAN_POINT('',(151.45,-84.58,0.));
#17027 = CIRCLE('',#17028,0.5);
#17028 = AXIS2_PLACEMENT_3D('',#17029,#17030,#17031);
#17029 = CARTESIAN_POINT('',(151.45,-84.08,0.));
#17030 = DIRECTION('',(-0.,0.,-1.));
#17031 = DIRECTION('',(-0.,-1.,0.));
#17032 = FACE_BOUND('',#17033,.F.);
#17033 = EDGE_LOOP('',(#17034));
#17034 = ORIENTED_EDGE('',*,*,#17035,.T.);
#17035 = EDGE_CURVE('',#17036,#17036,#17038,.T.);
#17036 = VERTEX_POINT('',#17037);
#17037 = CARTESIAN_POINT('',(151.45,-82.04,0.));
#17038 = CIRCLE('',#17039,0.5);
#17039 = AXIS2_PLACEMENT_3D('',#17040,#17041,#17042);
#17040 = CARTESIAN_POINT('',(151.45,-81.54,0.));
#17041 = DIRECTION('',(-0.,0.,-1.));
#17042 = DIRECTION('',(-0.,-1.,0.));
#17043 = FACE_BOUND('',#17044,.F.);
#17044 = EDGE_LOOP('',(#17045));
#17045 = ORIENTED_EDGE('',*,*,#17046,.T.);
#17046 = EDGE_CURVE('',#17047,#17047,#17049,.T.);
#17047 = VERTEX_POINT('',#17048);
#17048 = CARTESIAN_POINT('',(151.45,-79.5,0.));
#17049 = CIRCLE('',#17050,0.5);
#17050 = AXIS2_PLACEMENT_3D('',#17051,#17052,#17053);
#17051 = CARTESIAN_POINT('',(151.45,-79.,0.));
#17052 = DIRECTION('',(-0.,0.,-1.));
#17053 = DIRECTION('',(-0.,-1.,0.));
#17054 = FACE_BOUND('',#17055,.F.);
#17055 = EDGE_LOOP('',(#17056));
#17056 = ORIENTED_EDGE('',*,*,#17057,.T.);
#17057 = EDGE_CURVE('',#17058,#17058,#17060,.T.);
#17058 = VERTEX_POINT('',#17059);
#17059 = CARTESIAN_POINT('',(142.95,-74.059139,0.));
#17060 = CIRCLE('',#17061,0.375);
#17061 = AXIS2_PLACEMENT_3D('',#17062,#17063,#17064);
#17062 = CARTESIAN_POINT('',(142.95,-73.684139,0.));
#17063 = DIRECTION('',(-0.,0.,-1.));
#17064 = DIRECTION('',(-0.,-1.,0.));
#17065 = FACE_BOUND('',#17066,.F.);
#17066 = EDGE_LOOP('',(#17067));
#17067 = ORIENTED_EDGE('',*,*,#17068,.T.);
#17068 = EDGE_CURVE('',#17069,#17069,#17071,.T.);
#17069 = VERTEX_POINT('',#17070);
#17070 = CARTESIAN_POINT('',(144.95,-74.059139,0.));
#17071 = CIRCLE('',#17072,0.375);
#17072 = AXIS2_PLACEMENT_3D('',#17073,#17074,#17075);
#17073 = CARTESIAN_POINT('',(144.95,-73.684139,0.));
#17074 = DIRECTION('',(-0.,0.,-1.));
#17075 = DIRECTION('',(-0.,-1.,0.));
#17076 = FACE_BOUND('',#17077,.F.);
#17077 = EDGE_LOOP('',(#17078));
#17078 = ORIENTED_EDGE('',*,*,#17079,.T.);
#17079 = EDGE_CURVE('',#17080,#17080,#17082,.T.);
#17080 = VERTEX_POINT('',#17081);
#17081 = CARTESIAN_POINT('',(146.95,-74.059139,0.));
#17082 = CIRCLE('',#17083,0.375);
#17083 = AXIS2_PLACEMENT_3D('',#17084,#17085,#17086);
#17084 = CARTESIAN_POINT('',(146.95,-73.684139,0.));
#17085 = DIRECTION('',(-0.,0.,-1.));
#17086 = DIRECTION('',(-0.,-1.,0.));
#17087 = FACE_BOUND('',#17088,.F.);
#17088 = EDGE_LOOP('',(#17089));
#17089 = ORIENTED_EDGE('',*,*,#17090,.F.);
#17090 = EDGE_CURVE('',#17091,#17091,#17093,.T.);
#17091 = VERTEX_POINT('',#17092);
#17092 = CARTESIAN_POINT('',(152.22889,-69.645139,0.));
#17093 = CIRCLE('',#17094,0.75);
#17094 = AXIS2_PLACEMENT_3D('',#17095,#17096,#17097);
#17095 = CARTESIAN_POINT('',(151.47889,-69.645139,0.));
#17096 = DIRECTION('',(0.,0.,1.));
#17097 = DIRECTION('',(1.,0.,-0.));
#17098 = PLANE('',#17099);
#17099 = AXIS2_PLACEMENT_3D('',#17100,#17101,#17102);
#17100 = CARTESIAN_POINT('',(0.,0.,0.));
#17101 = DIRECTION('',(0.,0.,1.));
#17102 = DIRECTION('',(1.,0.,-0.));
#17103 = ADVANCED_FACE('',(#17104,#17150,#17161,#17172,#17183,#17194,
    #17205,#17216,#17227,#17238,#17249,#17260,#17271,#17282,#17293,
    #17304,#17315,#17326,#17337,#17348,#17359,#17370,#17381,#17392,
    #17403,#17414,#17425,#17436,#17447,#17458,#17469,#17480,#17491,
    #17502,#17513,#17524,#17535,#17546,#17557,#17568,#17579),#17590,.T.
  );
#17104 = FACE_BOUND('',#17105,.T.);
#17105 = EDGE_LOOP('',(#17106,#17107,#17108,#17117,#17125,#17134,#17142,
    #17149));
#17106 = ORIENTED_EDGE('',*,*,#16521,.F.);
#17107 = ORIENTED_EDGE('',*,*,#16563,.F.);
#17108 = ORIENTED_EDGE('',*,*,#17109,.F.);
#17109 = EDGE_CURVE('',#17110,#16556,#17112,.T.);
#17110 = VERTEX_POINT('',#17111);
#17111 = CARTESIAN_POINT('',(125.91889,-70.585139,1.51));
#17112 = CIRCLE('',#17113,3.690000077087);
#17113 = AXIS2_PLACEMENT_3D('',#17114,#17115,#17116);
#17114 = CARTESIAN_POINT('',(129.60889007708,-70.58513907708,1.51));
#17115 = DIRECTION('',(0.,0.,-1.));
#17116 = DIRECTION('',(-1.,2.089088412933E-08,0.));
#17117 = ORIENTED_EDGE('',*,*,#17118,.F.);
#17118 = EDGE_CURVE('',#17119,#17110,#17121,.T.);
#17119 = VERTEX_POINT('',#17120);
#17120 = CARTESIAN_POINT('',(125.91889,-107.205139,1.51));
#17121 = LINE('',#17122,#17123);
#17122 = CARTESIAN_POINT('',(125.91889,-107.205139,1.51));
#17123 = VECTOR('',#17124,1.);
#17124 = DIRECTION('',(0.,1.,0.));
#17125 = ORIENTED_EDGE('',*,*,#17126,.F.);
#17126 = EDGE_CURVE('',#17127,#17119,#17129,.T.);
#17127 = VERTEX_POINT('',#17128);
#17128 = CARTESIAN_POINT('',(129.60889,-110.895139,1.51));
#17129 = CIRCLE('',#17130,3.690000077087);
#17130 = AXIS2_PLACEMENT_3D('',#17131,#17132,#17133);
#17131 = CARTESIAN_POINT('',(129.60889007708,-107.2051389229,1.51));
#17132 = DIRECTION('',(0.,0.,-1.));
#17133 = DIRECTION('',(-2.089088027815E-08,-1.,-0.));
#17134 = ORIENTED_EDGE('',*,*,#17135,.F.);
#17135 = EDGE_CURVE('',#17136,#17127,#17138,.T.);
#17136 = VERTEX_POINT('',#17137);
#17137 = CARTESIAN_POINT('',(151.34889,-110.895139,1.51));
#17138 = LINE('',#17139,#17140);
#17139 = CARTESIAN_POINT('',(151.34889,-110.895139,1.51));
#17140 = VECTOR('',#17141,1.);
#17141 = DIRECTION('',(-1.,0.,0.));
#17142 = ORIENTED_EDGE('',*,*,#17143,.F.);
#17143 = EDGE_CURVE('',#16586,#17136,#17144,.T.);
#17144 = CIRCLE('',#17145,3.690000077087);
#17145 = AXIS2_PLACEMENT_3D('',#17146,#17147,#17148);
#17146 = CARTESIAN_POINT('',(151.34888992291,-107.2051389229,1.51));
#17147 = DIRECTION('',(0.,0.,-1.));
#17148 = DIRECTION('',(1.,-2.089088798051E-08,0.));
#17149 = ORIENTED_EDGE('',*,*,#16585,.F.);
#17150 = FACE_BOUND('',#17151,.T.);
#17151 = EDGE_LOOP('',(#17152));
#17152 = ORIENTED_EDGE('',*,*,#17153,.F.);
#17153 = EDGE_CURVE('',#17154,#17154,#17156,.T.);
#17154 = VERTEX_POINT('',#17155);
#17155 = CARTESIAN_POINT('',(130.22889,-108.145139,1.51));
#17156 = CIRCLE('',#17157,0.75);
#17157 = AXIS2_PLACEMENT_3D('',#17158,#17159,#17160);
#17158 = CARTESIAN_POINT('',(129.47889,-108.145139,1.51));
#17159 = DIRECTION('',(0.,0.,1.));
#17160 = DIRECTION('',(1.,0.,-0.));
#17161 = FACE_BOUND('',#17162,.T.);
#17162 = EDGE_LOOP('',(#17163));
#17163 = ORIENTED_EDGE('',*,*,#17164,.T.);
#17164 = EDGE_CURVE('',#17165,#17165,#17167,.T.);
#17165 = VERTEX_POINT('',#17166);
#17166 = CARTESIAN_POINT('',(129.45,-104.9,1.51));
#17167 = CIRCLE('',#17168,0.5);
#17168 = AXIS2_PLACEMENT_3D('',#17169,#17170,#17171);
#17169 = CARTESIAN_POINT('',(129.45,-104.4,1.51));
#17170 = DIRECTION('',(-0.,0.,-1.));
#17171 = DIRECTION('',(-0.,-1.,0.));
#17172 = FACE_BOUND('',#17173,.T.);
#17173 = EDGE_LOOP('',(#17174));
#17174 = ORIENTED_EDGE('',*,*,#17175,.T.);
#17175 = EDGE_CURVE('',#17176,#17176,#17178,.T.);
#17176 = VERTEX_POINT('',#17177);
#17177 = CARTESIAN_POINT('',(133.95,-104.425,1.51));
#17178 = CIRCLE('',#17179,0.375);
#17179 = AXIS2_PLACEMENT_3D('',#17180,#17181,#17182);
#17180 = CARTESIAN_POINT('',(133.95,-104.05,1.51));
#17181 = DIRECTION('',(-0.,0.,-1.));
#17182 = DIRECTION('',(-0.,-1.,0.));
#17183 = FACE_BOUND('',#17184,.T.);
#17184 = EDGE_LOOP('',(#17185));
#17185 = ORIENTED_EDGE('',*,*,#17186,.T.);
#17186 = EDGE_CURVE('',#17187,#17187,#17189,.T.);
#17187 = VERTEX_POINT('',#17188);
#17188 = CARTESIAN_POINT('',(129.45,-102.36,1.51));
#17189 = CIRCLE('',#17190,0.5);
#17190 = AXIS2_PLACEMENT_3D('',#17191,#17192,#17193);
#17191 = CARTESIAN_POINT('',(129.45,-101.86,1.51));
#17192 = DIRECTION('',(-0.,0.,-1.));
#17193 = DIRECTION('',(-0.,-1.,0.));
#17194 = FACE_BOUND('',#17195,.T.);
#17195 = EDGE_LOOP('',(#17196));
#17196 = ORIENTED_EDGE('',*,*,#17197,.T.);
#17197 = EDGE_CURVE('',#17198,#17198,#17200,.T.);
#17198 = VERTEX_POINT('',#17199);
#17199 = CARTESIAN_POINT('',(129.45,-99.82,1.51));
#17200 = CIRCLE('',#17201,0.5);
#17201 = AXIS2_PLACEMENT_3D('',#17202,#17203,#17204);
#17202 = CARTESIAN_POINT('',(129.45,-99.32,1.51));
#17203 = DIRECTION('',(-0.,0.,-1.));
#17204 = DIRECTION('',(-0.,-1.,0.));
#17205 = FACE_BOUND('',#17206,.T.);
#17206 = EDGE_LOOP('',(#17207));
#17207 = ORIENTED_EDGE('',*,*,#17208,.T.);
#17208 = EDGE_CURVE('',#17209,#17209,#17211,.T.);
#17209 = VERTEX_POINT('',#17210);
#17210 = CARTESIAN_POINT('',(135.95,-104.425,1.51));
#17211 = CIRCLE('',#17212,0.375);
#17212 = AXIS2_PLACEMENT_3D('',#17213,#17214,#17215);
#17213 = CARTESIAN_POINT('',(135.95,-104.05,1.51));
#17214 = DIRECTION('',(-0.,0.,-1.));
#17215 = DIRECTION('',(-0.,-1.,0.));
#17216 = FACE_BOUND('',#17217,.T.);
#17217 = EDGE_LOOP('',(#17218));
#17218 = ORIENTED_EDGE('',*,*,#17219,.T.);
#17219 = EDGE_CURVE('',#17220,#17220,#17222,.T.);
#17220 = VERTEX_POINT('',#17221);
#17221 = CARTESIAN_POINT('',(137.95,-104.425,1.51));
#17222 = CIRCLE('',#17223,0.375);
#17223 = AXIS2_PLACEMENT_3D('',#17224,#17225,#17226);
#17224 = CARTESIAN_POINT('',(137.95,-104.05,1.51));
#17225 = DIRECTION('',(-0.,0.,-1.));
#17226 = DIRECTION('',(-0.,-1.,0.));
#17227 = FACE_BOUND('',#17228,.T.);
#17228 = EDGE_LOOP('',(#17229));
#17229 = ORIENTED_EDGE('',*,*,#17230,.T.);
#17230 = EDGE_CURVE('',#17231,#17231,#17233,.T.);
#17231 = VERTEX_POINT('',#17232);
#17232 = CARTESIAN_POINT('',(129.45,-97.28,1.51));
#17233 = CIRCLE('',#17234,0.5);
#17234 = AXIS2_PLACEMENT_3D('',#17235,#17236,#17237);
#17235 = CARTESIAN_POINT('',(129.45,-96.78,1.51));
#17236 = DIRECTION('',(-0.,0.,-1.));
#17237 = DIRECTION('',(-0.,-1.,0.));
#17238 = FACE_BOUND('',#17239,.T.);
#17239 = EDGE_LOOP('',(#17240));
#17240 = ORIENTED_EDGE('',*,*,#17241,.T.);
#17241 = EDGE_CURVE('',#17242,#17242,#17244,.T.);
#17242 = VERTEX_POINT('',#17243);
#17243 = CARTESIAN_POINT('',(129.45,-94.74,1.51));
#17244 = CIRCLE('',#17245,0.5);
#17245 = AXIS2_PLACEMENT_3D('',#17246,#17247,#17248);
#17246 = CARTESIAN_POINT('',(129.45,-94.24,1.51));
#17247 = DIRECTION('',(-0.,0.,-1.));
#17248 = DIRECTION('',(-0.,-1.,0.));
#17249 = FACE_BOUND('',#17250,.T.);
#17250 = EDGE_LOOP('',(#17251));
#17251 = ORIENTED_EDGE('',*,*,#17252,.T.);
#17252 = EDGE_CURVE('',#17253,#17253,#17255,.T.);
#17253 = VERTEX_POINT('',#17254);
#17254 = CARTESIAN_POINT('',(129.45,-92.2,1.51));
#17255 = CIRCLE('',#17256,0.5);
#17256 = AXIS2_PLACEMENT_3D('',#17257,#17258,#17259);
#17257 = CARTESIAN_POINT('',(129.45,-91.7,1.51));
#17258 = DIRECTION('',(-0.,0.,-1.));
#17259 = DIRECTION('',(-0.,-1.,0.));
#17260 = FACE_BOUND('',#17261,.T.);
#17261 = EDGE_LOOP('',(#17262));
#17262 = ORIENTED_EDGE('',*,*,#17263,.T.);
#17263 = EDGE_CURVE('',#17264,#17264,#17266,.T.);
#17264 = VERTEX_POINT('',#17265);
#17265 = CARTESIAN_POINT('',(129.45,-89.66,1.51));
#17266 = CIRCLE('',#17267,0.5);
#17267 = AXIS2_PLACEMENT_3D('',#17268,#17269,#17270);
#17268 = CARTESIAN_POINT('',(129.45,-89.16,1.51));
#17269 = DIRECTION('',(-0.,0.,-1.));
#17270 = DIRECTION('',(-0.,-1.,0.));
#17271 = FACE_BOUND('',#17272,.T.);
#17272 = EDGE_LOOP('',(#17273));
#17273 = ORIENTED_EDGE('',*,*,#17274,.T.);
#17274 = EDGE_CURVE('',#17275,#17275,#17277,.T.);
#17275 = VERTEX_POINT('',#17276);
#17276 = CARTESIAN_POINT('',(132.45,-93.125,1.51));
#17277 = CIRCLE('',#17278,0.125);
#17278 = AXIS2_PLACEMENT_3D('',#17279,#17280,#17281);
#17279 = CARTESIAN_POINT('',(132.45,-93.,1.51));
#17280 = DIRECTION('',(-0.,0.,-1.));
#17281 = DIRECTION('',(-0.,-1.,0.));
#17282 = FACE_BOUND('',#17283,.T.);
#17283 = EDGE_LOOP('',(#17284));
#17284 = ORIENTED_EDGE('',*,*,#17285,.T.);
#17285 = EDGE_CURVE('',#17286,#17286,#17288,.T.);
#17286 = VERTEX_POINT('',#17287);
#17287 = CARTESIAN_POINT('',(133.45,-93.125,1.51));
#17288 = CIRCLE('',#17289,0.125);
#17289 = AXIS2_PLACEMENT_3D('',#17290,#17291,#17292);
#17290 = CARTESIAN_POINT('',(133.45,-93.,1.51));
#17291 = DIRECTION('',(-0.,0.,-1.));
#17292 = DIRECTION('',(-0.,-1.,0.));
#17293 = FACE_BOUND('',#17294,.T.);
#17294 = EDGE_LOOP('',(#17295));
#17295 = ORIENTED_EDGE('',*,*,#17296,.T.);
#17296 = EDGE_CURVE('',#17297,#17297,#17299,.T.);
#17297 = VERTEX_POINT('',#17298);
#17298 = CARTESIAN_POINT('',(142.95,-104.425,1.51));
#17299 = CIRCLE('',#17300,0.375);
#17300 = AXIS2_PLACEMENT_3D('',#17301,#17302,#17303);
#17301 = CARTESIAN_POINT('',(142.95,-104.05,1.51));
#17302 = DIRECTION('',(-0.,0.,-1.));
#17303 = DIRECTION('',(-0.,-1.,0.));
#17304 = FACE_BOUND('',#17305,.T.);
#17305 = EDGE_LOOP('',(#17306));
#17306 = ORIENTED_EDGE('',*,*,#17307,.T.);
#17307 = EDGE_CURVE('',#17308,#17308,#17310,.T.);
#17308 = VERTEX_POINT('',#17309);
#17309 = CARTESIAN_POINT('',(144.95,-104.425,1.51));
#17310 = CIRCLE('',#17311,0.375);
#17311 = AXIS2_PLACEMENT_3D('',#17312,#17313,#17314);
#17312 = CARTESIAN_POINT('',(144.95,-104.05,1.51));
#17313 = DIRECTION('',(-0.,0.,-1.));
#17314 = DIRECTION('',(-0.,-1.,0.));
#17315 = FACE_BOUND('',#17316,.T.);
#17316 = EDGE_LOOP('',(#17317));
#17317 = ORIENTED_EDGE('',*,*,#17318,.T.);
#17318 = EDGE_CURVE('',#17319,#17319,#17321,.T.);
#17319 = VERTEX_POINT('',#17320);
#17320 = CARTESIAN_POINT('',(146.95,-104.425,1.51));
#17321 = CIRCLE('',#17322,0.375);
#17322 = AXIS2_PLACEMENT_3D('',#17323,#17324,#17325);
#17323 = CARTESIAN_POINT('',(146.95,-104.05,1.51));
#17324 = DIRECTION('',(-0.,0.,-1.));
#17325 = DIRECTION('',(-0.,-1.,0.));
#17326 = FACE_BOUND('',#17327,.T.);
#17327 = EDGE_LOOP('',(#17328));
#17328 = ORIENTED_EDGE('',*,*,#17329,.F.);
#17329 = EDGE_CURVE('',#17330,#17330,#17332,.T.);
#17330 = VERTEX_POINT('',#17331);
#17331 = CARTESIAN_POINT('',(152.22889,-108.145139,1.51));
#17332 = CIRCLE('',#17333,0.75);
#17333 = AXIS2_PLACEMENT_3D('',#17334,#17335,#17336);
#17334 = CARTESIAN_POINT('',(151.47889,-108.145139,1.51));
#17335 = DIRECTION('',(0.,0.,1.));
#17336 = DIRECTION('',(1.,0.,-0.));
#17337 = FACE_BOUND('',#17338,.T.);
#17338 = EDGE_LOOP('',(#17339));
#17339 = ORIENTED_EDGE('',*,*,#17340,.T.);
#17340 = EDGE_CURVE('',#17341,#17341,#17343,.T.);
#17341 = VERTEX_POINT('',#17342);
#17342 = CARTESIAN_POINT('',(151.45,-104.9,1.51));
#17343 = CIRCLE('',#17344,0.5);
#17344 = AXIS2_PLACEMENT_3D('',#17345,#17346,#17347);
#17345 = CARTESIAN_POINT('',(151.45,-104.4,1.51));
#17346 = DIRECTION('',(-0.,0.,-1.));
#17347 = DIRECTION('',(-0.,-1.,0.));
#17348 = FACE_BOUND('',#17349,.T.);
#17349 = EDGE_LOOP('',(#17350));
#17350 = ORIENTED_EDGE('',*,*,#17351,.T.);
#17351 = EDGE_CURVE('',#17352,#17352,#17354,.T.);
#17352 = VERTEX_POINT('',#17353);
#17353 = CARTESIAN_POINT('',(151.45,-102.36,1.51));
#17354 = CIRCLE('',#17355,0.5);
#17355 = AXIS2_PLACEMENT_3D('',#17356,#17357,#17358);
#17356 = CARTESIAN_POINT('',(151.45,-101.86,1.51));
#17357 = DIRECTION('',(-0.,0.,-1.));
#17358 = DIRECTION('',(-0.,-1.,0.));
#17359 = FACE_BOUND('',#17360,.T.);
#17360 = EDGE_LOOP('',(#17361));
#17361 = ORIENTED_EDGE('',*,*,#17362,.T.);
#17362 = EDGE_CURVE('',#17363,#17363,#17365,.T.);
#17363 = VERTEX_POINT('',#17364);
#17364 = CARTESIAN_POINT('',(151.45,-99.82,1.51));
#17365 = CIRCLE('',#17366,0.5);
#17366 = AXIS2_PLACEMENT_3D('',#17367,#17368,#17369);
#17367 = CARTESIAN_POINT('',(151.45,-99.32,1.51));
#17368 = DIRECTION('',(-0.,0.,-1.));
#17369 = DIRECTION('',(-0.,-1.,0.));
#17370 = FACE_BOUND('',#17371,.T.);
#17371 = EDGE_LOOP('',(#17372));
#17372 = ORIENTED_EDGE('',*,*,#17373,.T.);
#17373 = EDGE_CURVE('',#17374,#17374,#17376,.T.);
#17374 = VERTEX_POINT('',#17375);
#17375 = CARTESIAN_POINT('',(151.45,-97.28,1.51));
#17376 = CIRCLE('',#17377,0.5);
#17377 = AXIS2_PLACEMENT_3D('',#17378,#17379,#17380);
#17378 = CARTESIAN_POINT('',(151.45,-96.78,1.51));
#17379 = DIRECTION('',(-0.,0.,-1.));
#17380 = DIRECTION('',(-0.,-1.,0.));
#17381 = FACE_BOUND('',#17382,.T.);
#17382 = EDGE_LOOP('',(#17383));
#17383 = ORIENTED_EDGE('',*,*,#17384,.T.);
#17384 = EDGE_CURVE('',#17385,#17385,#17387,.T.);
#17385 = VERTEX_POINT('',#17386);
#17386 = CARTESIAN_POINT('',(151.45,-94.74,1.51));
#17387 = CIRCLE('',#17388,0.5);
#17388 = AXIS2_PLACEMENT_3D('',#17389,#17390,#17391);
#17389 = CARTESIAN_POINT('',(151.45,-94.24,1.51));
#17390 = DIRECTION('',(-0.,0.,-1.));
#17391 = DIRECTION('',(-0.,-1.,0.));
#17392 = FACE_BOUND('',#17393,.T.);
#17393 = EDGE_LOOP('',(#17394));
#17394 = ORIENTED_EDGE('',*,*,#17395,.T.);
#17395 = EDGE_CURVE('',#17396,#17396,#17398,.T.);
#17396 = VERTEX_POINT('',#17397);
#17397 = CARTESIAN_POINT('',(151.45,-92.2,1.51));
#17398 = CIRCLE('',#17399,0.5);
#17399 = AXIS2_PLACEMENT_3D('',#17400,#17401,#17402);
#17400 = CARTESIAN_POINT('',(151.45,-91.7,1.51));
#17401 = DIRECTION('',(-0.,0.,-1.));
#17402 = DIRECTION('',(-0.,-1.,0.));
#17403 = FACE_BOUND('',#17404,.T.);
#17404 = EDGE_LOOP('',(#17405));
#17405 = ORIENTED_EDGE('',*,*,#17406,.T.);
#17406 = EDGE_CURVE('',#17407,#17407,#17409,.T.);
#17407 = VERTEX_POINT('',#17408);
#17408 = CARTESIAN_POINT('',(151.45,-89.66,1.51));
#17409 = CIRCLE('',#17410,0.5);
#17410 = AXIS2_PLACEMENT_3D('',#17411,#17412,#17413);
#17411 = CARTESIAN_POINT('',(151.45,-89.16,1.51));
#17412 = DIRECTION('',(-0.,0.,-1.));
#17413 = DIRECTION('',(-0.,-1.,0.));
#17414 = FACE_BOUND('',#17415,.T.);
#17415 = EDGE_LOOP('',(#17416));
#17416 = ORIENTED_EDGE('',*,*,#17417,.T.);
#17417 = EDGE_CURVE('',#17418,#17418,#17420,.T.);
#17418 = VERTEX_POINT('',#17419);
#17419 = CARTESIAN_POINT('',(129.45,-87.12,1.51));
#17420 = CIRCLE('',#17421,0.5);
#17421 = AXIS2_PLACEMENT_3D('',#17422,#17423,#17424);
#17422 = CARTESIAN_POINT('',(129.45,-86.62,1.51));
#17423 = DIRECTION('',(-0.,0.,-1.));
#17424 = DIRECTION('',(-0.,-1.,0.));
#17425 = FACE_BOUND('',#17426,.T.);
#17426 = EDGE_LOOP('',(#17427));
#17427 = ORIENTED_EDGE('',*,*,#17428,.T.);
#17428 = EDGE_CURVE('',#17429,#17429,#17431,.T.);
#17429 = VERTEX_POINT('',#17430);
#17430 = CARTESIAN_POINT('',(129.45,-84.58,1.51));
#17431 = CIRCLE('',#17432,0.5);
#17432 = AXIS2_PLACEMENT_3D('',#17433,#17434,#17435);
#17433 = CARTESIAN_POINT('',(129.45,-84.08,1.51));
#17434 = DIRECTION('',(-0.,0.,-1.));
#17435 = DIRECTION('',(-0.,-1.,0.));
#17436 = FACE_BOUND('',#17437,.T.);
#17437 = EDGE_LOOP('',(#17438));
#17438 = ORIENTED_EDGE('',*,*,#17439,.T.);
#17439 = EDGE_CURVE('',#17440,#17440,#17442,.T.);
#17440 = VERTEX_POINT('',#17441);
#17441 = CARTESIAN_POINT('',(129.45,-82.04,1.51));
#17442 = CIRCLE('',#17443,0.5);
#17443 = AXIS2_PLACEMENT_3D('',#17444,#17445,#17446);
#17444 = CARTESIAN_POINT('',(129.45,-81.54,1.51));
#17445 = DIRECTION('',(-0.,0.,-1.));
#17446 = DIRECTION('',(-0.,-1.,0.));
#17447 = FACE_BOUND('',#17448,.T.);
#17448 = EDGE_LOOP('',(#17449));
#17449 = ORIENTED_EDGE('',*,*,#17450,.T.);
#17450 = EDGE_CURVE('',#17451,#17451,#17453,.T.);
#17451 = VERTEX_POINT('',#17452);
#17452 = CARTESIAN_POINT('',(129.45,-79.5,1.51));
#17453 = CIRCLE('',#17454,0.5);
#17454 = AXIS2_PLACEMENT_3D('',#17455,#17456,#17457);
#17455 = CARTESIAN_POINT('',(129.45,-79.,1.51));
#17456 = DIRECTION('',(-0.,0.,-1.));
#17457 = DIRECTION('',(-0.,-1.,0.));
#17458 = FACE_BOUND('',#17459,.T.);
#17459 = EDGE_LOOP('',(#17460));
#17460 = ORIENTED_EDGE('',*,*,#17461,.F.);
#17461 = EDGE_CURVE('',#17462,#17462,#17464,.T.);
#17462 = VERTEX_POINT('',#17463);
#17463 = CARTESIAN_POINT('',(130.22889,-69.645139,1.51));
#17464 = CIRCLE('',#17465,0.75);
#17465 = AXIS2_PLACEMENT_3D('',#17466,#17467,#17468);
#17466 = CARTESIAN_POINT('',(129.47889,-69.645139,1.51));
#17467 = DIRECTION('',(0.,0.,1.));
#17468 = DIRECTION('',(1.,0.,-0.));
#17469 = FACE_BOUND('',#17470,.T.);
#17470 = EDGE_LOOP('',(#17471));
#17471 = ORIENTED_EDGE('',*,*,#17472,.T.);
#17472 = EDGE_CURVE('',#17473,#17473,#17475,.T.);
#17473 = VERTEX_POINT('',#17474);
#17474 = CARTESIAN_POINT('',(133.943268,-74.054091,1.51));
#17475 = CIRCLE('',#17476,0.375);
#17476 = AXIS2_PLACEMENT_3D('',#17477,#17478,#17479);
#17477 = CARTESIAN_POINT('',(133.943268,-73.679091,1.51));
#17478 = DIRECTION('',(-0.,0.,-1.));
#17479 = DIRECTION('',(-0.,-1.,0.));
#17480 = FACE_BOUND('',#17481,.T.);
#17481 = EDGE_LOOP('',(#17482));
#17482 = ORIENTED_EDGE('',*,*,#17483,.T.);
#17483 = EDGE_CURVE('',#17484,#17484,#17486,.T.);
#17484 = VERTEX_POINT('',#17485);
#17485 = CARTESIAN_POINT('',(135.943268,-74.054091,1.51));
#17486 = CIRCLE('',#17487,0.375);
#17487 = AXIS2_PLACEMENT_3D('',#17488,#17489,#17490);
#17488 = CARTESIAN_POINT('',(135.943268,-73.679091,1.51));
#17489 = DIRECTION('',(-0.,0.,-1.));
#17490 = DIRECTION('',(-0.,-1.,0.));
#17491 = FACE_BOUND('',#17492,.T.);
#17492 = EDGE_LOOP('',(#17493));
#17493 = ORIENTED_EDGE('',*,*,#17494,.T.);
#17494 = EDGE_CURVE('',#17495,#17495,#17497,.T.);
#17495 = VERTEX_POINT('',#17496);
#17496 = CARTESIAN_POINT('',(137.943268,-74.054091,1.51));
#17497 = CIRCLE('',#17498,0.375);
#17498 = AXIS2_PLACEMENT_3D('',#17499,#17500,#17501);
#17499 = CARTESIAN_POINT('',(137.943268,-73.679091,1.51));
#17500 = DIRECTION('',(-0.,0.,-1.));
#17501 = DIRECTION('',(-0.,-1.,0.));
#17502 = FACE_BOUND('',#17503,.T.);
#17503 = EDGE_LOOP('',(#17504));
#17504 = ORIENTED_EDGE('',*,*,#17505,.T.);
#17505 = EDGE_CURVE('',#17506,#17506,#17508,.T.);
#17506 = VERTEX_POINT('',#17507);
#17507 = CARTESIAN_POINT('',(151.45,-87.12,1.51));
#17508 = CIRCLE('',#17509,0.5);
#17509 = AXIS2_PLACEMENT_3D('',#17510,#17511,#17512);
#17510 = CARTESIAN_POINT('',(151.45,-86.62,1.51));
#17511 = DIRECTION('',(-0.,0.,-1.));
#17512 = DIRECTION('',(-0.,-1.,0.));
#17513 = FACE_BOUND('',#17514,.T.);
#17514 = EDGE_LOOP('',(#17515));
#17515 = ORIENTED_EDGE('',*,*,#17516,.T.);
#17516 = EDGE_CURVE('',#17517,#17517,#17519,.T.);
#17517 = VERTEX_POINT('',#17518);
#17518 = CARTESIAN_POINT('',(151.45,-84.58,1.51));
#17519 = CIRCLE('',#17520,0.5);
#17520 = AXIS2_PLACEMENT_3D('',#17521,#17522,#17523);
#17521 = CARTESIAN_POINT('',(151.45,-84.08,1.51));
#17522 = DIRECTION('',(-0.,0.,-1.));
#17523 = DIRECTION('',(-0.,-1.,0.));
#17524 = FACE_BOUND('',#17525,.T.);
#17525 = EDGE_LOOP('',(#17526));
#17526 = ORIENTED_EDGE('',*,*,#17527,.T.);
#17527 = EDGE_CURVE('',#17528,#17528,#17530,.T.);
#17528 = VERTEX_POINT('',#17529);
#17529 = CARTESIAN_POINT('',(151.45,-82.04,1.51));
#17530 = CIRCLE('',#17531,0.5);
#17531 = AXIS2_PLACEMENT_3D('',#17532,#17533,#17534);
#17532 = CARTESIAN_POINT('',(151.45,-81.54,1.51));
#17533 = DIRECTION('',(-0.,0.,-1.));
#17534 = DIRECTION('',(-0.,-1.,0.));
#17535 = FACE_BOUND('',#17536,.T.);
#17536 = EDGE_LOOP('',(#17537));
#17537 = ORIENTED_EDGE('',*,*,#17538,.T.);
#17538 = EDGE_CURVE('',#17539,#17539,#17541,.T.);
#17539 = VERTEX_POINT('',#17540);
#17540 = CARTESIAN_POINT('',(151.45,-79.5,1.51));
#17541 = CIRCLE('',#17542,0.5);
#17542 = AXIS2_PLACEMENT_3D('',#17543,#17544,#17545);
#17543 = CARTESIAN_POINT('',(151.45,-79.,1.51));
#17544 = DIRECTION('',(-0.,0.,-1.));
#17545 = DIRECTION('',(-0.,-1.,0.));
#17546 = FACE_BOUND('',#17547,.T.);
#17547 = EDGE_LOOP('',(#17548));
#17548 = ORIENTED_EDGE('',*,*,#17549,.T.);
#17549 = EDGE_CURVE('',#17550,#17550,#17552,.T.);
#17550 = VERTEX_POINT('',#17551);
#17551 = CARTESIAN_POINT('',(142.95,-74.059139,1.51));
#17552 = CIRCLE('',#17553,0.375);
#17553 = AXIS2_PLACEMENT_3D('',#17554,#17555,#17556);
#17554 = CARTESIAN_POINT('',(142.95,-73.684139,1.51));
#17555 = DIRECTION('',(-0.,0.,-1.));
#17556 = DIRECTION('',(-0.,-1.,0.));
#17557 = FACE_BOUND('',#17558,.T.);
#17558 = EDGE_LOOP('',(#17559));
#17559 = ORIENTED_EDGE('',*,*,#17560,.T.);
#17560 = EDGE_CURVE('',#17561,#17561,#17563,.T.);
#17561 = VERTEX_POINT('',#17562);
#17562 = CARTESIAN_POINT('',(144.95,-74.059139,1.51));
#17563 = CIRCLE('',#17564,0.375);
#17564 = AXIS2_PLACEMENT_3D('',#17565,#17566,#17567);
#17565 = CARTESIAN_POINT('',(144.95,-73.684139,1.51));
#17566 = DIRECTION('',(-0.,0.,-1.));
#17567 = DIRECTION('',(-0.,-1.,0.));
#17568 = FACE_BOUND('',#17569,.T.);
#17569 = EDGE_LOOP('',(#17570));
#17570 = ORIENTED_EDGE('',*,*,#17571,.T.);
#17571 = EDGE_CURVE('',#17572,#17572,#17574,.T.);
#17572 = VERTEX_POINT('',#17573);
#17573 = CARTESIAN_POINT('',(146.95,-74.059139,1.51));
#17574 = CIRCLE('',#17575,0.375);
#17575 = AXIS2_PLACEMENT_3D('',#17576,#17577,#17578);
#17576 = CARTESIAN_POINT('',(146.95,-73.684139,1.51));
#17577 = DIRECTION('',(-0.,0.,-1.));
#17578 = DIRECTION('',(-0.,-1.,0.));
#17579 = FACE_BOUND('',#17580,.T.);
#17580 = EDGE_LOOP('',(#17581));
#17581 = ORIENTED_EDGE('',*,*,#17582,.F.);
#17582 = EDGE_CURVE('',#17583,#17583,#17585,.T.);
#17583 = VERTEX_POINT('',#17584);
#17584 = CARTESIAN_POINT('',(152.22889,-69.645139,1.51));
#17585 = CIRCLE('',#17586,0.75);
#17586 = AXIS2_PLACEMENT_3D('',#17587,#17588,#17589);
#17587 = CARTESIAN_POINT('',(151.47889,-69.645139,1.51));
#17588 = DIRECTION('',(0.,0.,1.));
#17589 = DIRECTION('',(1.,0.,-0.));
#17590 = PLANE('',#17591);
#17591 = AXIS2_PLACEMENT_3D('',#17592,#17593,#17594);
#17592 = CARTESIAN_POINT('',(0.,0.,1.51));
#17593 = DIRECTION('',(0.,0.,1.));
#17594 = DIRECTION('',(1.,0.,-0.));
#17595 = ADVANCED_FACE('',(#17596),#17607,.T.);
#17596 = FACE_BOUND('',#17597,.T.);
#17597 = EDGE_LOOP('',(#17598,#17604,#17605,#17606));
#17598 = ORIENTED_EDGE('',*,*,#17599,.T.);
#17599 = EDGE_CURVE('',#16618,#17110,#17600,.T.);
#17600 = LINE('',#17601,#17602);
#17601 = CARTESIAN_POINT('',(125.91889,-70.585139,0.));
#17602 = VECTOR('',#17603,1.);
#17603 = DIRECTION('',(0.,0.,1.));
#17604 = ORIENTED_EDGE('',*,*,#17109,.T.);
#17605 = ORIENTED_EDGE('',*,*,#16553,.F.);
#17606 = ORIENTED_EDGE('',*,*,#16617,.F.);
#17607 = CYLINDRICAL_SURFACE('',#17608,3.690000077087);
#17608 = AXIS2_PLACEMENT_3D('',#17609,#17610,#17611);
#17609 = CARTESIAN_POINT('',(129.60889007708,-70.58513907708,0.));
#17610 = DIRECTION('',(0.,0.,-1.));
#17611 = DIRECTION('',(-1.,2.089088412933E-08,0.));
#17612 = ADVANCED_FACE('',(#17613),#17624,.T.);
#17613 = FACE_BOUND('',#17614,.T.);
#17614 = EDGE_LOOP('',(#17615,#17616,#17617,#17623));
#17615 = ORIENTED_EDGE('',*,*,#16593,.T.);
#17616 = ORIENTED_EDGE('',*,*,#17143,.T.);
#17617 = ORIENTED_EDGE('',*,*,#17618,.F.);
#17618 = EDGE_CURVE('',#16644,#17136,#17619,.T.);
#17619 = LINE('',#17620,#17621);
#17620 = CARTESIAN_POINT('',(151.34889,-110.895139,0.));
#17621 = VECTOR('',#17622,1.);
#17622 = DIRECTION('',(0.,0.,1.));
#17623 = ORIENTED_EDGE('',*,*,#16651,.F.);
#17624 = CYLINDRICAL_SURFACE('',#17625,3.690000077087);
#17625 = AXIS2_PLACEMENT_3D('',#17626,#17627,#17628);
#17626 = CARTESIAN_POINT('',(151.34888992291,-107.2051389229,0.));
#17627 = DIRECTION('',(0.,0.,-1.));
#17628 = DIRECTION('',(1.,-2.089088798051E-08,0.));
#17629 = ADVANCED_FACE('',(#17630),#17641,.T.);
#17630 = FACE_BOUND('',#17631,.T.);
#17631 = EDGE_LOOP('',(#17632,#17638,#17639,#17640));
#17632 = ORIENTED_EDGE('',*,*,#17633,.T.);
#17633 = EDGE_CURVE('',#16627,#17119,#17634,.T.);
#17634 = LINE('',#17635,#17636);
#17635 = CARTESIAN_POINT('',(125.91889,-107.205139,0.));
#17636 = VECTOR('',#17637,1.);
#17637 = DIRECTION('',(0.,0.,1.));
#17638 = ORIENTED_EDGE('',*,*,#17118,.T.);
#17639 = ORIENTED_EDGE('',*,*,#17599,.F.);
#17640 = ORIENTED_EDGE('',*,*,#16626,.F.);
#17641 = PLANE('',#17642);
#17642 = AXIS2_PLACEMENT_3D('',#17643,#17644,#17645);
#17643 = CARTESIAN_POINT('',(125.91889,-107.205139,0.));
#17644 = DIRECTION('',(-1.,0.,0.));
#17645 = DIRECTION('',(0.,1.,0.));
#17646 = ADVANCED_FACE('',(#17647),#17658,.T.);
#17647 = FACE_BOUND('',#17648,.T.);
#17648 = EDGE_LOOP('',(#17649,#17650,#17651,#17657));
#17649 = ORIENTED_EDGE('',*,*,#17618,.T.);
#17650 = ORIENTED_EDGE('',*,*,#17135,.T.);
#17651 = ORIENTED_EDGE('',*,*,#17652,.F.);
#17652 = EDGE_CURVE('',#16635,#17127,#17653,.T.);
#17653 = LINE('',#17654,#17655);
#17654 = CARTESIAN_POINT('',(129.60889,-110.895139,0.));
#17655 = VECTOR('',#17656,1.);
#17656 = DIRECTION('',(0.,0.,1.));
#17657 = ORIENTED_EDGE('',*,*,#16643,.F.);
#17658 = PLANE('',#17659);
#17659 = AXIS2_PLACEMENT_3D('',#17660,#17661,#17662);
#17660 = CARTESIAN_POINT('',(151.34889,-110.895139,0.));
#17661 = DIRECTION('',(0.,-1.,0.));
#17662 = DIRECTION('',(-1.,0.,0.));
#17663 = ADVANCED_FACE('',(#17664),#17670,.T.);
#17664 = FACE_BOUND('',#17665,.T.);
#17665 = EDGE_LOOP('',(#17666,#17667,#17668,#17669));
#17666 = ORIENTED_EDGE('',*,*,#17652,.T.);
#17667 = ORIENTED_EDGE('',*,*,#17126,.T.);
#17668 = ORIENTED_EDGE('',*,*,#17633,.F.);
#17669 = ORIENTED_EDGE('',*,*,#16634,.F.);
#17670 = CYLINDRICAL_SURFACE('',#17671,3.690000077087);
#17671 = AXIS2_PLACEMENT_3D('',#17672,#17673,#17674);
#17672 = CARTESIAN_POINT('',(129.60889007708,-107.2051389229,0.));
#17673 = DIRECTION('',(0.,0.,-1.));
#17674 = DIRECTION('',(-2.089088027815E-08,-1.,-0.));
#17675 = ADVANCED_FACE('',(#17676),#17687,.F.);
#17676 = FACE_BOUND('',#17677,.T.);
#17677 = EDGE_LOOP('',(#17678,#17684,#17685,#17686));
#17678 = ORIENTED_EDGE('',*,*,#17679,.T.);
#17679 = EDGE_CURVE('',#16662,#17154,#17680,.T.);
#17680 = LINE('',#17681,#17682);
#17681 = CARTESIAN_POINT('',(130.22889,-108.145139,0.));
#17682 = VECTOR('',#17683,1.);
#17683 = DIRECTION('',(0.,0.,1.));
#17684 = ORIENTED_EDGE('',*,*,#17153,.T.);
#17685 = ORIENTED_EDGE('',*,*,#17679,.F.);
#17686 = ORIENTED_EDGE('',*,*,#16661,.F.);
#17687 = CYLINDRICAL_SURFACE('',#17688,0.75);
#17688 = AXIS2_PLACEMENT_3D('',#17689,#17690,#17691);
#17689 = CARTESIAN_POINT('',(129.47889,-108.145139,0.));
#17690 = DIRECTION('',(-0.,-0.,-1.));
#17691 = DIRECTION('',(1.,0.,-0.));
#17692 = ADVANCED_FACE('',(#17693),#17704,.F.);
#17693 = FACE_BOUND('',#17694,.T.);
#17694 = EDGE_LOOP('',(#17695,#17696,#17702,#17703));
#17695 = ORIENTED_EDGE('',*,*,#16672,.T.);
#17696 = ORIENTED_EDGE('',*,*,#17697,.T.);
#17697 = EDGE_CURVE('',#16673,#17165,#17698,.T.);
#17698 = LINE('',#17699,#17700);
#17699 = CARTESIAN_POINT('',(129.45,-104.9,-4.6E-02));
#17700 = VECTOR('',#17701,1.);
#17701 = DIRECTION('',(0.,0.,1.));
#17702 = ORIENTED_EDGE('',*,*,#17164,.F.);
#17703 = ORIENTED_EDGE('',*,*,#17697,.F.);
#17704 = CYLINDRICAL_SURFACE('',#17705,0.5);
#17705 = AXIS2_PLACEMENT_3D('',#17706,#17707,#17708);
#17706 = CARTESIAN_POINT('',(129.45,-104.4,-4.6E-02));
#17707 = DIRECTION('',(-0.,-0.,-1.));
#17708 = DIRECTION('',(-0.,-1.,0.));
#17709 = ADVANCED_FACE('',(#17710),#17721,.F.);
#17710 = FACE_BOUND('',#17711,.T.);
#17711 = EDGE_LOOP('',(#17712,#17713,#17719,#17720));
#17712 = ORIENTED_EDGE('',*,*,#16683,.T.);
#17713 = ORIENTED_EDGE('',*,*,#17714,.T.);
#17714 = EDGE_CURVE('',#16684,#17176,#17715,.T.);
#17715 = LINE('',#17716,#17717);
#17716 = CARTESIAN_POINT('',(133.95,-104.425,-4.6E-02));
#17717 = VECTOR('',#17718,1.);
#17718 = DIRECTION('',(0.,0.,1.));
#17719 = ORIENTED_EDGE('',*,*,#17175,.F.);
#17720 = ORIENTED_EDGE('',*,*,#17714,.F.);
#17721 = CYLINDRICAL_SURFACE('',#17722,0.375);
#17722 = AXIS2_PLACEMENT_3D('',#17723,#17724,#17725);
#17723 = CARTESIAN_POINT('',(133.95,-104.05,-4.6E-02));
#17724 = DIRECTION('',(-0.,-0.,-1.));
#17725 = DIRECTION('',(-0.,-1.,0.));
#17726 = ADVANCED_FACE('',(#17727),#17738,.F.);
#17727 = FACE_BOUND('',#17728,.T.);
#17728 = EDGE_LOOP('',(#17729,#17730,#17736,#17737));
#17729 = ORIENTED_EDGE('',*,*,#16694,.T.);
#17730 = ORIENTED_EDGE('',*,*,#17731,.T.);
#17731 = EDGE_CURVE('',#16695,#17187,#17732,.T.);
#17732 = LINE('',#17733,#17734);
#17733 = CARTESIAN_POINT('',(129.45,-102.36,-4.6E-02));
#17734 = VECTOR('',#17735,1.);
#17735 = DIRECTION('',(0.,0.,1.));
#17736 = ORIENTED_EDGE('',*,*,#17186,.F.);
#17737 = ORIENTED_EDGE('',*,*,#17731,.F.);
#17738 = CYLINDRICAL_SURFACE('',#17739,0.5);
#17739 = AXIS2_PLACEMENT_3D('',#17740,#17741,#17742);
#17740 = CARTESIAN_POINT('',(129.45,-101.86,-4.6E-02));
#17741 = DIRECTION('',(-0.,-0.,-1.));
#17742 = DIRECTION('',(-0.,-1.,0.));
#17743 = ADVANCED_FACE('',(#17744),#17755,.F.);
#17744 = FACE_BOUND('',#17745,.T.);
#17745 = EDGE_LOOP('',(#17746,#17747,#17753,#17754));
#17746 = ORIENTED_EDGE('',*,*,#16705,.T.);
#17747 = ORIENTED_EDGE('',*,*,#17748,.T.);
#17748 = EDGE_CURVE('',#16706,#17198,#17749,.T.);
#17749 = LINE('',#17750,#17751);
#17750 = CARTESIAN_POINT('',(129.45,-99.82,-4.6E-02));
#17751 = VECTOR('',#17752,1.);
#17752 = DIRECTION('',(0.,0.,1.));
#17753 = ORIENTED_EDGE('',*,*,#17197,.F.);
#17754 = ORIENTED_EDGE('',*,*,#17748,.F.);
#17755 = CYLINDRICAL_SURFACE('',#17756,0.5);
#17756 = AXIS2_PLACEMENT_3D('',#17757,#17758,#17759);
#17757 = CARTESIAN_POINT('',(129.45,-99.32,-4.6E-02));
#17758 = DIRECTION('',(-0.,-0.,-1.));
#17759 = DIRECTION('',(-0.,-1.,0.));
#17760 = ADVANCED_FACE('',(#17761),#17772,.F.);
#17761 = FACE_BOUND('',#17762,.T.);
#17762 = EDGE_LOOP('',(#17763,#17764,#17770,#17771));
#17763 = ORIENTED_EDGE('',*,*,#16716,.T.);
#17764 = ORIENTED_EDGE('',*,*,#17765,.T.);
#17765 = EDGE_CURVE('',#16717,#17209,#17766,.T.);
#17766 = LINE('',#17767,#17768);
#17767 = CARTESIAN_POINT('',(135.95,-104.425,-4.6E-02));
#17768 = VECTOR('',#17769,1.);
#17769 = DIRECTION('',(0.,0.,1.));
#17770 = ORIENTED_EDGE('',*,*,#17208,.F.);
#17771 = ORIENTED_EDGE('',*,*,#17765,.F.);
#17772 = CYLINDRICAL_SURFACE('',#17773,0.375);
#17773 = AXIS2_PLACEMENT_3D('',#17774,#17775,#17776);
#17774 = CARTESIAN_POINT('',(135.95,-104.05,-4.6E-02));
#17775 = DIRECTION('',(-0.,-0.,-1.));
#17776 = DIRECTION('',(-0.,-1.,0.));
#17777 = ADVANCED_FACE('',(#17778),#17789,.F.);
#17778 = FACE_BOUND('',#17779,.T.);
#17779 = EDGE_LOOP('',(#17780,#17781,#17787,#17788));
#17780 = ORIENTED_EDGE('',*,*,#16727,.T.);
#17781 = ORIENTED_EDGE('',*,*,#17782,.T.);
#17782 = EDGE_CURVE('',#16728,#17220,#17783,.T.);
#17783 = LINE('',#17784,#17785);
#17784 = CARTESIAN_POINT('',(137.95,-104.425,-4.6E-02));
#17785 = VECTOR('',#17786,1.);
#17786 = DIRECTION('',(0.,0.,1.));
#17787 = ORIENTED_EDGE('',*,*,#17219,.F.);
#17788 = ORIENTED_EDGE('',*,*,#17782,.F.);
#17789 = CYLINDRICAL_SURFACE('',#17790,0.375);
#17790 = AXIS2_PLACEMENT_3D('',#17791,#17792,#17793);
#17791 = CARTESIAN_POINT('',(137.95,-104.05,-4.6E-02));
#17792 = DIRECTION('',(-0.,-0.,-1.));
#17793 = DIRECTION('',(-0.,-1.,0.));
#17794 = ADVANCED_FACE('',(#17795),#17806,.F.);
#17795 = FACE_BOUND('',#17796,.T.);
#17796 = EDGE_LOOP('',(#17797,#17798,#17804,#17805));
#17797 = ORIENTED_EDGE('',*,*,#16738,.T.);
#17798 = ORIENTED_EDGE('',*,*,#17799,.T.);
#17799 = EDGE_CURVE('',#16739,#17231,#17800,.T.);
#17800 = LINE('',#17801,#17802);
#17801 = CARTESIAN_POINT('',(129.45,-97.28,-4.6E-02));
#17802 = VECTOR('',#17803,1.);
#17803 = DIRECTION('',(0.,0.,1.));
#17804 = ORIENTED_EDGE('',*,*,#17230,.F.);
#17805 = ORIENTED_EDGE('',*,*,#17799,.F.);
#17806 = CYLINDRICAL_SURFACE('',#17807,0.5);
#17807 = AXIS2_PLACEMENT_3D('',#17808,#17809,#17810);
#17808 = CARTESIAN_POINT('',(129.45,-96.78,-4.6E-02));
#17809 = DIRECTION('',(-0.,-0.,-1.));
#17810 = DIRECTION('',(-0.,-1.,0.));
#17811 = ADVANCED_FACE('',(#17812),#17823,.F.);
#17812 = FACE_BOUND('',#17813,.T.);
#17813 = EDGE_LOOP('',(#17814,#17815,#17821,#17822));
#17814 = ORIENTED_EDGE('',*,*,#16749,.T.);
#17815 = ORIENTED_EDGE('',*,*,#17816,.T.);
#17816 = EDGE_CURVE('',#16750,#17242,#17817,.T.);
#17817 = LINE('',#17818,#17819);
#17818 = CARTESIAN_POINT('',(129.45,-94.74,-4.6E-02));
#17819 = VECTOR('',#17820,1.);
#17820 = DIRECTION('',(0.,0.,1.));
#17821 = ORIENTED_EDGE('',*,*,#17241,.F.);
#17822 = ORIENTED_EDGE('',*,*,#17816,.F.);
#17823 = CYLINDRICAL_SURFACE('',#17824,0.5);
#17824 = AXIS2_PLACEMENT_3D('',#17825,#17826,#17827);
#17825 = CARTESIAN_POINT('',(129.45,-94.24,-4.6E-02));
#17826 = DIRECTION('',(-0.,-0.,-1.));
#17827 = DIRECTION('',(-0.,-1.,0.));
#17828 = ADVANCED_FACE('',(#17829),#17840,.F.);
#17829 = FACE_BOUND('',#17830,.T.);
#17830 = EDGE_LOOP('',(#17831,#17832,#17838,#17839));
#17831 = ORIENTED_EDGE('',*,*,#16760,.T.);
#17832 = ORIENTED_EDGE('',*,*,#17833,.T.);
#17833 = EDGE_CURVE('',#16761,#17253,#17834,.T.);
#17834 = LINE('',#17835,#17836);
#17835 = CARTESIAN_POINT('',(129.45,-92.2,-4.6E-02));
#17836 = VECTOR('',#17837,1.);
#17837 = DIRECTION('',(0.,0.,1.));
#17838 = ORIENTED_EDGE('',*,*,#17252,.F.);
#17839 = ORIENTED_EDGE('',*,*,#17833,.F.);
#17840 = CYLINDRICAL_SURFACE('',#17841,0.5);
#17841 = AXIS2_PLACEMENT_3D('',#17842,#17843,#17844);
#17842 = CARTESIAN_POINT('',(129.45,-91.7,-4.6E-02));
#17843 = DIRECTION('',(-0.,-0.,-1.));
#17844 = DIRECTION('',(-0.,-1.,0.));
#17845 = ADVANCED_FACE('',(#17846),#17857,.F.);
#17846 = FACE_BOUND('',#17847,.T.);
#17847 = EDGE_LOOP('',(#17848,#17849,#17855,#17856));
#17848 = ORIENTED_EDGE('',*,*,#16771,.T.);
#17849 = ORIENTED_EDGE('',*,*,#17850,.T.);
#17850 = EDGE_CURVE('',#16772,#17264,#17851,.T.);
#17851 = LINE('',#17852,#17853);
#17852 = CARTESIAN_POINT('',(129.45,-89.66,-4.6E-02));
#17853 = VECTOR('',#17854,1.);
#17854 = DIRECTION('',(0.,0.,1.));
#17855 = ORIENTED_EDGE('',*,*,#17263,.F.);
#17856 = ORIENTED_EDGE('',*,*,#17850,.F.);
#17857 = CYLINDRICAL_SURFACE('',#17858,0.5);
#17858 = AXIS2_PLACEMENT_3D('',#17859,#17860,#17861);
#17859 = CARTESIAN_POINT('',(129.45,-89.16,-4.6E-02));
#17860 = DIRECTION('',(-0.,-0.,-1.));
#17861 = DIRECTION('',(-0.,-1.,0.));
#17862 = ADVANCED_FACE('',(#17863),#17874,.F.);
#17863 = FACE_BOUND('',#17864,.T.);
#17864 = EDGE_LOOP('',(#17865,#17866,#17872,#17873));
#17865 = ORIENTED_EDGE('',*,*,#16782,.T.);
#17866 = ORIENTED_EDGE('',*,*,#17867,.T.);
#17867 = EDGE_CURVE('',#16783,#17275,#17868,.T.);
#17868 = LINE('',#17869,#17870);
#17869 = CARTESIAN_POINT('',(132.45,-93.125,-4.6E-02));
#17870 = VECTOR('',#17871,1.);
#17871 = DIRECTION('',(0.,0.,1.));
#17872 = ORIENTED_EDGE('',*,*,#17274,.F.);
#17873 = ORIENTED_EDGE('',*,*,#17867,.F.);
#17874 = CYLINDRICAL_SURFACE('',#17875,0.125);
#17875 = AXIS2_PLACEMENT_3D('',#17876,#17877,#17878);
#17876 = CARTESIAN_POINT('',(132.45,-93.,-4.6E-02));
#17877 = DIRECTION('',(-0.,-0.,-1.));
#17878 = DIRECTION('',(-0.,-1.,0.));
#17879 = ADVANCED_FACE('',(#17880),#17891,.F.);
#17880 = FACE_BOUND('',#17881,.T.);
#17881 = EDGE_LOOP('',(#17882,#17883,#17889,#17890));
#17882 = ORIENTED_EDGE('',*,*,#16793,.T.);
#17883 = ORIENTED_EDGE('',*,*,#17884,.T.);
#17884 = EDGE_CURVE('',#16794,#17286,#17885,.T.);
#17885 = LINE('',#17886,#17887);
#17886 = CARTESIAN_POINT('',(133.45,-93.125,-4.6E-02));
#17887 = VECTOR('',#17888,1.);
#17888 = DIRECTION('',(0.,0.,1.));
#17889 = ORIENTED_EDGE('',*,*,#17285,.F.);
#17890 = ORIENTED_EDGE('',*,*,#17884,.F.);
#17891 = CYLINDRICAL_SURFACE('',#17892,0.125);
#17892 = AXIS2_PLACEMENT_3D('',#17893,#17894,#17895);
#17893 = CARTESIAN_POINT('',(133.45,-93.,-4.6E-02));
#17894 = DIRECTION('',(-0.,-0.,-1.));
#17895 = DIRECTION('',(-0.,-1.,0.));
#17896 = ADVANCED_FACE('',(#17897),#17908,.F.);
#17897 = FACE_BOUND('',#17898,.T.);
#17898 = EDGE_LOOP('',(#17899,#17900,#17906,#17907));
#17899 = ORIENTED_EDGE('',*,*,#16804,.T.);
#17900 = ORIENTED_EDGE('',*,*,#17901,.T.);
#17901 = EDGE_CURVE('',#16805,#17297,#17902,.T.);
#17902 = LINE('',#17903,#17904);
#17903 = CARTESIAN_POINT('',(142.95,-104.425,-4.6E-02));
#17904 = VECTOR('',#17905,1.);
#17905 = DIRECTION('',(0.,0.,1.));
#17906 = ORIENTED_EDGE('',*,*,#17296,.F.);
#17907 = ORIENTED_EDGE('',*,*,#17901,.F.);
#17908 = CYLINDRICAL_SURFACE('',#17909,0.375);
#17909 = AXIS2_PLACEMENT_3D('',#17910,#17911,#17912);
#17910 = CARTESIAN_POINT('',(142.95,-104.05,-4.6E-02));
#17911 = DIRECTION('',(-0.,-0.,-1.));
#17912 = DIRECTION('',(-0.,-1.,0.));
#17913 = ADVANCED_FACE('',(#17914),#17925,.F.);
#17914 = FACE_BOUND('',#17915,.T.);
#17915 = EDGE_LOOP('',(#17916,#17917,#17923,#17924));
#17916 = ORIENTED_EDGE('',*,*,#16815,.T.);
#17917 = ORIENTED_EDGE('',*,*,#17918,.T.);
#17918 = EDGE_CURVE('',#16816,#17308,#17919,.T.);
#17919 = LINE('',#17920,#17921);
#17920 = CARTESIAN_POINT('',(144.95,-104.425,-4.6E-02));
#17921 = VECTOR('',#17922,1.);
#17922 = DIRECTION('',(0.,0.,1.));
#17923 = ORIENTED_EDGE('',*,*,#17307,.F.);
#17924 = ORIENTED_EDGE('',*,*,#17918,.F.);
#17925 = CYLINDRICAL_SURFACE('',#17926,0.375);
#17926 = AXIS2_PLACEMENT_3D('',#17927,#17928,#17929);
#17927 = CARTESIAN_POINT('',(144.95,-104.05,-4.6E-02));
#17928 = DIRECTION('',(-0.,-0.,-1.));
#17929 = DIRECTION('',(-0.,-1.,0.));
#17930 = ADVANCED_FACE('',(#17931),#17942,.F.);
#17931 = FACE_BOUND('',#17932,.T.);
#17932 = EDGE_LOOP('',(#17933,#17934,#17940,#17941));
#17933 = ORIENTED_EDGE('',*,*,#16826,.T.);
#17934 = ORIENTED_EDGE('',*,*,#17935,.T.);
#17935 = EDGE_CURVE('',#16827,#17319,#17936,.T.);
#17936 = LINE('',#17937,#17938);
#17937 = CARTESIAN_POINT('',(146.95,-104.425,-4.6E-02));
#17938 = VECTOR('',#17939,1.);
#17939 = DIRECTION('',(0.,0.,1.));
#17940 = ORIENTED_EDGE('',*,*,#17318,.F.);
#17941 = ORIENTED_EDGE('',*,*,#17935,.F.);
#17942 = CYLINDRICAL_SURFACE('',#17943,0.375);
#17943 = AXIS2_PLACEMENT_3D('',#17944,#17945,#17946);
#17944 = CARTESIAN_POINT('',(146.95,-104.05,-4.6E-02));
#17945 = DIRECTION('',(-0.,-0.,-1.));
#17946 = DIRECTION('',(-0.,-1.,0.));
#17947 = ADVANCED_FACE('',(#17948),#17959,.F.);
#17948 = FACE_BOUND('',#17949,.T.);
#17949 = EDGE_LOOP('',(#17950,#17956,#17957,#17958));
#17950 = ORIENTED_EDGE('',*,*,#17951,.T.);
#17951 = EDGE_CURVE('',#16838,#17330,#17952,.T.);
#17952 = LINE('',#17953,#17954);
#17953 = CARTESIAN_POINT('',(152.22889,-108.145139,0.));
#17954 = VECTOR('',#17955,1.);
#17955 = DIRECTION('',(0.,0.,1.));
#17956 = ORIENTED_EDGE('',*,*,#17329,.T.);
#17957 = ORIENTED_EDGE('',*,*,#17951,.F.);
#17958 = ORIENTED_EDGE('',*,*,#16837,.F.);
#17959 = CYLINDRICAL_SURFACE('',#17960,0.75);
#17960 = AXIS2_PLACEMENT_3D('',#17961,#17962,#17963);
#17961 = CARTESIAN_POINT('',(151.47889,-108.145139,0.));
#17962 = DIRECTION('',(-0.,-0.,-1.));
#17963 = DIRECTION('',(1.,0.,-0.));
#17964 = ADVANCED_FACE('',(#17965),#17976,.F.);
#17965 = FACE_BOUND('',#17966,.T.);
#17966 = EDGE_LOOP('',(#17967,#17968,#17974,#17975));
#17967 = ORIENTED_EDGE('',*,*,#16848,.T.);
#17968 = ORIENTED_EDGE('',*,*,#17969,.T.);
#17969 = EDGE_CURVE('',#16849,#17341,#17970,.T.);
#17970 = LINE('',#17971,#17972);
#17971 = CARTESIAN_POINT('',(151.45,-104.9,-4.6E-02));
#17972 = VECTOR('',#17973,1.);
#17973 = DIRECTION('',(0.,0.,1.));
#17974 = ORIENTED_EDGE('',*,*,#17340,.F.);
#17975 = ORIENTED_EDGE('',*,*,#17969,.F.);
#17976 = CYLINDRICAL_SURFACE('',#17977,0.5);
#17977 = AXIS2_PLACEMENT_3D('',#17978,#17979,#17980);
#17978 = CARTESIAN_POINT('',(151.45,-104.4,-4.6E-02));
#17979 = DIRECTION('',(-0.,-0.,-1.));
#17980 = DIRECTION('',(-0.,-1.,0.));
#17981 = ADVANCED_FACE('',(#17982),#17993,.F.);
#17982 = FACE_BOUND('',#17983,.T.);
#17983 = EDGE_LOOP('',(#17984,#17985,#17991,#17992));
#17984 = ORIENTED_EDGE('',*,*,#16859,.T.);
#17985 = ORIENTED_EDGE('',*,*,#17986,.T.);
#17986 = EDGE_CURVE('',#16860,#17352,#17987,.T.);
#17987 = LINE('',#17988,#17989);
#17988 = CARTESIAN_POINT('',(151.45,-102.36,-4.6E-02));
#17989 = VECTOR('',#17990,1.);
#17990 = DIRECTION('',(0.,0.,1.));
#17991 = ORIENTED_EDGE('',*,*,#17351,.F.);
#17992 = ORIENTED_EDGE('',*,*,#17986,.F.);
#17993 = CYLINDRICAL_SURFACE('',#17994,0.5);
#17994 = AXIS2_PLACEMENT_3D('',#17995,#17996,#17997);
#17995 = CARTESIAN_POINT('',(151.45,-101.86,-4.6E-02));
#17996 = DIRECTION('',(-0.,-0.,-1.));
#17997 = DIRECTION('',(-0.,-1.,0.));
#17998 = ADVANCED_FACE('',(#17999),#18010,.F.);
#17999 = FACE_BOUND('',#18000,.T.);
#18000 = EDGE_LOOP('',(#18001,#18002,#18008,#18009));
#18001 = ORIENTED_EDGE('',*,*,#16870,.T.);
#18002 = ORIENTED_EDGE('',*,*,#18003,.T.);
#18003 = EDGE_CURVE('',#16871,#17363,#18004,.T.);
#18004 = LINE('',#18005,#18006);
#18005 = CARTESIAN_POINT('',(151.45,-99.82,-4.6E-02));
#18006 = VECTOR('',#18007,1.);
#18007 = DIRECTION('',(0.,0.,1.));
#18008 = ORIENTED_EDGE('',*,*,#17362,.F.);
#18009 = ORIENTED_EDGE('',*,*,#18003,.F.);
#18010 = CYLINDRICAL_SURFACE('',#18011,0.5);
#18011 = AXIS2_PLACEMENT_3D('',#18012,#18013,#18014);
#18012 = CARTESIAN_POINT('',(151.45,-99.32,-4.6E-02));
#18013 = DIRECTION('',(-0.,-0.,-1.));
#18014 = DIRECTION('',(-0.,-1.,0.));
#18015 = ADVANCED_FACE('',(#18016),#18027,.F.);
#18016 = FACE_BOUND('',#18017,.T.);
#18017 = EDGE_LOOP('',(#18018,#18019,#18025,#18026));
#18018 = ORIENTED_EDGE('',*,*,#16881,.T.);
#18019 = ORIENTED_EDGE('',*,*,#18020,.T.);
#18020 = EDGE_CURVE('',#16882,#17374,#18021,.T.);
#18021 = LINE('',#18022,#18023);
#18022 = CARTESIAN_POINT('',(151.45,-97.28,-4.6E-02));
#18023 = VECTOR('',#18024,1.);
#18024 = DIRECTION('',(0.,0.,1.));
#18025 = ORIENTED_EDGE('',*,*,#17373,.F.);
#18026 = ORIENTED_EDGE('',*,*,#18020,.F.);
#18027 = CYLINDRICAL_SURFACE('',#18028,0.5);
#18028 = AXIS2_PLACEMENT_3D('',#18029,#18030,#18031);
#18029 = CARTESIAN_POINT('',(151.45,-96.78,-4.6E-02));
#18030 = DIRECTION('',(-0.,-0.,-1.));
#18031 = DIRECTION('',(-0.,-1.,0.));
#18032 = ADVANCED_FACE('',(#18033),#18044,.F.);
#18033 = FACE_BOUND('',#18034,.T.);
#18034 = EDGE_LOOP('',(#18035,#18036,#18042,#18043));
#18035 = ORIENTED_EDGE('',*,*,#16892,.T.);
#18036 = ORIENTED_EDGE('',*,*,#18037,.T.);
#18037 = EDGE_CURVE('',#16893,#17385,#18038,.T.);
#18038 = LINE('',#18039,#18040);
#18039 = CARTESIAN_POINT('',(151.45,-94.74,-4.6E-02));
#18040 = VECTOR('',#18041,1.);
#18041 = DIRECTION('',(0.,0.,1.));
#18042 = ORIENTED_EDGE('',*,*,#17384,.F.);
#18043 = ORIENTED_EDGE('',*,*,#18037,.F.);
#18044 = CYLINDRICAL_SURFACE('',#18045,0.5);
#18045 = AXIS2_PLACEMENT_3D('',#18046,#18047,#18048);
#18046 = CARTESIAN_POINT('',(151.45,-94.24,-4.6E-02));
#18047 = DIRECTION('',(-0.,-0.,-1.));
#18048 = DIRECTION('',(-0.,-1.,0.));
#18049 = ADVANCED_FACE('',(#18050),#18061,.F.);
#18050 = FACE_BOUND('',#18051,.T.);
#18051 = EDGE_LOOP('',(#18052,#18053,#18059,#18060));
#18052 = ORIENTED_EDGE('',*,*,#16903,.T.);
#18053 = ORIENTED_EDGE('',*,*,#18054,.T.);
#18054 = EDGE_CURVE('',#16904,#17396,#18055,.T.);
#18055 = LINE('',#18056,#18057);
#18056 = CARTESIAN_POINT('',(151.45,-92.2,-4.6E-02));
#18057 = VECTOR('',#18058,1.);
#18058 = DIRECTION('',(0.,0.,1.));
#18059 = ORIENTED_EDGE('',*,*,#17395,.F.);
#18060 = ORIENTED_EDGE('',*,*,#18054,.F.);
#18061 = CYLINDRICAL_SURFACE('',#18062,0.5);
#18062 = AXIS2_PLACEMENT_3D('',#18063,#18064,#18065);
#18063 = CARTESIAN_POINT('',(151.45,-91.7,-4.6E-02));
#18064 = DIRECTION('',(-0.,-0.,-1.));
#18065 = DIRECTION('',(-0.,-1.,0.));
#18066 = ADVANCED_FACE('',(#18067),#18078,.F.);
#18067 = FACE_BOUND('',#18068,.T.);
#18068 = EDGE_LOOP('',(#18069,#18070,#18076,#18077));
#18069 = ORIENTED_EDGE('',*,*,#16914,.T.);
#18070 = ORIENTED_EDGE('',*,*,#18071,.T.);
#18071 = EDGE_CURVE('',#16915,#17407,#18072,.T.);
#18072 = LINE('',#18073,#18074);
#18073 = CARTESIAN_POINT('',(151.45,-89.66,-4.6E-02));
#18074 = VECTOR('',#18075,1.);
#18075 = DIRECTION('',(0.,0.,1.));
#18076 = ORIENTED_EDGE('',*,*,#17406,.F.);
#18077 = ORIENTED_EDGE('',*,*,#18071,.F.);
#18078 = CYLINDRICAL_SURFACE('',#18079,0.5);
#18079 = AXIS2_PLACEMENT_3D('',#18080,#18081,#18082);
#18080 = CARTESIAN_POINT('',(151.45,-89.16,-4.6E-02));
#18081 = DIRECTION('',(-0.,-0.,-1.));
#18082 = DIRECTION('',(-0.,-1.,0.));
#18083 = ADVANCED_FACE('',(#18084),#18095,.F.);
#18084 = FACE_BOUND('',#18085,.T.);
#18085 = EDGE_LOOP('',(#18086,#18087,#18093,#18094));
#18086 = ORIENTED_EDGE('',*,*,#16925,.T.);
#18087 = ORIENTED_EDGE('',*,*,#18088,.T.);
#18088 = EDGE_CURVE('',#16926,#17418,#18089,.T.);
#18089 = LINE('',#18090,#18091);
#18090 = CARTESIAN_POINT('',(129.45,-87.12,-4.6E-02));
#18091 = VECTOR('',#18092,1.);
#18092 = DIRECTION('',(0.,0.,1.));
#18093 = ORIENTED_EDGE('',*,*,#17417,.F.);
#18094 = ORIENTED_EDGE('',*,*,#18088,.F.);
#18095 = CYLINDRICAL_SURFACE('',#18096,0.5);
#18096 = AXIS2_PLACEMENT_3D('',#18097,#18098,#18099);
#18097 = CARTESIAN_POINT('',(129.45,-86.62,-4.6E-02));
#18098 = DIRECTION('',(-0.,-0.,-1.));
#18099 = DIRECTION('',(-0.,-1.,0.));
#18100 = ADVANCED_FACE('',(#18101),#18112,.F.);
#18101 = FACE_BOUND('',#18102,.T.);
#18102 = EDGE_LOOP('',(#18103,#18104,#18110,#18111));
#18103 = ORIENTED_EDGE('',*,*,#16936,.T.);
#18104 = ORIENTED_EDGE('',*,*,#18105,.T.);
#18105 = EDGE_CURVE('',#16937,#17429,#18106,.T.);
#18106 = LINE('',#18107,#18108);
#18107 = CARTESIAN_POINT('',(129.45,-84.58,-4.6E-02));
#18108 = VECTOR('',#18109,1.);
#18109 = DIRECTION('',(0.,0.,1.));
#18110 = ORIENTED_EDGE('',*,*,#17428,.F.);
#18111 = ORIENTED_EDGE('',*,*,#18105,.F.);
#18112 = CYLINDRICAL_SURFACE('',#18113,0.5);
#18113 = AXIS2_PLACEMENT_3D('',#18114,#18115,#18116);
#18114 = CARTESIAN_POINT('',(129.45,-84.08,-4.6E-02));
#18115 = DIRECTION('',(-0.,-0.,-1.));
#18116 = DIRECTION('',(-0.,-1.,0.));
#18117 = ADVANCED_FACE('',(#18118),#18129,.F.);
#18118 = FACE_BOUND('',#18119,.T.);
#18119 = EDGE_LOOP('',(#18120,#18121,#18127,#18128));
#18120 = ORIENTED_EDGE('',*,*,#16947,.T.);
#18121 = ORIENTED_EDGE('',*,*,#18122,.T.);
#18122 = EDGE_CURVE('',#16948,#17440,#18123,.T.);
#18123 = LINE('',#18124,#18125);
#18124 = CARTESIAN_POINT('',(129.45,-82.04,-4.6E-02));
#18125 = VECTOR('',#18126,1.);
#18126 = DIRECTION('',(0.,0.,1.));
#18127 = ORIENTED_EDGE('',*,*,#17439,.F.);
#18128 = ORIENTED_EDGE('',*,*,#18122,.F.);
#18129 = CYLINDRICAL_SURFACE('',#18130,0.5);
#18130 = AXIS2_PLACEMENT_3D('',#18131,#18132,#18133);
#18131 = CARTESIAN_POINT('',(129.45,-81.54,-4.6E-02));
#18132 = DIRECTION('',(-0.,-0.,-1.));
#18133 = DIRECTION('',(-0.,-1.,0.));
#18134 = ADVANCED_FACE('',(#18135),#18146,.F.);
#18135 = FACE_BOUND('',#18136,.T.);
#18136 = EDGE_LOOP('',(#18137,#18138,#18144,#18145));
#18137 = ORIENTED_EDGE('',*,*,#16958,.T.);
#18138 = ORIENTED_EDGE('',*,*,#18139,.T.);
#18139 = EDGE_CURVE('',#16959,#17451,#18140,.T.);
#18140 = LINE('',#18141,#18142);
#18141 = CARTESIAN_POINT('',(129.45,-79.5,-4.6E-02));
#18142 = VECTOR('',#18143,1.);
#18143 = DIRECTION('',(0.,0.,1.));
#18144 = ORIENTED_EDGE('',*,*,#17450,.F.);
#18145 = ORIENTED_EDGE('',*,*,#18139,.F.);
#18146 = CYLINDRICAL_SURFACE('',#18147,0.5);
#18147 = AXIS2_PLACEMENT_3D('',#18148,#18149,#18150);
#18148 = CARTESIAN_POINT('',(129.45,-79.,-4.6E-02));
#18149 = DIRECTION('',(-0.,-0.,-1.));
#18150 = DIRECTION('',(-0.,-1.,0.));
#18151 = ADVANCED_FACE('',(#18152),#18163,.F.);
#18152 = FACE_BOUND('',#18153,.T.);
#18153 = EDGE_LOOP('',(#18154,#18160,#18161,#18162));
#18154 = ORIENTED_EDGE('',*,*,#18155,.T.);
#18155 = EDGE_CURVE('',#16970,#17462,#18156,.T.);
#18156 = LINE('',#18157,#18158);
#18157 = CARTESIAN_POINT('',(130.22889,-69.645139,0.));
#18158 = VECTOR('',#18159,1.);
#18159 = DIRECTION('',(0.,0.,1.));
#18160 = ORIENTED_EDGE('',*,*,#17461,.T.);
#18161 = ORIENTED_EDGE('',*,*,#18155,.F.);
#18162 = ORIENTED_EDGE('',*,*,#16969,.F.);
#18163 = CYLINDRICAL_SURFACE('',#18164,0.75);
#18164 = AXIS2_PLACEMENT_3D('',#18165,#18166,#18167);
#18165 = CARTESIAN_POINT('',(129.47889,-69.645139,0.));
#18166 = DIRECTION('',(-0.,-0.,-1.));
#18167 = DIRECTION('',(1.,0.,-0.));
#18168 = ADVANCED_FACE('',(#18169),#18180,.F.);
#18169 = FACE_BOUND('',#18170,.T.);
#18170 = EDGE_LOOP('',(#18171,#18172,#18178,#18179));
#18171 = ORIENTED_EDGE('',*,*,#16980,.T.);
#18172 = ORIENTED_EDGE('',*,*,#18173,.T.);
#18173 = EDGE_CURVE('',#16981,#17473,#18174,.T.);
#18174 = LINE('',#18175,#18176);
#18175 = CARTESIAN_POINT('',(133.943268,-74.054091,-4.6E-02));
#18176 = VECTOR('',#18177,1.);
#18177 = DIRECTION('',(0.,0.,1.));
#18178 = ORIENTED_EDGE('',*,*,#17472,.F.);
#18179 = ORIENTED_EDGE('',*,*,#18173,.F.);
#18180 = CYLINDRICAL_SURFACE('',#18181,0.375);
#18181 = AXIS2_PLACEMENT_3D('',#18182,#18183,#18184);
#18182 = CARTESIAN_POINT('',(133.943268,-73.679091,-4.6E-02));
#18183 = DIRECTION('',(-0.,-0.,-1.));
#18184 = DIRECTION('',(-0.,-1.,0.));
#18185 = ADVANCED_FACE('',(#18186),#18197,.F.);
#18186 = FACE_BOUND('',#18187,.T.);
#18187 = EDGE_LOOP('',(#18188,#18189,#18195,#18196));
#18188 = ORIENTED_EDGE('',*,*,#16991,.T.);
#18189 = ORIENTED_EDGE('',*,*,#18190,.T.);
#18190 = EDGE_CURVE('',#16992,#17484,#18191,.T.);
#18191 = LINE('',#18192,#18193);
#18192 = CARTESIAN_POINT('',(135.943268,-74.054091,-4.6E-02));
#18193 = VECTOR('',#18194,1.);
#18194 = DIRECTION('',(0.,0.,1.));
#18195 = ORIENTED_EDGE('',*,*,#17483,.F.);
#18196 = ORIENTED_EDGE('',*,*,#18190,.F.);
#18197 = CYLINDRICAL_SURFACE('',#18198,0.375);
#18198 = AXIS2_PLACEMENT_3D('',#18199,#18200,#18201);
#18199 = CARTESIAN_POINT('',(135.943268,-73.679091,-4.6E-02));
#18200 = DIRECTION('',(-0.,-0.,-1.));
#18201 = DIRECTION('',(-0.,-1.,0.));
#18202 = ADVANCED_FACE('',(#18203),#18214,.F.);
#18203 = FACE_BOUND('',#18204,.T.);
#18204 = EDGE_LOOP('',(#18205,#18206,#18212,#18213));
#18205 = ORIENTED_EDGE('',*,*,#17002,.T.);
#18206 = ORIENTED_EDGE('',*,*,#18207,.T.);
#18207 = EDGE_CURVE('',#17003,#17495,#18208,.T.);
#18208 = LINE('',#18209,#18210);
#18209 = CARTESIAN_POINT('',(137.943268,-74.054091,-4.6E-02));
#18210 = VECTOR('',#18211,1.);
#18211 = DIRECTION('',(0.,0.,1.));
#18212 = ORIENTED_EDGE('',*,*,#17494,.F.);
#18213 = ORIENTED_EDGE('',*,*,#18207,.F.);
#18214 = CYLINDRICAL_SURFACE('',#18215,0.375);
#18215 = AXIS2_PLACEMENT_3D('',#18216,#18217,#18218);
#18216 = CARTESIAN_POINT('',(137.943268,-73.679091,-4.6E-02));
#18217 = DIRECTION('',(-0.,-0.,-1.));
#18218 = DIRECTION('',(-0.,-1.,0.));
#18219 = ADVANCED_FACE('',(#18220),#18231,.F.);
#18220 = FACE_BOUND('',#18221,.T.);
#18221 = EDGE_LOOP('',(#18222,#18223,#18229,#18230));
#18222 = ORIENTED_EDGE('',*,*,#17013,.T.);
#18223 = ORIENTED_EDGE('',*,*,#18224,.T.);
#18224 = EDGE_CURVE('',#17014,#17506,#18225,.T.);
#18225 = LINE('',#18226,#18227);
#18226 = CARTESIAN_POINT('',(151.45,-87.12,-4.6E-02));
#18227 = VECTOR('',#18228,1.);
#18228 = DIRECTION('',(0.,0.,1.));
#18229 = ORIENTED_EDGE('',*,*,#17505,.F.);
#18230 = ORIENTED_EDGE('',*,*,#18224,.F.);
#18231 = CYLINDRICAL_SURFACE('',#18232,0.5);
#18232 = AXIS2_PLACEMENT_3D('',#18233,#18234,#18235);
#18233 = CARTESIAN_POINT('',(151.45,-86.62,-4.6E-02));
#18234 = DIRECTION('',(-0.,-0.,-1.));
#18235 = DIRECTION('',(-0.,-1.,0.));
#18236 = ADVANCED_FACE('',(#18237),#18248,.F.);
#18237 = FACE_BOUND('',#18238,.T.);
#18238 = EDGE_LOOP('',(#18239,#18240,#18246,#18247));
#18239 = ORIENTED_EDGE('',*,*,#17024,.T.);
#18240 = ORIENTED_EDGE('',*,*,#18241,.T.);
#18241 = EDGE_CURVE('',#17025,#17517,#18242,.T.);
#18242 = LINE('',#18243,#18244);
#18243 = CARTESIAN_POINT('',(151.45,-84.58,-4.6E-02));
#18244 = VECTOR('',#18245,1.);
#18245 = DIRECTION('',(0.,0.,1.));
#18246 = ORIENTED_EDGE('',*,*,#17516,.F.);
#18247 = ORIENTED_EDGE('',*,*,#18241,.F.);
#18248 = CYLINDRICAL_SURFACE('',#18249,0.5);
#18249 = AXIS2_PLACEMENT_3D('',#18250,#18251,#18252);
#18250 = CARTESIAN_POINT('',(151.45,-84.08,-4.6E-02));
#18251 = DIRECTION('',(-0.,-0.,-1.));
#18252 = DIRECTION('',(-0.,-1.,0.));
#18253 = ADVANCED_FACE('',(#18254),#18265,.F.);
#18254 = FACE_BOUND('',#18255,.T.);
#18255 = EDGE_LOOP('',(#18256,#18257,#18263,#18264));
#18256 = ORIENTED_EDGE('',*,*,#17035,.T.);
#18257 = ORIENTED_EDGE('',*,*,#18258,.T.);
#18258 = EDGE_CURVE('',#17036,#17528,#18259,.T.);
#18259 = LINE('',#18260,#18261);
#18260 = CARTESIAN_POINT('',(151.45,-82.04,-4.6E-02));
#18261 = VECTOR('',#18262,1.);
#18262 = DIRECTION('',(0.,0.,1.));
#18263 = ORIENTED_EDGE('',*,*,#17527,.F.);
#18264 = ORIENTED_EDGE('',*,*,#18258,.F.);
#18265 = CYLINDRICAL_SURFACE('',#18266,0.5);
#18266 = AXIS2_PLACEMENT_3D('',#18267,#18268,#18269);
#18267 = CARTESIAN_POINT('',(151.45,-81.54,-4.6E-02));
#18268 = DIRECTION('',(-0.,-0.,-1.));
#18269 = DIRECTION('',(-0.,-1.,0.));
#18270 = ADVANCED_FACE('',(#18271),#18282,.F.);
#18271 = FACE_BOUND('',#18272,.T.);
#18272 = EDGE_LOOP('',(#18273,#18274,#18280,#18281));
#18273 = ORIENTED_EDGE('',*,*,#17046,.T.);
#18274 = ORIENTED_EDGE('',*,*,#18275,.T.);
#18275 = EDGE_CURVE('',#17047,#17539,#18276,.T.);
#18276 = LINE('',#18277,#18278);
#18277 = CARTESIAN_POINT('',(151.45,-79.5,-4.6E-02));
#18278 = VECTOR('',#18279,1.);
#18279 = DIRECTION('',(0.,0.,1.));
#18280 = ORIENTED_EDGE('',*,*,#17538,.F.);
#18281 = ORIENTED_EDGE('',*,*,#18275,.F.);
#18282 = CYLINDRICAL_SURFACE('',#18283,0.5);
#18283 = AXIS2_PLACEMENT_3D('',#18284,#18285,#18286);
#18284 = CARTESIAN_POINT('',(151.45,-79.,-4.6E-02));
#18285 = DIRECTION('',(-0.,-0.,-1.));
#18286 = DIRECTION('',(-0.,-1.,0.));
#18287 = ADVANCED_FACE('',(#18288),#18299,.F.);
#18288 = FACE_BOUND('',#18289,.T.);
#18289 = EDGE_LOOP('',(#18290,#18291,#18297,#18298));
#18290 = ORIENTED_EDGE('',*,*,#17057,.T.);
#18291 = ORIENTED_EDGE('',*,*,#18292,.T.);
#18292 = EDGE_CURVE('',#17058,#17550,#18293,.T.);
#18293 = LINE('',#18294,#18295);
#18294 = CARTESIAN_POINT('',(142.95,-74.059139,-4.6E-02));
#18295 = VECTOR('',#18296,1.);
#18296 = DIRECTION('',(0.,0.,1.));
#18297 = ORIENTED_EDGE('',*,*,#17549,.F.);
#18298 = ORIENTED_EDGE('',*,*,#18292,.F.);
#18299 = CYLINDRICAL_SURFACE('',#18300,0.375);
#18300 = AXIS2_PLACEMENT_3D('',#18301,#18302,#18303);
#18301 = CARTESIAN_POINT('',(142.95,-73.684139,-4.6E-02));
#18302 = DIRECTION('',(-0.,-0.,-1.));
#18303 = DIRECTION('',(-0.,-1.,0.));
#18304 = ADVANCED_FACE('',(#18305),#18316,.F.);
#18305 = FACE_BOUND('',#18306,.T.);
#18306 = EDGE_LOOP('',(#18307,#18308,#18314,#18315));
#18307 = ORIENTED_EDGE('',*,*,#17068,.T.);
#18308 = ORIENTED_EDGE('',*,*,#18309,.T.);
#18309 = EDGE_CURVE('',#17069,#17561,#18310,.T.);
#18310 = LINE('',#18311,#18312);
#18311 = CARTESIAN_POINT('',(144.95,-74.059139,-4.6E-02));
#18312 = VECTOR('',#18313,1.);
#18313 = DIRECTION('',(0.,0.,1.));
#18314 = ORIENTED_EDGE('',*,*,#17560,.F.);
#18315 = ORIENTED_EDGE('',*,*,#18309,.F.);
#18316 = CYLINDRICAL_SURFACE('',#18317,0.375);
#18317 = AXIS2_PLACEMENT_3D('',#18318,#18319,#18320);
#18318 = CARTESIAN_POINT('',(144.95,-73.684139,-4.6E-02));
#18319 = DIRECTION('',(-0.,-0.,-1.));
#18320 = DIRECTION('',(-0.,-1.,0.));
#18321 = ADVANCED_FACE('',(#18322),#18333,.F.);
#18322 = FACE_BOUND('',#18323,.T.);
#18323 = EDGE_LOOP('',(#18324,#18325,#18331,#18332));
#18324 = ORIENTED_EDGE('',*,*,#17079,.T.);
#18325 = ORIENTED_EDGE('',*,*,#18326,.T.);
#18326 = EDGE_CURVE('',#17080,#17572,#18327,.T.);
#18327 = LINE('',#18328,#18329);
#18328 = CARTESIAN_POINT('',(146.95,-74.059139,-4.6E-02));
#18329 = VECTOR('',#18330,1.);
#18330 = DIRECTION('',(0.,0.,1.));
#18331 = ORIENTED_EDGE('',*,*,#17571,.F.);
#18332 = ORIENTED_EDGE('',*,*,#18326,.F.);
#18333 = CYLINDRICAL_SURFACE('',#18334,0.375);
#18334 = AXIS2_PLACEMENT_3D('',#18335,#18336,#18337);
#18335 = CARTESIAN_POINT('',(146.95,-73.684139,-4.6E-02));
#18336 = DIRECTION('',(-0.,-0.,-1.));
#18337 = DIRECTION('',(-0.,-1.,0.));
#18338 = ADVANCED_FACE('',(#18339),#18350,.F.);
#18339 = FACE_BOUND('',#18340,.T.);
#18340 = EDGE_LOOP('',(#18341,#18347,#18348,#18349));
#18341 = ORIENTED_EDGE('',*,*,#18342,.T.);
#18342 = EDGE_CURVE('',#17091,#17583,#18343,.T.);
#18343 = LINE('',#18344,#18345);
#18344 = CARTESIAN_POINT('',(152.22889,-69.645139,0.));
#18345 = VECTOR('',#18346,1.);
#18346 = DIRECTION('',(0.,0.,1.));
#18347 = ORIENTED_EDGE('',*,*,#17582,.T.);
#18348 = ORIENTED_EDGE('',*,*,#18342,.F.);
#18349 = ORIENTED_EDGE('',*,*,#17090,.F.);
#18350 = CYLINDRICAL_SURFACE('',#18351,0.75);
#18351 = AXIS2_PLACEMENT_3D('',#18352,#18353,#18354);
#18352 = CARTESIAN_POINT('',(151.47889,-69.645139,0.));
#18353 = DIRECTION('',(-0.,-0.,-1.));
#18354 = DIRECTION('',(1.,0.,-0.));
#18355 = ( GEOMETRIC_REPRESENTATION_CONTEXT(3) 
GLOBAL_UNCERTAINTY_ASSIGNED_CONTEXT((#18359)) 
GLOBAL_UNIT_ASSIGNED_CONTEXT((#18356,#18357,#18358)) 
REPRESENTATION_CONTEXT('Context #1',
  '3D Context with UNIT and UNCERTAINTY') );
#18356 = ( LENGTH_UNIT() NAMED_UNIT(*) SI_UNIT(.MILLI.,.METRE.) );
#18357 = ( NAMED_UNIT(*) PLANE_ANGLE_UNIT() SI_UNIT($,.RADIAN.) );
#18358 = ( NAMED_UNIT(*) SI_UNIT($,.STERADIAN.) SOLID_ANGLE_UNIT() );
#18359 = UNCERTAINTY_MEASURE_WITH_UNIT(LENGTH_MEASURE(1.E-07),#18356,
  'distance_accuracy_value','confusion accuracy');
#18360 = CONTEXT_DEPENDENT_SHAPE_REPRESENTATION(#18361,#18363);
#18361 = ( REPRESENTATION_RELATIONSHIP('','',#16504,#10) 
REPRESENTATION_RELATIONSHIP_WITH_TRANSFORMATION(#18362) 
SHAPE_REPRESENTATION_RELATIONSHIP() );
#18362 = ITEM_DEFINED_TRANSFORMATION('','',#11,#63);
#18363 = PRODUCT_DEFINITION_SHAPE('Placement','Placement of an item',
  #18364);
#18364 = NEXT_ASSEMBLY_USAGE_OCCURRENCE('19','=>[0:1:1:14]','',#5,#16499
  ,$);
#18365 = PRODUCT_RELATED_PRODUCT_CATEGORY('part',$,(#16501));
#18366 = MECHANICAL_DESIGN_GEOMETRIC_PRESENTATION_REPRESENTATION('',(
    #18367,#18377,#18386,#18395,#18404,#18413,#18422,#18431,#18440,
    #18449,#18458,#18467,#18476,#18485,#18495,#18504,#18513,#18522,
    #18531,#18540),#6024);
#18367 = STYLED_ITEM('color',(#18368),#5480);
#18368 = PRESENTATION_STYLE_ASSIGNMENT((#18369,#18375));
#18369 = SURFACE_STYLE_USAGE(.BOTH.,#18370);
#18370 = SURFACE_SIDE_STYLE('',(#18371));
#18371 = SURFACE_STYLE_FILL_AREA(#18372);
#18372 = FILL_AREA_STYLE('',(#18373));
#18373 = FILL_AREA_STYLE_COLOUR('',#18374);
#18374 = COLOUR_RGB('',0.147999998088,0.145000001626,0.145000001626);
#18375 = CURVE_STYLE('',#18376,POSITIVE_LENGTH_MEASURE(0.1),#18374);
#18376 = DRAUGHTING_PRE_DEFINED_CURVE_FONT('continuous');
#18377 = STYLED_ITEM('color',(#18378),#5520);
#18378 = PRESENTATION_STYLE_ASSIGNMENT((#18379,#18384));
#18379 = SURFACE_STYLE_USAGE(.BOTH.,#18380);
#18380 = SURFACE_SIDE_STYLE('',(#18381));
#18381 = SURFACE_STYLE_FILL_AREA(#18382);
#18382 = FILL_AREA_STYLE('',(#18383));
#18383 = FILL_AREA_STYLE_COLOUR('',#18374);
#18384 = CURVE_STYLE('',#18385,POSITIVE_LENGTH_MEASURE(0.1),#18374);
#18385 = DRAUGHTING_PRE_DEFINED_CURVE_FONT('continuous');
#18386 = STYLED_ITEM('color',(#18387),#5553);
#18387 = PRESENTATION_STYLE_ASSIGNMENT((#18388,#18393));
#18388 = SURFACE_STYLE_USAGE(.BOTH.,#18389);
#18389 = SURFACE_SIDE_STYLE('',(#18390));
#18390 = SURFACE_STYLE_FILL_AREA(#18391);
#18391 = FILL_AREA_STYLE('',(#18392));
#18392 = FILL_AREA_STYLE_COLOUR('',#18374);
#18393 = CURVE_STYLE('',#18394,POSITIVE_LENGTH_MEASURE(0.1),#18374);
#18394 = DRAUGHTING_PRE_DEFINED_CURVE_FONT('continuous');
#18395 = STYLED_ITEM('color',(#18396),#5586);
#18396 = PRESENTATION_STYLE_ASSIGNMENT((#18397,#18402));
#18397 = SURFACE_STYLE_USAGE(.BOTH.,#18398);
#18398 = SURFACE_SIDE_STYLE('',(#18399));
#18399 = SURFACE_STYLE_FILL_AREA(#18400);
#18400 = FILL_AREA_STYLE('',(#18401));
#18401 = FILL_AREA_STYLE_COLOUR('',#18374);
#18402 = CURVE_STYLE('',#18403,POSITIVE_LENGTH_MEASURE(0.1),#18374);
#18403 = DRAUGHTING_PRE_DEFINED_CURVE_FONT('continuous');
#18404 = STYLED_ITEM('color',(#18405),#5713);
#18405 = PRESENTATION_STYLE_ASSIGNMENT((#18406,#18411));
#18406 = SURFACE_STYLE_USAGE(.BOTH.,#18407);
#18407 = SURFACE_SIDE_STYLE('',(#18408));
#18408 = SURFACE_STYLE_FILL_AREA(#18409);
#18409 = FILL_AREA_STYLE('',(#18410));
#18410 = FILL_AREA_STYLE_COLOUR('',#18374);
#18411 = CURVE_STYLE('',#18412,POSITIVE_LENGTH_MEASURE(0.1),#18374);
#18412 = DRAUGHTING_PRE_DEFINED_CURVE_FONT('continuous');
#18413 = STYLED_ITEM('color',(#18414),#5738);
#18414 = PRESENTATION_STYLE_ASSIGNMENT((#18415,#18420));
#18415 = SURFACE_STYLE_USAGE(.BOTH.,#18416);
#18416 = SURFACE_SIDE_STYLE('',(#18417));
#18417 = SURFACE_STYLE_FILL_AREA(#18418);
#18418 = FILL_AREA_STYLE('',(#18419));
#18419 = FILL_AREA_STYLE_COLOUR('',#18374);
#18420 = CURVE_STYLE('',#18421,POSITIVE_LENGTH_MEASURE(0.1),#18374);
#18421 = DRAUGHTING_PRE_DEFINED_CURVE_FONT('continuous');
#18422 = STYLED_ITEM('color',(#18423),#5755);
#18423 = PRESENTATION_STYLE_ASSIGNMENT((#18424,#18429));
#18424 = SURFACE_STYLE_USAGE(.BOTH.,#18425);
#18425 = SURFACE_SIDE_STYLE('',(#18426));
#18426 = SURFACE_STYLE_FILL_AREA(#18427);
#18427 = FILL_AREA_STYLE('',(#18428));
#18428 = FILL_AREA_STYLE_COLOUR('',#18374);
#18429 = CURVE_STYLE('',#18430,POSITIVE_LENGTH_MEASURE(0.1),#18374);
#18430 = DRAUGHTING_PRE_DEFINED_CURVE_FONT('continuous');
#18431 = STYLED_ITEM('color',(#18432),#5779);
#18432 = PRESENTATION_STYLE_ASSIGNMENT((#18433,#18438));
#18433 = SURFACE_STYLE_USAGE(.BOTH.,#18434);
#18434 = SURFACE_SIDE_STYLE('',(#18435));
#18435 = SURFACE_STYLE_FILL_AREA(#18436);
#18436 = FILL_AREA_STYLE('',(#18437));
#18437 = FILL_AREA_STYLE_COLOUR('',#18374);
#18438 = CURVE_STYLE('',#18439,POSITIVE_LENGTH_MEASURE(0.1),#18374);
#18439 = DRAUGHTING_PRE_DEFINED_CURVE_FONT('continuous');
#18440 = STYLED_ITEM('color',(#18441),#5810);
#18441 = PRESENTATION_STYLE_ASSIGNMENT((#18442,#18447));
#18442 = SURFACE_STYLE_USAGE(.BOTH.,#18443);
#18443 = SURFACE_SIDE_STYLE('',(#18444));
#18444 = SURFACE_STYLE_FILL_AREA(#18445);
#18445 = FILL_AREA_STYLE('',(#18446));
#18446 = FILL_AREA_STYLE_COLOUR('',#18374);
#18447 = CURVE_STYLE('',#18448,POSITIVE_LENGTH_MEASURE(0.1),#18374);
#18448 = DRAUGHTING_PRE_DEFINED_CURVE_FONT('continuous');
#18449 = STYLED_ITEM('color',(#18450),#5827);
#18450 = PRESENTATION_STYLE_ASSIGNMENT((#18451,#18456));
#18451 = SURFACE_STYLE_USAGE(.BOTH.,#18452);
#18452 = SURFACE_SIDE_STYLE('',(#18453));
#18453 = SURFACE_STYLE_FILL_AREA(#18454);
#18454 = FILL_AREA_STYLE('',(#18455));
#18455 = FILL_AREA_STYLE_COLOUR('',#18374);
#18456 = CURVE_STYLE('',#18457,POSITIVE_LENGTH_MEASURE(0.1),#18374);
#18457 = DRAUGHTING_PRE_DEFINED_CURVE_FONT('continuous');
#18458 = STYLED_ITEM('color',(#18459),#5851);
#18459 = PRESENTATION_STYLE_ASSIGNMENT((#18460,#18465));
#18460 = SURFACE_STYLE_USAGE(.BOTH.,#18461);
#18461 = SURFACE_SIDE_STYLE('',(#18462));
#18462 = SURFACE_STYLE_FILL_AREA(#18463);
#18463 = FILL_AREA_STYLE('',(#18464));
#18464 = FILL_AREA_STYLE_COLOUR('',#18374);
#18465 = CURVE_STYLE('',#18466,POSITIVE_LENGTH_MEASURE(0.1),#18374);
#18466 = DRAUGHTING_PRE_DEFINED_CURVE_FONT('continuous');
#18467 = STYLED_ITEM('color',(#18468),#5876);
#18468 = PRESENTATION_STYLE_ASSIGNMENT((#18469,#18474));
#18469 = SURFACE_STYLE_USAGE(.BOTH.,#18470);
#18470 = SURFACE_SIDE_STYLE('',(#18471));
#18471 = SURFACE_STYLE_FILL_AREA(#18472);
#18472 = FILL_AREA_STYLE('',(#18473));
#18473 = FILL_AREA_STYLE_COLOUR('',#18374);
#18474 = CURVE_STYLE('',#18475,POSITIVE_LENGTH_MEASURE(0.1),#18374);
#18475 = DRAUGHTING_PRE_DEFINED_CURVE_FONT('continuous');
#18476 = STYLED_ITEM('color',(#18477),#5901);
#18477 = PRESENTATION_STYLE_ASSIGNMENT((#18478,#18483));
#18478 = SURFACE_STYLE_USAGE(.BOTH.,#18479);
#18479 = SURFACE_SIDE_STYLE('',(#18480));
#18480 = SURFACE_STYLE_FILL_AREA(#18481);
#18481 = FILL_AREA_STYLE('',(#18482));
#18482 = FILL_AREA_STYLE_COLOUR('',#18374);
#18483 = CURVE_STYLE('',#18484,POSITIVE_LENGTH_MEASURE(0.1),#18374);
#18484 = DRAUGHTING_PRE_DEFINED_CURVE_FONT('continuous');
#18485 = STYLED_ITEM('color',(#18486),#5918);
#18486 = PRESENTATION_STYLE_ASSIGNMENT((#18487,#18493));
#18487 = SURFACE_STYLE_USAGE(.BOTH.,#18488);
#18488 = SURFACE_SIDE_STYLE('',(#18489));
#18489 = SURFACE_STYLE_FILL_AREA(#18490);
#18490 = FILL_AREA_STYLE('',(#18491));
#18491 = FILL_AREA_STYLE_COLOUR('',#18492);
#18492 = COLOUR_RGB('',0.823999987314,0.819999987296,0.781000009244);
#18493 = CURVE_STYLE('',#18494,POSITIVE_LENGTH_MEASURE(0.1),#18492);
#18494 = DRAUGHTING_PRE_DEFINED_CURVE_FONT('continuous');
#18495 = STYLED_ITEM('color',(#18496),#5930);
#18496 = PRESENTATION_STYLE_ASSIGNMENT((#18497,#18502));
#18497 = SURFACE_STYLE_USAGE(.BOTH.,#18498);
#18498 = SURFACE_SIDE_STYLE('',(#18499));
#18499 = SURFACE_STYLE_FILL_AREA(#18500);
#18500 = FILL_AREA_STYLE('',(#18501));
#18501 = FILL_AREA_STYLE_COLOUR('',#18492);
#18502 = CURVE_STYLE('',#18503,POSITIVE_LENGTH_MEASURE(0.1),#18492);
#18503 = DRAUGHTING_PRE_DEFINED_CURVE_FONT('continuous');
#18504 = STYLED_ITEM('color',(#18505),#5942);
#18505 = PRESENTATION_STYLE_ASSIGNMENT((#18506,#18511));
#18506 = SURFACE_STYLE_USAGE(.BOTH.,#18507);
#18507 = SURFACE_SIDE_STYLE('',(#18508));
#18508 = SURFACE_STYLE_FILL_AREA(#18509);
#18509 = FILL_AREA_STYLE('',(#18510));
#18510 = FILL_AREA_STYLE_COLOUR('',#18374);
#18511 = CURVE_STYLE('',#18512,POSITIVE_LENGTH_MEASURE(0.1),#18374);
#18512 = DRAUGHTING_PRE_DEFINED_CURVE_FONT('continuous');
#18513 = STYLED_ITEM('color',(#18514),#5960);
#18514 = PRESENTATION_STYLE_ASSIGNMENT((#18515,#18520));
#18515 = SURFACE_STYLE_USAGE(.BOTH.,#18516);
#18516 = SURFACE_SIDE_STYLE('',(#18517));
#18517 = SURFACE_STYLE_FILL_AREA(#18518);
#18518 = FILL_AREA_STYLE('',(#18519));
#18519 = FILL_AREA_STYLE_COLOUR('',#18374);
#18520 = CURVE_STYLE('',#18521,POSITIVE_LENGTH_MEASURE(0.1),#18374);
#18521 = DRAUGHTING_PRE_DEFINED_CURVE_FONT('continuous');
#18522 = STYLED_ITEM('color',(#18523),#5978);
#18523 = PRESENTATION_STYLE_ASSIGNMENT((#18524,#18529));
#18524 = SURFACE_STYLE_USAGE(.BOTH.,#18525);
#18525 = SURFACE_SIDE_STYLE('',(#18526));
#18526 = SURFACE_STYLE_FILL_AREA(#18527);
#18527 = FILL_AREA_STYLE('',(#18528));
#18528 = FILL_AREA_STYLE_COLOUR('',#18374);
#18529 = CURVE_STYLE('',#18530,POSITIVE_LENGTH_MEASURE(0.1),#18374);
#18530 = DRAUGHTING_PRE_DEFINED_CURVE_FONT('continuous');
#18531 = STYLED_ITEM('color',(#18532),#6002);
#18532 = PRESENTATION_STYLE_ASSIGNMENT((#18533,#18538));
#18533 = SURFACE_STYLE_USAGE(.BOTH.,#18534);
#18534 = SURFACE_SIDE_STYLE('',(#18535));
#18535 = SURFACE_STYLE_FILL_AREA(#18536);
#18536 = FILL_AREA_STYLE('',(#18537));
#18537 = FILL_AREA_STYLE_COLOUR('',#18374);
#18538 = CURVE_STYLE('',#18539,POSITIVE_LENGTH_MEASURE(0.1),#18374);
#18539 = DRAUGHTING_PRE_DEFINED_CURVE_FONT('continuous');
#18540 = STYLED_ITEM('color',(#18541),#6013);
#18541 = PRESENTATION_STYLE_ASSIGNMENT((#18542,#18547));
#18542 = SURFACE_STYLE_USAGE(.BOTH.,#18543);
#18543 = SURFACE_SIDE_STYLE('',(#18544));
#18544 = SURFACE_STYLE_FILL_AREA(#18545);
#18545 = FILL_AREA_STYLE('',(#18546));
#18546 = FILL_AREA_STYLE_COLOUR('',#18374);
#18547 = CURVE_STYLE('',#18548,POSITIVE_LENGTH_MEASURE(0.1),#18374);
#18548 = DRAUGHTING_PRE_DEFINED_CURVE_FONT('continuous');
#18549 = MECHANICAL_DESIGN_GEOMETRIC_PRESENTATION_REPRESENTATION('',(
    #18550,#18557,#18564,#18571,#18578,#18585,#18592,#18599,#18606,
    #18613,#18620,#18628,#18635,#18642,#18649,#18656,#18663,#18670,
    #18677,#18684,#18691,#18698,#18705,#18712,#18719,#18726,#18733,
    #18740),#6930);
#18550 = STYLED_ITEM('color',(#18551),#6078);
#18551 = PRESENTATION_STYLE_ASSIGNMENT((#18552));
#18552 = SURFACE_STYLE_USAGE(.BOTH.,#18553);
#18553 = SURFACE_SIDE_STYLE('',(#18554));
#18554 = SURFACE_STYLE_FILL_AREA(#18555);
#18555 = FILL_AREA_STYLE('',(#18556));
#18556 = FILL_AREA_STYLE_COLOUR('',#18492);
#18557 = STYLED_ITEM('color',(#18558),#6154);
#18558 = PRESENTATION_STYLE_ASSIGNMENT((#18559));
#18559 = SURFACE_STYLE_USAGE(.BOTH.,#18560);
#18560 = SURFACE_SIDE_STYLE('',(#18561));
#18561 = SURFACE_STYLE_FILL_AREA(#18562);
#18562 = FILL_AREA_STYLE('',(#18563));
#18563 = FILL_AREA_STYLE_COLOUR('',#18492);
#18564 = STYLED_ITEM('color',(#18565),#6185);
#18565 = PRESENTATION_STYLE_ASSIGNMENT((#18566));
#18566 = SURFACE_STYLE_USAGE(.BOTH.,#18567);
#18567 = SURFACE_SIDE_STYLE('',(#18568));
#18568 = SURFACE_STYLE_FILL_AREA(#18569);
#18569 = FILL_AREA_STYLE('',(#18570));
#18570 = FILL_AREA_STYLE_COLOUR('',#18492);
#18571 = STYLED_ITEM('color',(#18572),#6210);
#18572 = PRESENTATION_STYLE_ASSIGNMENT((#18573));
#18573 = SURFACE_STYLE_USAGE(.BOTH.,#18574);
#18574 = SURFACE_SIDE_STYLE('',(#18575));
#18575 = SURFACE_STYLE_FILL_AREA(#18576);
#18576 = FILL_AREA_STYLE('',(#18577));
#18577 = FILL_AREA_STYLE_COLOUR('',#18492);
#18578 = STYLED_ITEM('color',(#18579),#6235);
#18579 = PRESENTATION_STYLE_ASSIGNMENT((#18580));
#18580 = SURFACE_STYLE_USAGE(.BOTH.,#18581);
#18581 = SURFACE_SIDE_STYLE('',(#18582));
#18582 = SURFACE_STYLE_FILL_AREA(#18583);
#18583 = FILL_AREA_STYLE('',(#18584));
#18584 = FILL_AREA_STYLE_COLOUR('',#18492);
#18585 = STYLED_ITEM('color',(#18586),#6259);
#18586 = PRESENTATION_STYLE_ASSIGNMENT((#18587));
#18587 = SURFACE_STYLE_USAGE(.BOTH.,#18588);
#18588 = SURFACE_SIDE_STYLE('',(#18589));
#18589 = SURFACE_STYLE_FILL_AREA(#18590);
#18590 = FILL_AREA_STYLE('',(#18591));
#18591 = FILL_AREA_STYLE_COLOUR('',#18492);
#18592 = STYLED_ITEM('color',(#18593),#6283);
#18593 = PRESENTATION_STYLE_ASSIGNMENT((#18594));
#18594 = SURFACE_STYLE_USAGE(.BOTH.,#18595);
#18595 = SURFACE_SIDE_STYLE('',(#18596));
#18596 = SURFACE_STYLE_FILL_AREA(#18597);
#18597 = FILL_AREA_STYLE('',(#18598));
#18598 = FILL_AREA_STYLE_COLOUR('',#18492);
#18599 = STYLED_ITEM('color',(#18600),#6308);
#18600 = PRESENTATION_STYLE_ASSIGNMENT((#18601));
#18601 = SURFACE_STYLE_USAGE(.BOTH.,#18602);
#18602 = SURFACE_SIDE_STYLE('',(#18603));
#18603 = SURFACE_STYLE_FILL_AREA(#18604);
#18604 = FILL_AREA_STYLE('',(#18605));
#18605 = FILL_AREA_STYLE_COLOUR('',#18492);
#18606 = STYLED_ITEM('color',(#18607),#6333);
#18607 = PRESENTATION_STYLE_ASSIGNMENT((#18608));
#18608 = SURFACE_STYLE_USAGE(.BOTH.,#18609);
#18609 = SURFACE_SIDE_STYLE('',(#18610));
#18610 = SURFACE_STYLE_FILL_AREA(#18611);
#18611 = FILL_AREA_STYLE('',(#18612));
#18612 = FILL_AREA_STYLE_COLOUR('',#18492);
#18613 = STYLED_ITEM('color',(#18614),#6350);
#18614 = PRESENTATION_STYLE_ASSIGNMENT((#18615));
#18615 = SURFACE_STYLE_USAGE(.BOTH.,#18616);
#18616 = SURFACE_SIDE_STYLE('',(#18617));
#18617 = SURFACE_STYLE_FILL_AREA(#18618);
#18618 = FILL_AREA_STYLE('',(#18619));
#18619 = FILL_AREA_STYLE_COLOUR('',#18492);
#18620 = STYLED_ITEM('color',(#18621),#6436);
#18621 = PRESENTATION_STYLE_ASSIGNMENT((#18622));
#18622 = SURFACE_STYLE_USAGE(.BOTH.,#18623);
#18623 = SURFACE_SIDE_STYLE('',(#18624));
#18624 = SURFACE_STYLE_FILL_AREA(#18625);
#18625 = FILL_AREA_STYLE('',(#18626));
#18626 = FILL_AREA_STYLE_COLOUR('',#18627);
#18627 = COLOUR_RGB('',0.379000005575,0.270000008848,0.214999999939);
#18628 = STYLED_ITEM('color',(#18629),#6468);
#18629 = PRESENTATION_STYLE_ASSIGNMENT((#18630));
#18630 = SURFACE_STYLE_USAGE(.BOTH.,#18631);
#18631 = SURFACE_SIDE_STYLE('',(#18632));
#18632 = SURFACE_STYLE_FILL_AREA(#18633);
#18633 = FILL_AREA_STYLE('',(#18634));
#18634 = FILL_AREA_STYLE_COLOUR('',#18627);
#18635 = STYLED_ITEM('color',(#18636),#6492);
#18636 = PRESENTATION_STYLE_ASSIGNMENT((#18637));
#18637 = SURFACE_STYLE_USAGE(.BOTH.,#18638);
#18638 = SURFACE_SIDE_STYLE('',(#18639));
#18639 = SURFACE_STYLE_FILL_AREA(#18640);
#18640 = FILL_AREA_STYLE('',(#18641));
#18641 = FILL_AREA_STYLE_COLOUR('',#18627);
#18642 = STYLED_ITEM('color',(#18643),#6517);
#18643 = PRESENTATION_STYLE_ASSIGNMENT((#18644));
#18644 = SURFACE_STYLE_USAGE(.BOTH.,#18645);
#18645 = SURFACE_SIDE_STYLE('',(#18646));
#18646 = SURFACE_STYLE_FILL_AREA(#18647);
#18647 = FILL_AREA_STYLE('',(#18648));
#18648 = FILL_AREA_STYLE_COLOUR('',#18627);
#18649 = STYLED_ITEM('color',(#18650),#6541);
#18650 = PRESENTATION_STYLE_ASSIGNMENT((#18651));
#18651 = SURFACE_STYLE_USAGE(.BOTH.,#18652);
#18652 = SURFACE_SIDE_STYLE('',(#18653));
#18653 = SURFACE_STYLE_FILL_AREA(#18654);
#18654 = FILL_AREA_STYLE('',(#18655));
#18655 = FILL_AREA_STYLE_COLOUR('',#18627);
#18656 = STYLED_ITEM('color',(#18657),#6566);
#18657 = PRESENTATION_STYLE_ASSIGNMENT((#18658));
#18658 = SURFACE_STYLE_USAGE(.BOTH.,#18659);
#18659 = SURFACE_SIDE_STYLE('',(#18660));
#18660 = SURFACE_STYLE_FILL_AREA(#18661);
#18661 = FILL_AREA_STYLE('',(#18662));
#18662 = FILL_AREA_STYLE_COLOUR('',#18627);
#18663 = STYLED_ITEM('color',(#18664),#6590);
#18664 = PRESENTATION_STYLE_ASSIGNMENT((#18665));
#18665 = SURFACE_STYLE_USAGE(.BOTH.,#18666);
#18666 = SURFACE_SIDE_STYLE('',(#18667));
#18667 = SURFACE_STYLE_FILL_AREA(#18668);
#18668 = FILL_AREA_STYLE('',(#18669));
#18669 = FILL_AREA_STYLE_COLOUR('',#18627);
#18670 = STYLED_ITEM('color',(#18671),#6615);
#18671 = PRESENTATION_STYLE_ASSIGNMENT((#18672));
#18672 = SURFACE_STYLE_USAGE(.BOTH.,#18673);
#18673 = SURFACE_SIDE_STYLE('',(#18674));
#18674 = SURFACE_STYLE_FILL_AREA(#18675);
#18675 = FILL_AREA_STYLE('',(#18676));
#18676 = FILL_AREA_STYLE_COLOUR('',#18627);
#18677 = STYLED_ITEM('color',(#18678),#6632);
#18678 = PRESENTATION_STYLE_ASSIGNMENT((#18679));
#18679 = SURFACE_STYLE_USAGE(.BOTH.,#18680);
#18680 = SURFACE_SIDE_STYLE('',(#18681));
#18681 = SURFACE_STYLE_FILL_AREA(#18682);
#18682 = FILL_AREA_STYLE('',(#18683));
#18683 = FILL_AREA_STYLE_COLOUR('',#18492);
#18684 = STYLED_ITEM('color',(#18685),#6718);
#18685 = PRESENTATION_STYLE_ASSIGNMENT((#18686));
#18686 = SURFACE_STYLE_USAGE(.BOTH.,#18687);
#18687 = SURFACE_SIDE_STYLE('',(#18688));
#18688 = SURFACE_STYLE_FILL_AREA(#18689);
#18689 = FILL_AREA_STYLE('',(#18690));
#18690 = FILL_AREA_STYLE_COLOUR('',#18492);
#18691 = STYLED_ITEM('color',(#18692),#6749);
#18692 = PRESENTATION_STYLE_ASSIGNMENT((#18693));
#18693 = SURFACE_STYLE_USAGE(.BOTH.,#18694);
#18694 = SURFACE_SIDE_STYLE('',(#18695));
#18695 = SURFACE_STYLE_FILL_AREA(#18696);
#18696 = FILL_AREA_STYLE('',(#18697));
#18697 = FILL_AREA_STYLE_COLOUR('',#18492);
#18698 = STYLED_ITEM('color',(#18699),#6774);
#18699 = PRESENTATION_STYLE_ASSIGNMENT((#18700));
#18700 = SURFACE_STYLE_USAGE(.BOTH.,#18701);
#18701 = SURFACE_SIDE_STYLE('',(#18702));
#18702 = SURFACE_STYLE_FILL_AREA(#18703);
#18703 = FILL_AREA_STYLE('',(#18704));
#18704 = FILL_AREA_STYLE_COLOUR('',#18492);
#18705 = STYLED_ITEM('color',(#18706),#6799);
#18706 = PRESENTATION_STYLE_ASSIGNMENT((#18707));
#18707 = SURFACE_STYLE_USAGE(.BOTH.,#18708);
#18708 = SURFACE_SIDE_STYLE('',(#18709));
#18709 = SURFACE_STYLE_FILL_AREA(#18710);
#18710 = FILL_AREA_STYLE('',(#18711));
#18711 = FILL_AREA_STYLE_COLOUR('',#18492);
#18712 = STYLED_ITEM('color',(#18713),#6823);
#18713 = PRESENTATION_STYLE_ASSIGNMENT((#18714));
#18714 = SURFACE_STYLE_USAGE(.BOTH.,#18715);
#18715 = SURFACE_SIDE_STYLE('',(#18716));
#18716 = SURFACE_STYLE_FILL_AREA(#18717);
#18717 = FILL_AREA_STYLE('',(#18718));
#18718 = FILL_AREA_STYLE_COLOUR('',#18492);
#18719 = STYLED_ITEM('color',(#18720),#6847);
#18720 = PRESENTATION_STYLE_ASSIGNMENT((#18721));
#18721 = SURFACE_STYLE_USAGE(.BOTH.,#18722);
#18722 = SURFACE_SIDE_STYLE('',(#18723));
#18723 = SURFACE_STYLE_FILL_AREA(#18724);
#18724 = FILL_AREA_STYLE('',(#18725));
#18725 = FILL_AREA_STYLE_COLOUR('',#18492);
#18726 = STYLED_ITEM('color',(#18727),#6872);
#18727 = PRESENTATION_STYLE_ASSIGNMENT((#18728));
#18728 = SURFACE_STYLE_USAGE(.BOTH.,#18729);
#18729 = SURFACE_SIDE_STYLE('',(#18730));
#18730 = SURFACE_STYLE_FILL_AREA(#18731);
#18731 = FILL_AREA_STYLE('',(#18732));
#18732 = FILL_AREA_STYLE_COLOUR('',#18492);
#18733 = STYLED_ITEM('color',(#18734),#6897);
#18734 = PRESENTATION_STYLE_ASSIGNMENT((#18735));
#18735 = SURFACE_STYLE_USAGE(.BOTH.,#18736);
#18736 = SURFACE_SIDE_STYLE('',(#18737));
#18737 = SURFACE_STYLE_FILL_AREA(#18738);
#18738 = FILL_AREA_STYLE('',(#18739));
#18739 = FILL_AREA_STYLE_COLOUR('',#18492);
#18740 = STYLED_ITEM('color',(#18741),#6914);
#18741 = PRESENTATION_STYLE_ASSIGNMENT((#18742));
#18742 = SURFACE_STYLE_USAGE(.BOTH.,#18743);
#18743 = SURFACE_SIDE_STYLE('',(#18744));
#18744 = SURFACE_STYLE_FILL_AREA(#18745);
#18745 = FILL_AREA_STYLE('',(#18746));
#18746 = FILL_AREA_STYLE_COLOUR('',#18492);
#18747 = MECHANICAL_DESIGN_GEOMETRIC_PRESENTATION_REPRESENTATION('',(
    #18748,#18755,#18762,#18769,#18776,#18783,#18790,#18797,#18804,
    #18811,#18818,#18825,#18832,#18839,#18846,#18853,#18860,#18867,
    #18874,#18881,#18888,#18895,#18902,#18909,#18916,#18923,#18930,
    #18937,#18944,#18951,#18958,#18965,#18972,#18979,#18986,#18993,
    #19000,#19007,#19014,#19021,#19028,#19035,#19042,#19049,#19056,
    #19063,#19070,#19077,#19084,#19091,#19098,#19105,#19112,#19119,
    #19126,#19133,#19140,#19147,#19154,#19161,#19168,#19175,#19182,
    #19189,#19196,#19203,#19210,#19217,#19224,#19231,#19238,#19246,
    #19253,#19260,#19267,#19274,#19281,#19288,#19295,#19302,#19309,
    #19316,#19323,#19330,#19337,#19344,#19351,#19358,#19365,#19372,
    #19379,#19386,#19393,#19400,#19407,#19414,#19421,#19428,#19435,
    #19442,#19449,#19456,#19463,#19470,#19477,#19484,#19491,#19498,
    #19505,#19512,#19519,#19526,#19533,#19540,#19547,#19554,#19561,
    #19568,#19575,#19582,#19589,#19596,#19603,#19610,#19617,#19624,
    #19631,#19638,#19645,#19652,#19659,#19666,#19673,#19680,#19687,
    #19694,#19701,#19708,#19715,#19722,#19729,#19736,#19743,#19750,
    #19757,#19764,#19771,#19778,#19785,#19792,#19799,#19806,#19813,
    #19820,#19827,#19834,#19841,#19848,#19855,#19862,#19869,#19876,
    #19883,#19890,#19897,#19904,#19911,#19918,#19925,#19932,#19939,
    #19946,#19953,#19960,#19967,#19974,#19981,#19988,#19995,#20002,
    #20009,#20016,#20023,#20030,#20037,#20044,#20051,#20058,#20065,
    #20072,#20079,#20086,#20093,#20100,#20107,#20114,#20121,#20128,
    #20135,#20142,#20149,#20156,#20163,#20170,#20177,#20184,#20191,
    #20198,#20205,#20212,#20219,#20226,#20233,#20240,#20247,#20254,
    #20261,#20268,#20275,#20282,#20289,#20296,#20303,#20310,#20317,
    #20324,#20331,#20338,#20345,#20352,#20359,#20366,#20373,#20380,
    #20387,#20394,#20401,#20408,#20415,#20422,#20429,#20436,#20443,
    #20450,#20457,#20464,#20471,#20478,#20485,#20492,#20499,#20506,
    #20513,#20520,#20527,#20534,#20541,#20548,#20555,#20562,#20569,
    #20576,#20583,#20590,#20597,#20604,#20611,#20618),#16481);
#18748 = STYLED_ITEM('color',(#18749),#8985);
#18749 = PRESENTATION_STYLE_ASSIGNMENT((#18750));
#18750 = SURFACE_STYLE_USAGE(.BOTH.,#18751);
#18751 = SURFACE_SIDE_STYLE('',(#18752));
#18752 = SURFACE_STYLE_FILL_AREA(#18753);
#18753 = FILL_AREA_STYLE('',(#18754));
#18754 = FILL_AREA_STYLE_COLOUR('',#18374);
#18755 = STYLED_ITEM('color',(#18756),#9025);
#18756 = PRESENTATION_STYLE_ASSIGNMENT((#18757));
#18757 = SURFACE_STYLE_USAGE(.BOTH.,#18758);
#18758 = SURFACE_SIDE_STYLE('',(#18759));
#18759 = SURFACE_STYLE_FILL_AREA(#18760);
#18760 = FILL_AREA_STYLE('',(#18761));
#18761 = FILL_AREA_STYLE_COLOUR('',#18374);
#18762 = STYLED_ITEM('color',(#18763),#9056);
#18763 = PRESENTATION_STYLE_ASSIGNMENT((#18764));
#18764 = SURFACE_STYLE_USAGE(.BOTH.,#18765);
#18765 = SURFACE_SIDE_STYLE('',(#18766));
#18766 = SURFACE_STYLE_FILL_AREA(#18767);
#18767 = FILL_AREA_STYLE('',(#18768));
#18768 = FILL_AREA_STYLE_COLOUR('',#18374);
#18769 = STYLED_ITEM('color',(#18770),#9087);
#18770 = PRESENTATION_STYLE_ASSIGNMENT((#18771));
#18771 = SURFACE_STYLE_USAGE(.BOTH.,#18772);
#18772 = SURFACE_SIDE_STYLE('',(#18773));
#18773 = SURFACE_STYLE_FILL_AREA(#18774);
#18774 = FILL_AREA_STYLE('',(#18775));
#18775 = FILL_AREA_STYLE_COLOUR('',#18374);
#18776 = STYLED_ITEM('color',(#18777),#9990);
#18777 = PRESENTATION_STYLE_ASSIGNMENT((#18778));
#18778 = SURFACE_STYLE_USAGE(.BOTH.,#18779);
#18779 = SURFACE_SIDE_STYLE('',(#18780));
#18780 = SURFACE_STYLE_FILL_AREA(#18781);
#18781 = FILL_AREA_STYLE('',(#18782));
#18782 = FILL_AREA_STYLE_COLOUR('',#18374);
#18783 = STYLED_ITEM('color',(#18784),#10893);
#18784 = PRESENTATION_STYLE_ASSIGNMENT((#18785));
#18785 = SURFACE_STYLE_USAGE(.BOTH.,#18786);
#18786 = SURFACE_SIDE_STYLE('',(#18787));
#18787 = SURFACE_STYLE_FILL_AREA(#18788);
#18788 = FILL_AREA_STYLE('',(#18789));
#18789 = FILL_AREA_STYLE_COLOUR('',#18374);
#18790 = STYLED_ITEM('color',(#18791),#10910);
#18791 = PRESENTATION_STYLE_ASSIGNMENT((#18792));
#18792 = SURFACE_STYLE_USAGE(.BOTH.,#18793);
#18793 = SURFACE_SIDE_STYLE('',(#18794));
#18794 = SURFACE_STYLE_FILL_AREA(#18795);
#18795 = FILL_AREA_STYLE('',(#18796));
#18796 = FILL_AREA_STYLE_COLOUR('',#18374);
#18797 = STYLED_ITEM('color',(#18798),#10927);
#18798 = PRESENTATION_STYLE_ASSIGNMENT((#18799));
#18799 = SURFACE_STYLE_USAGE(.BOTH.,#18800);
#18800 = SURFACE_SIDE_STYLE('',(#18801));
#18801 = SURFACE_STYLE_FILL_AREA(#18802);
#18802 = FILL_AREA_STYLE('',(#18803));
#18803 = FILL_AREA_STYLE_COLOUR('',#18374);
#18804 = STYLED_ITEM('color',(#18805),#10944);
#18805 = PRESENTATION_STYLE_ASSIGNMENT((#18806));
#18806 = SURFACE_STYLE_USAGE(.BOTH.,#18807);
#18807 = SURFACE_SIDE_STYLE('',(#18808));
#18808 = SURFACE_STYLE_FILL_AREA(#18809);
#18809 = FILL_AREA_STYLE('',(#18810));
#18810 = FILL_AREA_STYLE_COLOUR('',#18374);
#18811 = STYLED_ITEM('color',(#18812),#10961);
#18812 = PRESENTATION_STYLE_ASSIGNMENT((#18813));
#18813 = SURFACE_STYLE_USAGE(.BOTH.,#18814);
#18814 = SURFACE_SIDE_STYLE('',(#18815));
#18815 = SURFACE_STYLE_FILL_AREA(#18816);
#18816 = FILL_AREA_STYLE('',(#18817));
#18817 = FILL_AREA_STYLE_COLOUR('',#18374);
#18818 = STYLED_ITEM('color',(#18819),#10978);
#18819 = PRESENTATION_STYLE_ASSIGNMENT((#18820));
#18820 = SURFACE_STYLE_USAGE(.BOTH.,#18821);
#18821 = SURFACE_SIDE_STYLE('',(#18822));
#18822 = SURFACE_STYLE_FILL_AREA(#18823);
#18823 = FILL_AREA_STYLE('',(#18824));
#18824 = FILL_AREA_STYLE_COLOUR('',#18374);
#18825 = STYLED_ITEM('color',(#18826),#10995);
#18826 = PRESENTATION_STYLE_ASSIGNMENT((#18827));
#18827 = SURFACE_STYLE_USAGE(.BOTH.,#18828);
#18828 = SURFACE_SIDE_STYLE('',(#18829));
#18829 = SURFACE_STYLE_FILL_AREA(#18830);
#18830 = FILL_AREA_STYLE('',(#18831));
#18831 = FILL_AREA_STYLE_COLOUR('',#18374);
#18832 = STYLED_ITEM('color',(#18833),#11012);
#18833 = PRESENTATION_STYLE_ASSIGNMENT((#18834));
#18834 = SURFACE_STYLE_USAGE(.BOTH.,#18835);
#18835 = SURFACE_SIDE_STYLE('',(#18836));
#18836 = SURFACE_STYLE_FILL_AREA(#18837);
#18837 = FILL_AREA_STYLE('',(#18838));
#18838 = FILL_AREA_STYLE_COLOUR('',#18374);
#18839 = STYLED_ITEM('color',(#18840),#11029);
#18840 = PRESENTATION_STYLE_ASSIGNMENT((#18841));
#18841 = SURFACE_STYLE_USAGE(.BOTH.,#18842);
#18842 = SURFACE_SIDE_STYLE('',(#18843));
#18843 = SURFACE_STYLE_FILL_AREA(#18844);
#18844 = FILL_AREA_STYLE('',(#18845));
#18845 = FILL_AREA_STYLE_COLOUR('',#18374);
#18846 = STYLED_ITEM('color',(#18847),#11046);
#18847 = PRESENTATION_STYLE_ASSIGNMENT((#18848));
#18848 = SURFACE_STYLE_USAGE(.BOTH.,#18849);
#18849 = SURFACE_SIDE_STYLE('',(#18850));
#18850 = SURFACE_STYLE_FILL_AREA(#18851);
#18851 = FILL_AREA_STYLE('',(#18852));
#18852 = FILL_AREA_STYLE_COLOUR('',#18374);
#18853 = STYLED_ITEM('color',(#18854),#11063);
#18854 = PRESENTATION_STYLE_ASSIGNMENT((#18855));
#18855 = SURFACE_STYLE_USAGE(.BOTH.,#18856);
#18856 = SURFACE_SIDE_STYLE('',(#18857));
#18857 = SURFACE_STYLE_FILL_AREA(#18858);
#18858 = FILL_AREA_STYLE('',(#18859));
#18859 = FILL_AREA_STYLE_COLOUR('',#18374);
#18860 = STYLED_ITEM('color',(#18861),#11080);
#18861 = PRESENTATION_STYLE_ASSIGNMENT((#18862));
#18862 = SURFACE_STYLE_USAGE(.BOTH.,#18863);
#18863 = SURFACE_SIDE_STYLE('',(#18864));
#18864 = SURFACE_STYLE_FILL_AREA(#18865);
#18865 = FILL_AREA_STYLE('',(#18866));
#18866 = FILL_AREA_STYLE_COLOUR('',#18374);
#18867 = STYLED_ITEM('color',(#18868),#11097);
#18868 = PRESENTATION_STYLE_ASSIGNMENT((#18869));
#18869 = SURFACE_STYLE_USAGE(.BOTH.,#18870);
#18870 = SURFACE_SIDE_STYLE('',(#18871));
#18871 = SURFACE_STYLE_FILL_AREA(#18872);
#18872 = FILL_AREA_STYLE('',(#18873));
#18873 = FILL_AREA_STYLE_COLOUR('',#18374);
#18874 = STYLED_ITEM('color',(#18875),#11114);
#18875 = PRESENTATION_STYLE_ASSIGNMENT((#18876));
#18876 = SURFACE_STYLE_USAGE(.BOTH.,#18877);
#18877 = SURFACE_SIDE_STYLE('',(#18878));
#18878 = SURFACE_STYLE_FILL_AREA(#18879);
#18879 = FILL_AREA_STYLE('',(#18880));
#18880 = FILL_AREA_STYLE_COLOUR('',#18374);
#18881 = STYLED_ITEM('color',(#18882),#11131);
#18882 = PRESENTATION_STYLE_ASSIGNMENT((#18883));
#18883 = SURFACE_STYLE_USAGE(.BOTH.,#18884);
#18884 = SURFACE_SIDE_STYLE('',(#18885));
#18885 = SURFACE_STYLE_FILL_AREA(#18886);
#18886 = FILL_AREA_STYLE('',(#18887));
#18887 = FILL_AREA_STYLE_COLOUR('',#18374);
#18888 = STYLED_ITEM('color',(#18889),#11148);
#18889 = PRESENTATION_STYLE_ASSIGNMENT((#18890));
#18890 = SURFACE_STYLE_USAGE(.BOTH.,#18891);
#18891 = SURFACE_SIDE_STYLE('',(#18892));
#18892 = SURFACE_STYLE_FILL_AREA(#18893);
#18893 = FILL_AREA_STYLE('',(#18894));
#18894 = FILL_AREA_STYLE_COLOUR('',#18374);
#18895 = STYLED_ITEM('color',(#18896),#11165);
#18896 = PRESENTATION_STYLE_ASSIGNMENT((#18897));
#18897 = SURFACE_STYLE_USAGE(.BOTH.,#18898);
#18898 = SURFACE_SIDE_STYLE('',(#18899));
#18899 = SURFACE_STYLE_FILL_AREA(#18900);
#18900 = FILL_AREA_STYLE('',(#18901));
#18901 = FILL_AREA_STYLE_COLOUR('',#18374);
#18902 = STYLED_ITEM('color',(#18903),#11182);
#18903 = PRESENTATION_STYLE_ASSIGNMENT((#18904));
#18904 = SURFACE_STYLE_USAGE(.BOTH.,#18905);
#18905 = SURFACE_SIDE_STYLE('',(#18906));
#18906 = SURFACE_STYLE_FILL_AREA(#18907);
#18907 = FILL_AREA_STYLE('',(#18908));
#18908 = FILL_AREA_STYLE_COLOUR('',#18374);
#18909 = STYLED_ITEM('color',(#18910),#11199);
#18910 = PRESENTATION_STYLE_ASSIGNMENT((#18911));
#18911 = SURFACE_STYLE_USAGE(.BOTH.,#18912);
#18912 = SURFACE_SIDE_STYLE('',(#18913));
#18913 = SURFACE_STYLE_FILL_AREA(#18914);
#18914 = FILL_AREA_STYLE('',(#18915));
#18915 = FILL_AREA_STYLE_COLOUR('',#18374);
#18916 = STYLED_ITEM('color',(#18917),#11216);
#18917 = PRESENTATION_STYLE_ASSIGNMENT((#18918));
#18918 = SURFACE_STYLE_USAGE(.BOTH.,#18919);
#18919 = SURFACE_SIDE_STYLE('',(#18920));
#18920 = SURFACE_STYLE_FILL_AREA(#18921);
#18921 = FILL_AREA_STYLE('',(#18922));
#18922 = FILL_AREA_STYLE_COLOUR('',#18374);
#18923 = STYLED_ITEM('color',(#18924),#11233);
#18924 = PRESENTATION_STYLE_ASSIGNMENT((#18925));
#18925 = SURFACE_STYLE_USAGE(.BOTH.,#18926);
#18926 = SURFACE_SIDE_STYLE('',(#18927));
#18927 = SURFACE_STYLE_FILL_AREA(#18928);
#18928 = FILL_AREA_STYLE('',(#18929));
#18929 = FILL_AREA_STYLE_COLOUR('',#18374);
#18930 = STYLED_ITEM('color',(#18931),#11250);
#18931 = PRESENTATION_STYLE_ASSIGNMENT((#18932));
#18932 = SURFACE_STYLE_USAGE(.BOTH.,#18933);
#18933 = SURFACE_SIDE_STYLE('',(#18934));
#18934 = SURFACE_STYLE_FILL_AREA(#18935);
#18935 = FILL_AREA_STYLE('',(#18936));
#18936 = FILL_AREA_STYLE_COLOUR('',#18374);
#18937 = STYLED_ITEM('color',(#18938),#11267);
#18938 = PRESENTATION_STYLE_ASSIGNMENT((#18939));
#18939 = SURFACE_STYLE_USAGE(.BOTH.,#18940);
#18940 = SURFACE_SIDE_STYLE('',(#18941));
#18941 = SURFACE_STYLE_FILL_AREA(#18942);
#18942 = FILL_AREA_STYLE('',(#18943));
#18943 = FILL_AREA_STYLE_COLOUR('',#18374);
#18944 = STYLED_ITEM('color',(#18945),#11284);
#18945 = PRESENTATION_STYLE_ASSIGNMENT((#18946));
#18946 = SURFACE_STYLE_USAGE(.BOTH.,#18947);
#18947 = SURFACE_SIDE_STYLE('',(#18948));
#18948 = SURFACE_STYLE_FILL_AREA(#18949);
#18949 = FILL_AREA_STYLE('',(#18950));
#18950 = FILL_AREA_STYLE_COLOUR('',#18374);
#18951 = STYLED_ITEM('color',(#18952),#11301);
#18952 = PRESENTATION_STYLE_ASSIGNMENT((#18953));
#18953 = SURFACE_STYLE_USAGE(.BOTH.,#18954);
#18954 = SURFACE_SIDE_STYLE('',(#18955));
#18955 = SURFACE_STYLE_FILL_AREA(#18956);
#18956 = FILL_AREA_STYLE('',(#18957));
#18957 = FILL_AREA_STYLE_COLOUR('',#18374);
#18958 = STYLED_ITEM('color',(#18959),#11318);
#18959 = PRESENTATION_STYLE_ASSIGNMENT((#18960));
#18960 = SURFACE_STYLE_USAGE(.BOTH.,#18961);
#18961 = SURFACE_SIDE_STYLE('',(#18962));
#18962 = SURFACE_STYLE_FILL_AREA(#18963);
#18963 = FILL_AREA_STYLE('',(#18964));
#18964 = FILL_AREA_STYLE_COLOUR('',#18374);
#18965 = STYLED_ITEM('color',(#18966),#11335);
#18966 = PRESENTATION_STYLE_ASSIGNMENT((#18967));
#18967 = SURFACE_STYLE_USAGE(.BOTH.,#18968);
#18968 = SURFACE_SIDE_STYLE('',(#18969));
#18969 = SURFACE_STYLE_FILL_AREA(#18970);
#18970 = FILL_AREA_STYLE('',(#18971));
#18971 = FILL_AREA_STYLE_COLOUR('',#18374);
#18972 = STYLED_ITEM('color',(#18973),#11352);
#18973 = PRESENTATION_STYLE_ASSIGNMENT((#18974));
#18974 = SURFACE_STYLE_USAGE(.BOTH.,#18975);
#18975 = SURFACE_SIDE_STYLE('',(#18976));
#18976 = SURFACE_STYLE_FILL_AREA(#18977);
#18977 = FILL_AREA_STYLE('',(#18978));
#18978 = FILL_AREA_STYLE_COLOUR('',#18374);
#18979 = STYLED_ITEM('color',(#18980),#11369);
#18980 = PRESENTATION_STYLE_ASSIGNMENT((#18981));
#18981 = SURFACE_STYLE_USAGE(.BOTH.,#18982);
#18982 = SURFACE_SIDE_STYLE('',(#18983));
#18983 = SURFACE_STYLE_FILL_AREA(#18984);
#18984 = FILL_AREA_STYLE('',(#18985));
#18985 = FILL_AREA_STYLE_COLOUR('',#18374);
#18986 = STYLED_ITEM('color',(#18987),#11386);
#18987 = PRESENTATION_STYLE_ASSIGNMENT((#18988));
#18988 = SURFACE_STYLE_USAGE(.BOTH.,#18989);
#18989 = SURFACE_SIDE_STYLE('',(#18990));
#18990 = SURFACE_STYLE_FILL_AREA(#18991);
#18991 = FILL_AREA_STYLE('',(#18992));
#18992 = FILL_AREA_STYLE_COLOUR('',#18374);
#18993 = STYLED_ITEM('color',(#18994),#11403);
#18994 = PRESENTATION_STYLE_ASSIGNMENT((#18995));
#18995 = SURFACE_STYLE_USAGE(.BOTH.,#18996);
#18996 = SURFACE_SIDE_STYLE('',(#18997));
#18997 = SURFACE_STYLE_FILL_AREA(#18998);
#18998 = FILL_AREA_STYLE('',(#18999));
#18999 = FILL_AREA_STYLE_COLOUR('',#18374);
#19000 = STYLED_ITEM('color',(#19001),#11420);
#19001 = PRESENTATION_STYLE_ASSIGNMENT((#19002));
#19002 = SURFACE_STYLE_USAGE(.BOTH.,#19003);
#19003 = SURFACE_SIDE_STYLE('',(#19004));
#19004 = SURFACE_STYLE_FILL_AREA(#19005);
#19005 = FILL_AREA_STYLE('',(#19006));
#19006 = FILL_AREA_STYLE_COLOUR('',#18374);
#19007 = STYLED_ITEM('color',(#19008),#11437);
#19008 = PRESENTATION_STYLE_ASSIGNMENT((#19009));
#19009 = SURFACE_STYLE_USAGE(.BOTH.,#19010);
#19010 = SURFACE_SIDE_STYLE('',(#19011));
#19011 = SURFACE_STYLE_FILL_AREA(#19012);
#19012 = FILL_AREA_STYLE('',(#19013));
#19013 = FILL_AREA_STYLE_COLOUR('',#18374);
#19014 = STYLED_ITEM('color',(#19015),#11454);
#19015 = PRESENTATION_STYLE_ASSIGNMENT((#19016));
#19016 = SURFACE_STYLE_USAGE(.BOTH.,#19017);
#19017 = SURFACE_SIDE_STYLE('',(#19018));
#19018 = SURFACE_STYLE_FILL_AREA(#19019);
#19019 = FILL_AREA_STYLE('',(#19020));
#19020 = FILL_AREA_STYLE_COLOUR('',#18374);
#19021 = STYLED_ITEM('color',(#19022),#11471);
#19022 = PRESENTATION_STYLE_ASSIGNMENT((#19023));
#19023 = SURFACE_STYLE_USAGE(.BOTH.,#19024);
#19024 = SURFACE_SIDE_STYLE('',(#19025));
#19025 = SURFACE_STYLE_FILL_AREA(#19026);
#19026 = FILL_AREA_STYLE('',(#19027));
#19027 = FILL_AREA_STYLE_COLOUR('',#18374);
#19028 = STYLED_ITEM('color',(#19029),#11488);
#19029 = PRESENTATION_STYLE_ASSIGNMENT((#19030));
#19030 = SURFACE_STYLE_USAGE(.BOTH.,#19031);
#19031 = SURFACE_SIDE_STYLE('',(#19032));
#19032 = SURFACE_STYLE_FILL_AREA(#19033);
#19033 = FILL_AREA_STYLE('',(#19034));
#19034 = FILL_AREA_STYLE_COLOUR('',#18374);
#19035 = STYLED_ITEM('color',(#19036),#11505);
#19036 = PRESENTATION_STYLE_ASSIGNMENT((#19037));
#19037 = SURFACE_STYLE_USAGE(.BOTH.,#19038);
#19038 = SURFACE_SIDE_STYLE('',(#19039));
#19039 = SURFACE_STYLE_FILL_AREA(#19040);
#19040 = FILL_AREA_STYLE('',(#19041));
#19041 = FILL_AREA_STYLE_COLOUR('',#18374);
#19042 = STYLED_ITEM('color',(#19043),#11522);
#19043 = PRESENTATION_STYLE_ASSIGNMENT((#19044));
#19044 = SURFACE_STYLE_USAGE(.BOTH.,#19045);
#19045 = SURFACE_SIDE_STYLE('',(#19046));
#19046 = SURFACE_STYLE_FILL_AREA(#19047);
#19047 = FILL_AREA_STYLE('',(#19048));
#19048 = FILL_AREA_STYLE_COLOUR('',#18374);
#19049 = STYLED_ITEM('color',(#19050),#11539);
#19050 = PRESENTATION_STYLE_ASSIGNMENT((#19051));
#19051 = SURFACE_STYLE_USAGE(.BOTH.,#19052);
#19052 = SURFACE_SIDE_STYLE('',(#19053));
#19053 = SURFACE_STYLE_FILL_AREA(#19054);
#19054 = FILL_AREA_STYLE('',(#19055));
#19055 = FILL_AREA_STYLE_COLOUR('',#18374);
#19056 = STYLED_ITEM('color',(#19057),#11556);
#19057 = PRESENTATION_STYLE_ASSIGNMENT((#19058));
#19058 = SURFACE_STYLE_USAGE(.BOTH.,#19059);
#19059 = SURFACE_SIDE_STYLE('',(#19060));
#19060 = SURFACE_STYLE_FILL_AREA(#19061);
#19061 = FILL_AREA_STYLE('',(#19062));
#19062 = FILL_AREA_STYLE_COLOUR('',#18374);
#19063 = STYLED_ITEM('color',(#19064),#11573);
#19064 = PRESENTATION_STYLE_ASSIGNMENT((#19065));
#19065 = SURFACE_STYLE_USAGE(.BOTH.,#19066);
#19066 = SURFACE_SIDE_STYLE('',(#19067));
#19067 = SURFACE_STYLE_FILL_AREA(#19068);
#19068 = FILL_AREA_STYLE('',(#19069));
#19069 = FILL_AREA_STYLE_COLOUR('',#18374);
#19070 = STYLED_ITEM('color',(#19071),#11590);
#19071 = PRESENTATION_STYLE_ASSIGNMENT((#19072));
#19072 = SURFACE_STYLE_USAGE(.BOTH.,#19073);
#19073 = SURFACE_SIDE_STYLE('',(#19074));
#19074 = SURFACE_STYLE_FILL_AREA(#19075);
#19075 = FILL_AREA_STYLE('',(#19076));
#19076 = FILL_AREA_STYLE_COLOUR('',#18374);
#19077 = STYLED_ITEM('color',(#19078),#11607);
#19078 = PRESENTATION_STYLE_ASSIGNMENT((#19079));
#19079 = SURFACE_STYLE_USAGE(.BOTH.,#19080);
#19080 = SURFACE_SIDE_STYLE('',(#19081));
#19081 = SURFACE_STYLE_FILL_AREA(#19082);
#19082 = FILL_AREA_STYLE('',(#19083));
#19083 = FILL_AREA_STYLE_COLOUR('',#18374);
#19084 = STYLED_ITEM('color',(#19085),#11624);
#19085 = PRESENTATION_STYLE_ASSIGNMENT((#19086));
#19086 = SURFACE_STYLE_USAGE(.BOTH.,#19087);
#19087 = SURFACE_SIDE_STYLE('',(#19088));
#19088 = SURFACE_STYLE_FILL_AREA(#19089);
#19089 = FILL_AREA_STYLE('',(#19090));
#19090 = FILL_AREA_STYLE_COLOUR('',#18374);
#19091 = STYLED_ITEM('color',(#19092),#11641);
#19092 = PRESENTATION_STYLE_ASSIGNMENT((#19093));
#19093 = SURFACE_STYLE_USAGE(.BOTH.,#19094);
#19094 = SURFACE_SIDE_STYLE('',(#19095));
#19095 = SURFACE_STYLE_FILL_AREA(#19096);
#19096 = FILL_AREA_STYLE('',(#19097));
#19097 = FILL_AREA_STYLE_COLOUR('',#18374);
#19098 = STYLED_ITEM('color',(#19099),#11658);
#19099 = PRESENTATION_STYLE_ASSIGNMENT((#19100));
#19100 = SURFACE_STYLE_USAGE(.BOTH.,#19101);
#19101 = SURFACE_SIDE_STYLE('',(#19102));
#19102 = SURFACE_STYLE_FILL_AREA(#19103);
#19103 = FILL_AREA_STYLE('',(#19104));
#19104 = FILL_AREA_STYLE_COLOUR('',#18374);
#19105 = STYLED_ITEM('color',(#19106),#11675);
#19106 = PRESENTATION_STYLE_ASSIGNMENT((#19107));
#19107 = SURFACE_STYLE_USAGE(.BOTH.,#19108);
#19108 = SURFACE_SIDE_STYLE('',(#19109));
#19109 = SURFACE_STYLE_FILL_AREA(#19110);
#19110 = FILL_AREA_STYLE('',(#19111));
#19111 = FILL_AREA_STYLE_COLOUR('',#18374);
#19112 = STYLED_ITEM('color',(#19113),#11692);
#19113 = PRESENTATION_STYLE_ASSIGNMENT((#19114));
#19114 = SURFACE_STYLE_USAGE(.BOTH.,#19115);
#19115 = SURFACE_SIDE_STYLE('',(#19116));
#19116 = SURFACE_STYLE_FILL_AREA(#19117);
#19117 = FILL_AREA_STYLE('',(#19118));
#19118 = FILL_AREA_STYLE_COLOUR('',#18374);
#19119 = STYLED_ITEM('color',(#19120),#11709);
#19120 = PRESENTATION_STYLE_ASSIGNMENT((#19121));
#19121 = SURFACE_STYLE_USAGE(.BOTH.,#19122);
#19122 = SURFACE_SIDE_STYLE('',(#19123));
#19123 = SURFACE_STYLE_FILL_AREA(#19124);
#19124 = FILL_AREA_STYLE('',(#19125));
#19125 = FILL_AREA_STYLE_COLOUR('',#18374);
#19126 = STYLED_ITEM('color',(#19127),#11726);
#19127 = PRESENTATION_STYLE_ASSIGNMENT((#19128));
#19128 = SURFACE_STYLE_USAGE(.BOTH.,#19129);
#19129 = SURFACE_SIDE_STYLE('',(#19130));
#19130 = SURFACE_STYLE_FILL_AREA(#19131);
#19131 = FILL_AREA_STYLE('',(#19132));
#19132 = FILL_AREA_STYLE_COLOUR('',#18374);
#19133 = STYLED_ITEM('color',(#19134),#11743);
#19134 = PRESENTATION_STYLE_ASSIGNMENT((#19135));
#19135 = SURFACE_STYLE_USAGE(.BOTH.,#19136);
#19136 = SURFACE_SIDE_STYLE('',(#19137));
#19137 = SURFACE_STYLE_FILL_AREA(#19138);
#19138 = FILL_AREA_STYLE('',(#19139));
#19139 = FILL_AREA_STYLE_COLOUR('',#18374);
#19140 = STYLED_ITEM('color',(#19141),#11760);
#19141 = PRESENTATION_STYLE_ASSIGNMENT((#19142));
#19142 = SURFACE_STYLE_USAGE(.BOTH.,#19143);
#19143 = SURFACE_SIDE_STYLE('',(#19144));
#19144 = SURFACE_STYLE_FILL_AREA(#19145);
#19145 = FILL_AREA_STYLE('',(#19146));
#19146 = FILL_AREA_STYLE_COLOUR('',#18374);
#19147 = STYLED_ITEM('color',(#19148),#11777);
#19148 = PRESENTATION_STYLE_ASSIGNMENT((#19149));
#19149 = SURFACE_STYLE_USAGE(.BOTH.,#19150);
#19150 = SURFACE_SIDE_STYLE('',(#19151));
#19151 = SURFACE_STYLE_FILL_AREA(#19152);
#19152 = FILL_AREA_STYLE('',(#19153));
#19153 = FILL_AREA_STYLE_COLOUR('',#18374);
#19154 = STYLED_ITEM('color',(#19155),#11794);
#19155 = PRESENTATION_STYLE_ASSIGNMENT((#19156));
#19156 = SURFACE_STYLE_USAGE(.BOTH.,#19157);
#19157 = SURFACE_SIDE_STYLE('',(#19158));
#19158 = SURFACE_STYLE_FILL_AREA(#19159);
#19159 = FILL_AREA_STYLE('',(#19160));
#19160 = FILL_AREA_STYLE_COLOUR('',#18374);
#19161 = STYLED_ITEM('color',(#19162),#11811);
#19162 = PRESENTATION_STYLE_ASSIGNMENT((#19163));
#19163 = SURFACE_STYLE_USAGE(.BOTH.,#19164);
#19164 = SURFACE_SIDE_STYLE('',(#19165));
#19165 = SURFACE_STYLE_FILL_AREA(#19166);
#19166 = FILL_AREA_STYLE('',(#19167));
#19167 = FILL_AREA_STYLE_COLOUR('',#18374);
#19168 = STYLED_ITEM('color',(#19169),#11828);
#19169 = PRESENTATION_STYLE_ASSIGNMENT((#19170));
#19170 = SURFACE_STYLE_USAGE(.BOTH.,#19171);
#19171 = SURFACE_SIDE_STYLE('',(#19172));
#19172 = SURFACE_STYLE_FILL_AREA(#19173);
#19173 = FILL_AREA_STYLE('',(#19174));
#19174 = FILL_AREA_STYLE_COLOUR('',#18374);
#19175 = STYLED_ITEM('color',(#19176),#11845);
#19176 = PRESENTATION_STYLE_ASSIGNMENT((#19177));
#19177 = SURFACE_STYLE_USAGE(.BOTH.,#19178);
#19178 = SURFACE_SIDE_STYLE('',(#19179));
#19179 = SURFACE_STYLE_FILL_AREA(#19180);
#19180 = FILL_AREA_STYLE('',(#19181));
#19181 = FILL_AREA_STYLE_COLOUR('',#18374);
#19182 = STYLED_ITEM('color',(#19183),#11862);
#19183 = PRESENTATION_STYLE_ASSIGNMENT((#19184));
#19184 = SURFACE_STYLE_USAGE(.BOTH.,#19185);
#19185 = SURFACE_SIDE_STYLE('',(#19186));
#19186 = SURFACE_STYLE_FILL_AREA(#19187);
#19187 = FILL_AREA_STYLE('',(#19188));
#19188 = FILL_AREA_STYLE_COLOUR('',#18374);
#19189 = STYLED_ITEM('color',(#19190),#11879);
#19190 = PRESENTATION_STYLE_ASSIGNMENT((#19191));
#19191 = SURFACE_STYLE_USAGE(.BOTH.,#19192);
#19192 = SURFACE_SIDE_STYLE('',(#19193));
#19193 = SURFACE_STYLE_FILL_AREA(#19194);
#19194 = FILL_AREA_STYLE('',(#19195));
#19195 = FILL_AREA_STYLE_COLOUR('',#18374);
#19196 = STYLED_ITEM('color',(#19197),#11896);
#19197 = PRESENTATION_STYLE_ASSIGNMENT((#19198));
#19198 = SURFACE_STYLE_USAGE(.BOTH.,#19199);
#19199 = SURFACE_SIDE_STYLE('',(#19200));
#19200 = SURFACE_STYLE_FILL_AREA(#19201);
#19201 = FILL_AREA_STYLE('',(#19202));
#19202 = FILL_AREA_STYLE_COLOUR('',#18374);
#19203 = STYLED_ITEM('color',(#19204),#11913);
#19204 = PRESENTATION_STYLE_ASSIGNMENT((#19205));
#19205 = SURFACE_STYLE_USAGE(.BOTH.,#19206);
#19206 = SURFACE_SIDE_STYLE('',(#19207));
#19207 = SURFACE_STYLE_FILL_AREA(#19208);
#19208 = FILL_AREA_STYLE('',(#19209));
#19209 = FILL_AREA_STYLE_COLOUR('',#18374);
#19210 = STYLED_ITEM('color',(#19211),#11930);
#19211 = PRESENTATION_STYLE_ASSIGNMENT((#19212));
#19212 = SURFACE_STYLE_USAGE(.BOTH.,#19213);
#19213 = SURFACE_SIDE_STYLE('',(#19214));
#19214 = SURFACE_STYLE_FILL_AREA(#19215);
#19215 = FILL_AREA_STYLE('',(#19216));
#19216 = FILL_AREA_STYLE_COLOUR('',#18374);
#19217 = STYLED_ITEM('color',(#19218),#11947);
#19218 = PRESENTATION_STYLE_ASSIGNMENT((#19219));
#19219 = SURFACE_STYLE_USAGE(.BOTH.,#19220);
#19220 = SURFACE_SIDE_STYLE('',(#19221));
#19221 = SURFACE_STYLE_FILL_AREA(#19222);
#19222 = FILL_AREA_STYLE('',(#19223));
#19223 = FILL_AREA_STYLE_COLOUR('',#18374);
#19224 = STYLED_ITEM('color',(#19225),#11964);
#19225 = PRESENTATION_STYLE_ASSIGNMENT((#19226));
#19226 = SURFACE_STYLE_USAGE(.BOTH.,#19227);
#19227 = SURFACE_SIDE_STYLE('',(#19228));
#19228 = SURFACE_STYLE_FILL_AREA(#19229);
#19229 = FILL_AREA_STYLE('',(#19230));
#19230 = FILL_AREA_STYLE_COLOUR('',#18374);
#19231 = STYLED_ITEM('color',(#19232),#11981);
#19232 = PRESENTATION_STYLE_ASSIGNMENT((#19233));
#19233 = SURFACE_STYLE_USAGE(.BOTH.,#19234);
#19234 = SURFACE_SIDE_STYLE('',(#19235));
#19235 = SURFACE_STYLE_FILL_AREA(#19236);
#19236 = FILL_AREA_STYLE('',(#19237));
#19237 = FILL_AREA_STYLE_COLOUR('',#18374);
#19238 = STYLED_ITEM('color',(#19239),#11993);
#19239 = PRESENTATION_STYLE_ASSIGNMENT((#19240));
#19240 = SURFACE_STYLE_USAGE(.BOTH.,#19241);
#19241 = SURFACE_SIDE_STYLE('',(#19242));
#19242 = SURFACE_STYLE_FILL_AREA(#19243);
#19243 = FILL_AREA_STYLE('',(#19244));
#19244 = FILL_AREA_STYLE_COLOUR('',#19245);
#19245 = COLOUR_RGB('',0.859000020776,0.737999965183,0.495999988746);
#19246 = STYLED_ITEM('color',(#19247),#12024);
#19247 = PRESENTATION_STYLE_ASSIGNMENT((#19248));
#19248 = SURFACE_STYLE_USAGE(.BOTH.,#19249);
#19249 = SURFACE_SIDE_STYLE('',(#19250));
#19250 = SURFACE_STYLE_FILL_AREA(#19251);
#19251 = FILL_AREA_STYLE('',(#19252));
#19252 = FILL_AREA_STYLE_COLOUR('',#19245);
#19253 = STYLED_ITEM('color',(#19254),#12048);
#19254 = PRESENTATION_STYLE_ASSIGNMENT((#19255));
#19255 = SURFACE_STYLE_USAGE(.BOTH.,#19256);
#19256 = SURFACE_SIDE_STYLE('',(#19257));
#19257 = SURFACE_STYLE_FILL_AREA(#19258);
#19258 = FILL_AREA_STYLE('',(#19259));
#19259 = FILL_AREA_STYLE_COLOUR('',#19245);
#19260 = STYLED_ITEM('color',(#19261),#12072);
#19261 = PRESENTATION_STYLE_ASSIGNMENT((#19262));
#19262 = SURFACE_STYLE_USAGE(.BOTH.,#19263);
#19263 = SURFACE_SIDE_STYLE('',(#19264));
#19264 = SURFACE_STYLE_FILL_AREA(#19265);
#19265 = FILL_AREA_STYLE('',(#19266));
#19266 = FILL_AREA_STYLE_COLOUR('',#19245);
#19267 = STYLED_ITEM('color',(#19268),#12089);
#19268 = PRESENTATION_STYLE_ASSIGNMENT((#19269));
#19269 = SURFACE_STYLE_USAGE(.BOTH.,#19270);
#19270 = SURFACE_SIDE_STYLE('',(#19271));
#19271 = SURFACE_STYLE_FILL_AREA(#19272);
#19272 = FILL_AREA_STYLE('',(#19273));
#19273 = FILL_AREA_STYLE_COLOUR('',#19245);
#19274 = STYLED_ITEM('color',(#19275),#12120);
#19275 = PRESENTATION_STYLE_ASSIGNMENT((#19276));
#19276 = SURFACE_STYLE_USAGE(.BOTH.,#19277);
#19277 = SURFACE_SIDE_STYLE('',(#19278));
#19278 = SURFACE_STYLE_FILL_AREA(#19279);
#19279 = FILL_AREA_STYLE('',(#19280));
#19280 = FILL_AREA_STYLE_COLOUR('',#19245);
#19281 = STYLED_ITEM('color',(#19282),#12144);
#19282 = PRESENTATION_STYLE_ASSIGNMENT((#19283));
#19283 = SURFACE_STYLE_USAGE(.BOTH.,#19284);
#19284 = SURFACE_SIDE_STYLE('',(#19285));
#19285 = SURFACE_STYLE_FILL_AREA(#19286);
#19286 = FILL_AREA_STYLE('',(#19287));
#19287 = FILL_AREA_STYLE_COLOUR('',#19245);
#19288 = STYLED_ITEM('color',(#19289),#12168);
#19289 = PRESENTATION_STYLE_ASSIGNMENT((#19290));
#19290 = SURFACE_STYLE_USAGE(.BOTH.,#19291);
#19291 = SURFACE_SIDE_STYLE('',(#19292));
#19292 = SURFACE_STYLE_FILL_AREA(#19293);
#19293 = FILL_AREA_STYLE('',(#19294));
#19294 = FILL_AREA_STYLE_COLOUR('',#19245);
#19295 = STYLED_ITEM('color',(#19296),#12185);
#19296 = PRESENTATION_STYLE_ASSIGNMENT((#19297));
#19297 = SURFACE_STYLE_USAGE(.BOTH.,#19298);
#19298 = SURFACE_SIDE_STYLE('',(#19299));
#19299 = SURFACE_STYLE_FILL_AREA(#19300);
#19300 = FILL_AREA_STYLE('',(#19301));
#19301 = FILL_AREA_STYLE_COLOUR('',#19245);
#19302 = STYLED_ITEM('color',(#19303),#12216);
#19303 = PRESENTATION_STYLE_ASSIGNMENT((#19304));
#19304 = SURFACE_STYLE_USAGE(.BOTH.,#19305);
#19305 = SURFACE_SIDE_STYLE('',(#19306));
#19306 = SURFACE_STYLE_FILL_AREA(#19307);
#19307 = FILL_AREA_STYLE('',(#19308));
#19308 = FILL_AREA_STYLE_COLOUR('',#19245);
#19309 = STYLED_ITEM('color',(#19310),#12240);
#19310 = PRESENTATION_STYLE_ASSIGNMENT((#19311));
#19311 = SURFACE_STYLE_USAGE(.BOTH.,#19312);
#19312 = SURFACE_SIDE_STYLE('',(#19313));
#19313 = SURFACE_STYLE_FILL_AREA(#19314);
#19314 = FILL_AREA_STYLE('',(#19315));
#19315 = FILL_AREA_STYLE_COLOUR('',#19245);
#19316 = STYLED_ITEM('color',(#19317),#12264);
#19317 = PRESENTATION_STYLE_ASSIGNMENT((#19318));
#19318 = SURFACE_STYLE_USAGE(.BOTH.,#19319);
#19319 = SURFACE_SIDE_STYLE('',(#19320));
#19320 = SURFACE_STYLE_FILL_AREA(#19321);
#19321 = FILL_AREA_STYLE('',(#19322));
#19322 = FILL_AREA_STYLE_COLOUR('',#19245);
#19323 = STYLED_ITEM('color',(#19324),#12281);
#19324 = PRESENTATION_STYLE_ASSIGNMENT((#19325));
#19325 = SURFACE_STYLE_USAGE(.BOTH.,#19326);
#19326 = SURFACE_SIDE_STYLE('',(#19327));
#19327 = SURFACE_STYLE_FILL_AREA(#19328);
#19328 = FILL_AREA_STYLE('',(#19329));
#19329 = FILL_AREA_STYLE_COLOUR('',#19245);
#19330 = STYLED_ITEM('color',(#19331),#12312);
#19331 = PRESENTATION_STYLE_ASSIGNMENT((#19332));
#19332 = SURFACE_STYLE_USAGE(.BOTH.,#19333);
#19333 = SURFACE_SIDE_STYLE('',(#19334));
#19334 = SURFACE_STYLE_FILL_AREA(#19335);
#19335 = FILL_AREA_STYLE('',(#19336));
#19336 = FILL_AREA_STYLE_COLOUR('',#19245);
#19337 = STYLED_ITEM('color',(#19338),#12336);
#19338 = PRESENTATION_STYLE_ASSIGNMENT((#19339));
#19339 = SURFACE_STYLE_USAGE(.BOTH.,#19340);
#19340 = SURFACE_SIDE_STYLE('',(#19341));
#19341 = SURFACE_STYLE_FILL_AREA(#19342);
#19342 = FILL_AREA_STYLE('',(#19343));
#19343 = FILL_AREA_STYLE_COLOUR('',#19245);
#19344 = STYLED_ITEM('color',(#19345),#12360);
#19345 = PRESENTATION_STYLE_ASSIGNMENT((#19346));
#19346 = SURFACE_STYLE_USAGE(.BOTH.,#19347);
#19347 = SURFACE_SIDE_STYLE('',(#19348));
#19348 = SURFACE_STYLE_FILL_AREA(#19349);
#19349 = FILL_AREA_STYLE('',(#19350));
#19350 = FILL_AREA_STYLE_COLOUR('',#19245);
#19351 = STYLED_ITEM('color',(#19352),#12377);
#19352 = PRESENTATION_STYLE_ASSIGNMENT((#19353));
#19353 = SURFACE_STYLE_USAGE(.BOTH.,#19354);
#19354 = SURFACE_SIDE_STYLE('',(#19355));
#19355 = SURFACE_STYLE_FILL_AREA(#19356);
#19356 = FILL_AREA_STYLE('',(#19357));
#19357 = FILL_AREA_STYLE_COLOUR('',#19245);
#19358 = STYLED_ITEM('color',(#19359),#12408);
#19359 = PRESENTATION_STYLE_ASSIGNMENT((#19360));
#19360 = SURFACE_STYLE_USAGE(.BOTH.,#19361);
#19361 = SURFACE_SIDE_STYLE('',(#19362));
#19362 = SURFACE_STYLE_FILL_AREA(#19363);
#19363 = FILL_AREA_STYLE('',(#19364));
#19364 = FILL_AREA_STYLE_COLOUR('',#19245);
#19365 = STYLED_ITEM('color',(#19366),#12432);
#19366 = PRESENTATION_STYLE_ASSIGNMENT((#19367));
#19367 = SURFACE_STYLE_USAGE(.BOTH.,#19368);
#19368 = SURFACE_SIDE_STYLE('',(#19369));
#19369 = SURFACE_STYLE_FILL_AREA(#19370);
#19370 = FILL_AREA_STYLE('',(#19371));
#19371 = FILL_AREA_STYLE_COLOUR('',#19245);
#19372 = STYLED_ITEM('color',(#19373),#12456);
#19373 = PRESENTATION_STYLE_ASSIGNMENT((#19374));
#19374 = SURFACE_STYLE_USAGE(.BOTH.,#19375);
#19375 = SURFACE_SIDE_STYLE('',(#19376));
#19376 = SURFACE_STYLE_FILL_AREA(#19377);
#19377 = FILL_AREA_STYLE('',(#19378));
#19378 = FILL_AREA_STYLE_COLOUR('',#19245);
#19379 = STYLED_ITEM('color',(#19380),#12473);
#19380 = PRESENTATION_STYLE_ASSIGNMENT((#19381));
#19381 = SURFACE_STYLE_USAGE(.BOTH.,#19382);
#19382 = SURFACE_SIDE_STYLE('',(#19383));
#19383 = SURFACE_STYLE_FILL_AREA(#19384);
#19384 = FILL_AREA_STYLE('',(#19385));
#19385 = FILL_AREA_STYLE_COLOUR('',#19245);
#19386 = STYLED_ITEM('color',(#19387),#12504);
#19387 = PRESENTATION_STYLE_ASSIGNMENT((#19388));
#19388 = SURFACE_STYLE_USAGE(.BOTH.,#19389);
#19389 = SURFACE_SIDE_STYLE('',(#19390));
#19390 = SURFACE_STYLE_FILL_AREA(#19391);
#19391 = FILL_AREA_STYLE('',(#19392));
#19392 = FILL_AREA_STYLE_COLOUR('',#19245);
#19393 = STYLED_ITEM('color',(#19394),#12528);
#19394 = PRESENTATION_STYLE_ASSIGNMENT((#19395));
#19395 = SURFACE_STYLE_USAGE(.BOTH.,#19396);
#19396 = SURFACE_SIDE_STYLE('',(#19397));
#19397 = SURFACE_STYLE_FILL_AREA(#19398);
#19398 = FILL_AREA_STYLE('',(#19399));
#19399 = FILL_AREA_STYLE_COLOUR('',#19245);
#19400 = STYLED_ITEM('color',(#19401),#12552);
#19401 = PRESENTATION_STYLE_ASSIGNMENT((#19402));
#19402 = SURFACE_STYLE_USAGE(.BOTH.,#19403);
#19403 = SURFACE_SIDE_STYLE('',(#19404));
#19404 = SURFACE_STYLE_FILL_AREA(#19405);
#19405 = FILL_AREA_STYLE('',(#19406));
#19406 = FILL_AREA_STYLE_COLOUR('',#19245);
#19407 = STYLED_ITEM('color',(#19408),#12569);
#19408 = PRESENTATION_STYLE_ASSIGNMENT((#19409));
#19409 = SURFACE_STYLE_USAGE(.BOTH.,#19410);
#19410 = SURFACE_SIDE_STYLE('',(#19411));
#19411 = SURFACE_STYLE_FILL_AREA(#19412);
#19412 = FILL_AREA_STYLE('',(#19413));
#19413 = FILL_AREA_STYLE_COLOUR('',#19245);
#19414 = STYLED_ITEM('color',(#19415),#12600);
#19415 = PRESENTATION_STYLE_ASSIGNMENT((#19416));
#19416 = SURFACE_STYLE_USAGE(.BOTH.,#19417);
#19417 = SURFACE_SIDE_STYLE('',(#19418));
#19418 = SURFACE_STYLE_FILL_AREA(#19419);
#19419 = FILL_AREA_STYLE('',(#19420));
#19420 = FILL_AREA_STYLE_COLOUR('',#19245);
#19421 = STYLED_ITEM('color',(#19422),#12624);
#19422 = PRESENTATION_STYLE_ASSIGNMENT((#19423));
#19423 = SURFACE_STYLE_USAGE(.BOTH.,#19424);
#19424 = SURFACE_SIDE_STYLE('',(#19425));
#19425 = SURFACE_STYLE_FILL_AREA(#19426);
#19426 = FILL_AREA_STYLE('',(#19427));
#19427 = FILL_AREA_STYLE_COLOUR('',#19245);
#19428 = STYLED_ITEM('color',(#19429),#12648);
#19429 = PRESENTATION_STYLE_ASSIGNMENT((#19430));
#19430 = SURFACE_STYLE_USAGE(.BOTH.,#19431);
#19431 = SURFACE_SIDE_STYLE('',(#19432));
#19432 = SURFACE_STYLE_FILL_AREA(#19433);
#19433 = FILL_AREA_STYLE('',(#19434));
#19434 = FILL_AREA_STYLE_COLOUR('',#19245);
#19435 = STYLED_ITEM('color',(#19436),#12665);
#19436 = PRESENTATION_STYLE_ASSIGNMENT((#19437));
#19437 = SURFACE_STYLE_USAGE(.BOTH.,#19438);
#19438 = SURFACE_SIDE_STYLE('',(#19439));
#19439 = SURFACE_STYLE_FILL_AREA(#19440);
#19440 = FILL_AREA_STYLE('',(#19441));
#19441 = FILL_AREA_STYLE_COLOUR('',#19245);
#19442 = STYLED_ITEM('color',(#19443),#12696);
#19443 = PRESENTATION_STYLE_ASSIGNMENT((#19444));
#19444 = SURFACE_STYLE_USAGE(.BOTH.,#19445);
#19445 = SURFACE_SIDE_STYLE('',(#19446));
#19446 = SURFACE_STYLE_FILL_AREA(#19447);
#19447 = FILL_AREA_STYLE('',(#19448));
#19448 = FILL_AREA_STYLE_COLOUR('',#19245);
#19449 = STYLED_ITEM('color',(#19450),#12720);
#19450 = PRESENTATION_STYLE_ASSIGNMENT((#19451));
#19451 = SURFACE_STYLE_USAGE(.BOTH.,#19452);
#19452 = SURFACE_SIDE_STYLE('',(#19453));
#19453 = SURFACE_STYLE_FILL_AREA(#19454);
#19454 = FILL_AREA_STYLE('',(#19455));
#19455 = FILL_AREA_STYLE_COLOUR('',#19245);
#19456 = STYLED_ITEM('color',(#19457),#12744);
#19457 = PRESENTATION_STYLE_ASSIGNMENT((#19458));
#19458 = SURFACE_STYLE_USAGE(.BOTH.,#19459);
#19459 = SURFACE_SIDE_STYLE('',(#19460));
#19460 = SURFACE_STYLE_FILL_AREA(#19461);
#19461 = FILL_AREA_STYLE('',(#19462));
#19462 = FILL_AREA_STYLE_COLOUR('',#19245);
#19463 = STYLED_ITEM('color',(#19464),#12761);
#19464 = PRESENTATION_STYLE_ASSIGNMENT((#19465));
#19465 = SURFACE_STYLE_USAGE(.BOTH.,#19466);
#19466 = SURFACE_SIDE_STYLE('',(#19467));
#19467 = SURFACE_STYLE_FILL_AREA(#19468);
#19468 = FILL_AREA_STYLE('',(#19469));
#19469 = FILL_AREA_STYLE_COLOUR('',#19245);
#19470 = STYLED_ITEM('color',(#19471),#12792);
#19471 = PRESENTATION_STYLE_ASSIGNMENT((#19472));
#19472 = SURFACE_STYLE_USAGE(.BOTH.,#19473);
#19473 = SURFACE_SIDE_STYLE('',(#19474));
#19474 = SURFACE_STYLE_FILL_AREA(#19475);
#19475 = FILL_AREA_STYLE('',(#19476));
#19476 = FILL_AREA_STYLE_COLOUR('',#19245);
#19477 = STYLED_ITEM('color',(#19478),#12816);
#19478 = PRESENTATION_STYLE_ASSIGNMENT((#19479));
#19479 = SURFACE_STYLE_USAGE(.BOTH.,#19480);
#19480 = SURFACE_SIDE_STYLE('',(#19481));
#19481 = SURFACE_STYLE_FILL_AREA(#19482);
#19482 = FILL_AREA_STYLE('',(#19483));
#19483 = FILL_AREA_STYLE_COLOUR('',#19245);
#19484 = STYLED_ITEM('color',(#19485),#12840);
#19485 = PRESENTATION_STYLE_ASSIGNMENT((#19486));
#19486 = SURFACE_STYLE_USAGE(.BOTH.,#19487);
#19487 = SURFACE_SIDE_STYLE('',(#19488));
#19488 = SURFACE_STYLE_FILL_AREA(#19489);
#19489 = FILL_AREA_STYLE('',(#19490));
#19490 = FILL_AREA_STYLE_COLOUR('',#19245);
#19491 = STYLED_ITEM('color',(#19492),#12857);
#19492 = PRESENTATION_STYLE_ASSIGNMENT((#19493));
#19493 = SURFACE_STYLE_USAGE(.BOTH.,#19494);
#19494 = SURFACE_SIDE_STYLE('',(#19495));
#19495 = SURFACE_STYLE_FILL_AREA(#19496);
#19496 = FILL_AREA_STYLE('',(#19497));
#19497 = FILL_AREA_STYLE_COLOUR('',#19245);
#19498 = STYLED_ITEM('color',(#19499),#12888);
#19499 = PRESENTATION_STYLE_ASSIGNMENT((#19500));
#19500 = SURFACE_STYLE_USAGE(.BOTH.,#19501);
#19501 = SURFACE_SIDE_STYLE('',(#19502));
#19502 = SURFACE_STYLE_FILL_AREA(#19503);
#19503 = FILL_AREA_STYLE('',(#19504));
#19504 = FILL_AREA_STYLE_COLOUR('',#19245);
#19505 = STYLED_ITEM('color',(#19506),#12912);
#19506 = PRESENTATION_STYLE_ASSIGNMENT((#19507));
#19507 = SURFACE_STYLE_USAGE(.BOTH.,#19508);
#19508 = SURFACE_SIDE_STYLE('',(#19509));
#19509 = SURFACE_STYLE_FILL_AREA(#19510);
#19510 = FILL_AREA_STYLE('',(#19511));
#19511 = FILL_AREA_STYLE_COLOUR('',#19245);
#19512 = STYLED_ITEM('color',(#19513),#12936);
#19513 = PRESENTATION_STYLE_ASSIGNMENT((#19514));
#19514 = SURFACE_STYLE_USAGE(.BOTH.,#19515);
#19515 = SURFACE_SIDE_STYLE('',(#19516));
#19516 = SURFACE_STYLE_FILL_AREA(#19517);
#19517 = FILL_AREA_STYLE('',(#19518));
#19518 = FILL_AREA_STYLE_COLOUR('',#19245);
#19519 = STYLED_ITEM('color',(#19520),#12953);
#19520 = PRESENTATION_STYLE_ASSIGNMENT((#19521));
#19521 = SURFACE_STYLE_USAGE(.BOTH.,#19522);
#19522 = SURFACE_SIDE_STYLE('',(#19523));
#19523 = SURFACE_STYLE_FILL_AREA(#19524);
#19524 = FILL_AREA_STYLE('',(#19525));
#19525 = FILL_AREA_STYLE_COLOUR('',#19245);
#19526 = STYLED_ITEM('color',(#19527),#12984);
#19527 = PRESENTATION_STYLE_ASSIGNMENT((#19528));
#19528 = SURFACE_STYLE_USAGE(.BOTH.,#19529);
#19529 = SURFACE_SIDE_STYLE('',(#19530));
#19530 = SURFACE_STYLE_FILL_AREA(#19531);
#19531 = FILL_AREA_STYLE('',(#19532));
#19532 = FILL_AREA_STYLE_COLOUR('',#19245);
#19533 = STYLED_ITEM('color',(#19534),#13008);
#19534 = PRESENTATION_STYLE_ASSIGNMENT((#19535));
#19535 = SURFACE_STYLE_USAGE(.BOTH.,#19536);
#19536 = SURFACE_SIDE_STYLE('',(#19537));
#19537 = SURFACE_STYLE_FILL_AREA(#19538);
#19538 = FILL_AREA_STYLE('',(#19539));
#19539 = FILL_AREA_STYLE_COLOUR('',#19245);
#19540 = STYLED_ITEM('color',(#19541),#13032);
#19541 = PRESENTATION_STYLE_ASSIGNMENT((#19542));
#19542 = SURFACE_STYLE_USAGE(.BOTH.,#19543);
#19543 = SURFACE_SIDE_STYLE('',(#19544));
#19544 = SURFACE_STYLE_FILL_AREA(#19545);
#19545 = FILL_AREA_STYLE('',(#19546));
#19546 = FILL_AREA_STYLE_COLOUR('',#19245);
#19547 = STYLED_ITEM('color',(#19548),#13049);
#19548 = PRESENTATION_STYLE_ASSIGNMENT((#19549));
#19549 = SURFACE_STYLE_USAGE(.BOTH.,#19550);
#19550 = SURFACE_SIDE_STYLE('',(#19551));
#19551 = SURFACE_STYLE_FILL_AREA(#19552);
#19552 = FILL_AREA_STYLE('',(#19553));
#19553 = FILL_AREA_STYLE_COLOUR('',#19245);
#19554 = STYLED_ITEM('color',(#19555),#13080);
#19555 = PRESENTATION_STYLE_ASSIGNMENT((#19556));
#19556 = SURFACE_STYLE_USAGE(.BOTH.,#19557);
#19557 = SURFACE_SIDE_STYLE('',(#19558));
#19558 = SURFACE_STYLE_FILL_AREA(#19559);
#19559 = FILL_AREA_STYLE('',(#19560));
#19560 = FILL_AREA_STYLE_COLOUR('',#19245);
#19561 = STYLED_ITEM('color',(#19562),#13104);
#19562 = PRESENTATION_STYLE_ASSIGNMENT((#19563));
#19563 = SURFACE_STYLE_USAGE(.BOTH.,#19564);
#19564 = SURFACE_SIDE_STYLE('',(#19565));
#19565 = SURFACE_STYLE_FILL_AREA(#19566);
#19566 = FILL_AREA_STYLE('',(#19567));
#19567 = FILL_AREA_STYLE_COLOUR('',#19245);
#19568 = STYLED_ITEM('color',(#19569),#13128);
#19569 = PRESENTATION_STYLE_ASSIGNMENT((#19570));
#19570 = SURFACE_STYLE_USAGE(.BOTH.,#19571);
#19571 = SURFACE_SIDE_STYLE('',(#19572));
#19572 = SURFACE_STYLE_FILL_AREA(#19573);
#19573 = FILL_AREA_STYLE('',(#19574));
#19574 = FILL_AREA_STYLE_COLOUR('',#19245);
#19575 = STYLED_ITEM('color',(#19576),#13145);
#19576 = PRESENTATION_STYLE_ASSIGNMENT((#19577));
#19577 = SURFACE_STYLE_USAGE(.BOTH.,#19578);
#19578 = SURFACE_SIDE_STYLE('',(#19579));
#19579 = SURFACE_STYLE_FILL_AREA(#19580);
#19580 = FILL_AREA_STYLE('',(#19581));
#19581 = FILL_AREA_STYLE_COLOUR('',#19245);
#19582 = STYLED_ITEM('color',(#19583),#13176);
#19583 = PRESENTATION_STYLE_ASSIGNMENT((#19584));
#19584 = SURFACE_STYLE_USAGE(.BOTH.,#19585);
#19585 = SURFACE_SIDE_STYLE('',(#19586));
#19586 = SURFACE_STYLE_FILL_AREA(#19587);
#19587 = FILL_AREA_STYLE('',(#19588));
#19588 = FILL_AREA_STYLE_COLOUR('',#19245);
#19589 = STYLED_ITEM('color',(#19590),#13200);
#19590 = PRESENTATION_STYLE_ASSIGNMENT((#19591));
#19591 = SURFACE_STYLE_USAGE(.BOTH.,#19592);
#19592 = SURFACE_SIDE_STYLE('',(#19593));
#19593 = SURFACE_STYLE_FILL_AREA(#19594);
#19594 = FILL_AREA_STYLE('',(#19595));
#19595 = FILL_AREA_STYLE_COLOUR('',#19245);
#19596 = STYLED_ITEM('color',(#19597),#13224);
#19597 = PRESENTATION_STYLE_ASSIGNMENT((#19598));
#19598 = SURFACE_STYLE_USAGE(.BOTH.,#19599);
#19599 = SURFACE_SIDE_STYLE('',(#19600));
#19600 = SURFACE_STYLE_FILL_AREA(#19601);
#19601 = FILL_AREA_STYLE('',(#19602));
#19602 = FILL_AREA_STYLE_COLOUR('',#19245);
#19603 = STYLED_ITEM('color',(#19604),#13241);
#19604 = PRESENTATION_STYLE_ASSIGNMENT((#19605));
#19605 = SURFACE_STYLE_USAGE(.BOTH.,#19606);
#19606 = SURFACE_SIDE_STYLE('',(#19607));
#19607 = SURFACE_STYLE_FILL_AREA(#19608);
#19608 = FILL_AREA_STYLE('',(#19609));
#19609 = FILL_AREA_STYLE_COLOUR('',#19245);
#19610 = STYLED_ITEM('color',(#19611),#13272);
#19611 = PRESENTATION_STYLE_ASSIGNMENT((#19612));
#19612 = SURFACE_STYLE_USAGE(.BOTH.,#19613);
#19613 = SURFACE_SIDE_STYLE('',(#19614));
#19614 = SURFACE_STYLE_FILL_AREA(#19615);
#19615 = FILL_AREA_STYLE('',(#19616));
#19616 = FILL_AREA_STYLE_COLOUR('',#19245);
#19617 = STYLED_ITEM('color',(#19618),#13296);
#19618 = PRESENTATION_STYLE_ASSIGNMENT((#19619));
#19619 = SURFACE_STYLE_USAGE(.BOTH.,#19620);
#19620 = SURFACE_SIDE_STYLE('',(#19621));
#19621 = SURFACE_STYLE_FILL_AREA(#19622);
#19622 = FILL_AREA_STYLE('',(#19623));
#19623 = FILL_AREA_STYLE_COLOUR('',#19245);
#19624 = STYLED_ITEM('color',(#19625),#13320);
#19625 = PRESENTATION_STYLE_ASSIGNMENT((#19626));
#19626 = SURFACE_STYLE_USAGE(.BOTH.,#19627);
#19627 = SURFACE_SIDE_STYLE('',(#19628));
#19628 = SURFACE_STYLE_FILL_AREA(#19629);
#19629 = FILL_AREA_STYLE('',(#19630));
#19630 = FILL_AREA_STYLE_COLOUR('',#19245);
#19631 = STYLED_ITEM('color',(#19632),#13337);
#19632 = PRESENTATION_STYLE_ASSIGNMENT((#19633));
#19633 = SURFACE_STYLE_USAGE(.BOTH.,#19634);
#19634 = SURFACE_SIDE_STYLE('',(#19635));
#19635 = SURFACE_STYLE_FILL_AREA(#19636);
#19636 = FILL_AREA_STYLE('',(#19637));
#19637 = FILL_AREA_STYLE_COLOUR('',#19245);
#19638 = STYLED_ITEM('color',(#19639),#13368);
#19639 = PRESENTATION_STYLE_ASSIGNMENT((#19640));
#19640 = SURFACE_STYLE_USAGE(.BOTH.,#19641);
#19641 = SURFACE_SIDE_STYLE('',(#19642));
#19642 = SURFACE_STYLE_FILL_AREA(#19643);
#19643 = FILL_AREA_STYLE('',(#19644));
#19644 = FILL_AREA_STYLE_COLOUR('',#19245);
#19645 = STYLED_ITEM('color',(#19646),#13392);
#19646 = PRESENTATION_STYLE_ASSIGNMENT((#19647));
#19647 = SURFACE_STYLE_USAGE(.BOTH.,#19648);
#19648 = SURFACE_SIDE_STYLE('',(#19649));
#19649 = SURFACE_STYLE_FILL_AREA(#19650);
#19650 = FILL_AREA_STYLE('',(#19651));
#19651 = FILL_AREA_STYLE_COLOUR('',#19245);
#19652 = STYLED_ITEM('color',(#19653),#13416);
#19653 = PRESENTATION_STYLE_ASSIGNMENT((#19654));
#19654 = SURFACE_STYLE_USAGE(.BOTH.,#19655);
#19655 = SURFACE_SIDE_STYLE('',(#19656));
#19656 = SURFACE_STYLE_FILL_AREA(#19657);
#19657 = FILL_AREA_STYLE('',(#19658));
#19658 = FILL_AREA_STYLE_COLOUR('',#19245);
#19659 = STYLED_ITEM('color',(#19660),#13433);
#19660 = PRESENTATION_STYLE_ASSIGNMENT((#19661));
#19661 = SURFACE_STYLE_USAGE(.BOTH.,#19662);
#19662 = SURFACE_SIDE_STYLE('',(#19663));
#19663 = SURFACE_STYLE_FILL_AREA(#19664);
#19664 = FILL_AREA_STYLE('',(#19665));
#19665 = FILL_AREA_STYLE_COLOUR('',#19245);
#19666 = STYLED_ITEM('color',(#19667),#13464);
#19667 = PRESENTATION_STYLE_ASSIGNMENT((#19668));
#19668 = SURFACE_STYLE_USAGE(.BOTH.,#19669);
#19669 = SURFACE_SIDE_STYLE('',(#19670));
#19670 = SURFACE_STYLE_FILL_AREA(#19671);
#19671 = FILL_AREA_STYLE('',(#19672));
#19672 = FILL_AREA_STYLE_COLOUR('',#19245);
#19673 = STYLED_ITEM('color',(#19674),#13488);
#19674 = PRESENTATION_STYLE_ASSIGNMENT((#19675));
#19675 = SURFACE_STYLE_USAGE(.BOTH.,#19676);
#19676 = SURFACE_SIDE_STYLE('',(#19677));
#19677 = SURFACE_STYLE_FILL_AREA(#19678);
#19678 = FILL_AREA_STYLE('',(#19679));
#19679 = FILL_AREA_STYLE_COLOUR('',#19245);
#19680 = STYLED_ITEM('color',(#19681),#13512);
#19681 = PRESENTATION_STYLE_ASSIGNMENT((#19682));
#19682 = SURFACE_STYLE_USAGE(.BOTH.,#19683);
#19683 = SURFACE_SIDE_STYLE('',(#19684));
#19684 = SURFACE_STYLE_FILL_AREA(#19685);
#19685 = FILL_AREA_STYLE('',(#19686));
#19686 = FILL_AREA_STYLE_COLOUR('',#19245);
#19687 = STYLED_ITEM('color',(#19688),#13529);
#19688 = PRESENTATION_STYLE_ASSIGNMENT((#19689));
#19689 = SURFACE_STYLE_USAGE(.BOTH.,#19690);
#19690 = SURFACE_SIDE_STYLE('',(#19691));
#19691 = SURFACE_STYLE_FILL_AREA(#19692);
#19692 = FILL_AREA_STYLE('',(#19693));
#19693 = FILL_AREA_STYLE_COLOUR('',#19245);
#19694 = STYLED_ITEM('color',(#19695),#13560);
#19695 = PRESENTATION_STYLE_ASSIGNMENT((#19696));
#19696 = SURFACE_STYLE_USAGE(.BOTH.,#19697);
#19697 = SURFACE_SIDE_STYLE('',(#19698));
#19698 = SURFACE_STYLE_FILL_AREA(#19699);
#19699 = FILL_AREA_STYLE('',(#19700));
#19700 = FILL_AREA_STYLE_COLOUR('',#19245);
#19701 = STYLED_ITEM('color',(#19702),#13584);
#19702 = PRESENTATION_STYLE_ASSIGNMENT((#19703));
#19703 = SURFACE_STYLE_USAGE(.BOTH.,#19704);
#19704 = SURFACE_SIDE_STYLE('',(#19705));
#19705 = SURFACE_STYLE_FILL_AREA(#19706);
#19706 = FILL_AREA_STYLE('',(#19707));
#19707 = FILL_AREA_STYLE_COLOUR('',#19245);
#19708 = STYLED_ITEM('color',(#19709),#13608);
#19709 = PRESENTATION_STYLE_ASSIGNMENT((#19710));
#19710 = SURFACE_STYLE_USAGE(.BOTH.,#19711);
#19711 = SURFACE_SIDE_STYLE('',(#19712));
#19712 = SURFACE_STYLE_FILL_AREA(#19713);
#19713 = FILL_AREA_STYLE('',(#19714));
#19714 = FILL_AREA_STYLE_COLOUR('',#19245);
#19715 = STYLED_ITEM('color',(#19716),#13625);
#19716 = PRESENTATION_STYLE_ASSIGNMENT((#19717));
#19717 = SURFACE_STYLE_USAGE(.BOTH.,#19718);
#19718 = SURFACE_SIDE_STYLE('',(#19719));
#19719 = SURFACE_STYLE_FILL_AREA(#19720);
#19720 = FILL_AREA_STYLE('',(#19721));
#19721 = FILL_AREA_STYLE_COLOUR('',#19245);
#19722 = STYLED_ITEM('color',(#19723),#13656);
#19723 = PRESENTATION_STYLE_ASSIGNMENT((#19724));
#19724 = SURFACE_STYLE_USAGE(.BOTH.,#19725);
#19725 = SURFACE_SIDE_STYLE('',(#19726));
#19726 = SURFACE_STYLE_FILL_AREA(#19727);
#19727 = FILL_AREA_STYLE('',(#19728));
#19728 = FILL_AREA_STYLE_COLOUR('',#19245);
#19729 = STYLED_ITEM('color',(#19730),#13680);
#19730 = PRESENTATION_STYLE_ASSIGNMENT((#19731));
#19731 = SURFACE_STYLE_USAGE(.BOTH.,#19732);
#19732 = SURFACE_SIDE_STYLE('',(#19733));
#19733 = SURFACE_STYLE_FILL_AREA(#19734);
#19734 = FILL_AREA_STYLE('',(#19735));
#19735 = FILL_AREA_STYLE_COLOUR('',#19245);
#19736 = STYLED_ITEM('color',(#19737),#13704);
#19737 = PRESENTATION_STYLE_ASSIGNMENT((#19738));
#19738 = SURFACE_STYLE_USAGE(.BOTH.,#19739);
#19739 = SURFACE_SIDE_STYLE('',(#19740));
#19740 = SURFACE_STYLE_FILL_AREA(#19741);
#19741 = FILL_AREA_STYLE('',(#19742));
#19742 = FILL_AREA_STYLE_COLOUR('',#19245);
#19743 = STYLED_ITEM('color',(#19744),#13721);
#19744 = PRESENTATION_STYLE_ASSIGNMENT((#19745));
#19745 = SURFACE_STYLE_USAGE(.BOTH.,#19746);
#19746 = SURFACE_SIDE_STYLE('',(#19747));
#19747 = SURFACE_STYLE_FILL_AREA(#19748);
#19748 = FILL_AREA_STYLE('',(#19749));
#19749 = FILL_AREA_STYLE_COLOUR('',#19245);
#19750 = STYLED_ITEM('color',(#19751),#13752);
#19751 = PRESENTATION_STYLE_ASSIGNMENT((#19752));
#19752 = SURFACE_STYLE_USAGE(.BOTH.,#19753);
#19753 = SURFACE_SIDE_STYLE('',(#19754));
#19754 = SURFACE_STYLE_FILL_AREA(#19755);
#19755 = FILL_AREA_STYLE('',(#19756));
#19756 = FILL_AREA_STYLE_COLOUR('',#19245);
#19757 = STYLED_ITEM('color',(#19758),#13776);
#19758 = PRESENTATION_STYLE_ASSIGNMENT((#19759));
#19759 = SURFACE_STYLE_USAGE(.BOTH.,#19760);
#19760 = SURFACE_SIDE_STYLE('',(#19761));
#19761 = SURFACE_STYLE_FILL_AREA(#19762);
#19762 = FILL_AREA_STYLE('',(#19763));
#19763 = FILL_AREA_STYLE_COLOUR('',#19245);
#19764 = STYLED_ITEM('color',(#19765),#13800);
#19765 = PRESENTATION_STYLE_ASSIGNMENT((#19766));
#19766 = SURFACE_STYLE_USAGE(.BOTH.,#19767);
#19767 = SURFACE_SIDE_STYLE('',(#19768));
#19768 = SURFACE_STYLE_FILL_AREA(#19769);
#19769 = FILL_AREA_STYLE('',(#19770));
#19770 = FILL_AREA_STYLE_COLOUR('',#19245);
#19771 = STYLED_ITEM('color',(#19772),#13817);
#19772 = PRESENTATION_STYLE_ASSIGNMENT((#19773));
#19773 = SURFACE_STYLE_USAGE(.BOTH.,#19774);
#19774 = SURFACE_SIDE_STYLE('',(#19775));
#19775 = SURFACE_STYLE_FILL_AREA(#19776);
#19776 = FILL_AREA_STYLE('',(#19777));
#19777 = FILL_AREA_STYLE_COLOUR('',#19245);
#19778 = STYLED_ITEM('color',(#19779),#13848);
#19779 = PRESENTATION_STYLE_ASSIGNMENT((#19780));
#19780 = SURFACE_STYLE_USAGE(.BOTH.,#19781);
#19781 = SURFACE_SIDE_STYLE('',(#19782));
#19782 = SURFACE_STYLE_FILL_AREA(#19783);
#19783 = FILL_AREA_STYLE('',(#19784));
#19784 = FILL_AREA_STYLE_COLOUR('',#19245);
#19785 = STYLED_ITEM('color',(#19786),#13872);
#19786 = PRESENTATION_STYLE_ASSIGNMENT((#19787));
#19787 = SURFACE_STYLE_USAGE(.BOTH.,#19788);
#19788 = SURFACE_SIDE_STYLE('',(#19789));
#19789 = SURFACE_STYLE_FILL_AREA(#19790);
#19790 = FILL_AREA_STYLE('',(#19791));
#19791 = FILL_AREA_STYLE_COLOUR('',#19245);
#19792 = STYLED_ITEM('color',(#19793),#13896);
#19793 = PRESENTATION_STYLE_ASSIGNMENT((#19794));
#19794 = SURFACE_STYLE_USAGE(.BOTH.,#19795);
#19795 = SURFACE_SIDE_STYLE('',(#19796));
#19796 = SURFACE_STYLE_FILL_AREA(#19797);
#19797 = FILL_AREA_STYLE('',(#19798));
#19798 = FILL_AREA_STYLE_COLOUR('',#19245);
#19799 = STYLED_ITEM('color',(#19800),#13913);
#19800 = PRESENTATION_STYLE_ASSIGNMENT((#19801));
#19801 = SURFACE_STYLE_USAGE(.BOTH.,#19802);
#19802 = SURFACE_SIDE_STYLE('',(#19803));
#19803 = SURFACE_STYLE_FILL_AREA(#19804);
#19804 = FILL_AREA_STYLE('',(#19805));
#19805 = FILL_AREA_STYLE_COLOUR('',#19245);
#19806 = STYLED_ITEM('color',(#19807),#13944);
#19807 = PRESENTATION_STYLE_ASSIGNMENT((#19808));
#19808 = SURFACE_STYLE_USAGE(.BOTH.,#19809);
#19809 = SURFACE_SIDE_STYLE('',(#19810));
#19810 = SURFACE_STYLE_FILL_AREA(#19811);
#19811 = FILL_AREA_STYLE('',(#19812));
#19812 = FILL_AREA_STYLE_COLOUR('',#19245);
#19813 = STYLED_ITEM('color',(#19814),#13968);
#19814 = PRESENTATION_STYLE_ASSIGNMENT((#19815));
#19815 = SURFACE_STYLE_USAGE(.BOTH.,#19816);
#19816 = SURFACE_SIDE_STYLE('',(#19817));
#19817 = SURFACE_STYLE_FILL_AREA(#19818);
#19818 = FILL_AREA_STYLE('',(#19819));
#19819 = FILL_AREA_STYLE_COLOUR('',#19245);
#19820 = STYLED_ITEM('color',(#19821),#13992);
#19821 = PRESENTATION_STYLE_ASSIGNMENT((#19822));
#19822 = SURFACE_STYLE_USAGE(.BOTH.,#19823);
#19823 = SURFACE_SIDE_STYLE('',(#19824));
#19824 = SURFACE_STYLE_FILL_AREA(#19825);
#19825 = FILL_AREA_STYLE('',(#19826));
#19826 = FILL_AREA_STYLE_COLOUR('',#19245);
#19827 = STYLED_ITEM('color',(#19828),#14009);
#19828 = PRESENTATION_STYLE_ASSIGNMENT((#19829));
#19829 = SURFACE_STYLE_USAGE(.BOTH.,#19830);
#19830 = SURFACE_SIDE_STYLE('',(#19831));
#19831 = SURFACE_STYLE_FILL_AREA(#19832);
#19832 = FILL_AREA_STYLE('',(#19833));
#19833 = FILL_AREA_STYLE_COLOUR('',#19245);
#19834 = STYLED_ITEM('color',(#19835),#14040);
#19835 = PRESENTATION_STYLE_ASSIGNMENT((#19836));
#19836 = SURFACE_STYLE_USAGE(.BOTH.,#19837);
#19837 = SURFACE_SIDE_STYLE('',(#19838));
#19838 = SURFACE_STYLE_FILL_AREA(#19839);
#19839 = FILL_AREA_STYLE('',(#19840));
#19840 = FILL_AREA_STYLE_COLOUR('',#19245);
#19841 = STYLED_ITEM('color',(#19842),#14064);
#19842 = PRESENTATION_STYLE_ASSIGNMENT((#19843));
#19843 = SURFACE_STYLE_USAGE(.BOTH.,#19844);
#19844 = SURFACE_SIDE_STYLE('',(#19845));
#19845 = SURFACE_STYLE_FILL_AREA(#19846);
#19846 = FILL_AREA_STYLE('',(#19847));
#19847 = FILL_AREA_STYLE_COLOUR('',#19245);
#19848 = STYLED_ITEM('color',(#19849),#14088);
#19849 = PRESENTATION_STYLE_ASSIGNMENT((#19850));
#19850 = SURFACE_STYLE_USAGE(.BOTH.,#19851);
#19851 = SURFACE_SIDE_STYLE('',(#19852));
#19852 = SURFACE_STYLE_FILL_AREA(#19853);
#19853 = FILL_AREA_STYLE('',(#19854));
#19854 = FILL_AREA_STYLE_COLOUR('',#19245);
#19855 = STYLED_ITEM('color',(#19856),#14105);
#19856 = PRESENTATION_STYLE_ASSIGNMENT((#19857));
#19857 = SURFACE_STYLE_USAGE(.BOTH.,#19858);
#19858 = SURFACE_SIDE_STYLE('',(#19859));
#19859 = SURFACE_STYLE_FILL_AREA(#19860);
#19860 = FILL_AREA_STYLE('',(#19861));
#19861 = FILL_AREA_STYLE_COLOUR('',#19245);
#19862 = STYLED_ITEM('color',(#19863),#14136);
#19863 = PRESENTATION_STYLE_ASSIGNMENT((#19864));
#19864 = SURFACE_STYLE_USAGE(.BOTH.,#19865);
#19865 = SURFACE_SIDE_STYLE('',(#19866));
#19866 = SURFACE_STYLE_FILL_AREA(#19867);
#19867 = FILL_AREA_STYLE('',(#19868));
#19868 = FILL_AREA_STYLE_COLOUR('',#19245);
#19869 = STYLED_ITEM('color',(#19870),#14160);
#19870 = PRESENTATION_STYLE_ASSIGNMENT((#19871));
#19871 = SURFACE_STYLE_USAGE(.BOTH.,#19872);
#19872 = SURFACE_SIDE_STYLE('',(#19873));
#19873 = SURFACE_STYLE_FILL_AREA(#19874);
#19874 = FILL_AREA_STYLE('',(#19875));
#19875 = FILL_AREA_STYLE_COLOUR('',#19245);
#19876 = STYLED_ITEM('color',(#19877),#14184);
#19877 = PRESENTATION_STYLE_ASSIGNMENT((#19878));
#19878 = SURFACE_STYLE_USAGE(.BOTH.,#19879);
#19879 = SURFACE_SIDE_STYLE('',(#19880));
#19880 = SURFACE_STYLE_FILL_AREA(#19881);
#19881 = FILL_AREA_STYLE('',(#19882));
#19882 = FILL_AREA_STYLE_COLOUR('',#19245);
#19883 = STYLED_ITEM('color',(#19884),#14201);
#19884 = PRESENTATION_STYLE_ASSIGNMENT((#19885));
#19885 = SURFACE_STYLE_USAGE(.BOTH.,#19886);
#19886 = SURFACE_SIDE_STYLE('',(#19887));
#19887 = SURFACE_STYLE_FILL_AREA(#19888);
#19888 = FILL_AREA_STYLE('',(#19889));
#19889 = FILL_AREA_STYLE_COLOUR('',#19245);
#19890 = STYLED_ITEM('color',(#19891),#14232);
#19891 = PRESENTATION_STYLE_ASSIGNMENT((#19892));
#19892 = SURFACE_STYLE_USAGE(.BOTH.,#19893);
#19893 = SURFACE_SIDE_STYLE('',(#19894));
#19894 = SURFACE_STYLE_FILL_AREA(#19895);
#19895 = FILL_AREA_STYLE('',(#19896));
#19896 = FILL_AREA_STYLE_COLOUR('',#19245);
#19897 = STYLED_ITEM('color',(#19898),#14256);
#19898 = PRESENTATION_STYLE_ASSIGNMENT((#19899));
#19899 = SURFACE_STYLE_USAGE(.BOTH.,#19900);
#19900 = SURFACE_SIDE_STYLE('',(#19901));
#19901 = SURFACE_STYLE_FILL_AREA(#19902);
#19902 = FILL_AREA_STYLE('',(#19903));
#19903 = FILL_AREA_STYLE_COLOUR('',#19245);
#19904 = STYLED_ITEM('color',(#19905),#14280);
#19905 = PRESENTATION_STYLE_ASSIGNMENT((#19906));
#19906 = SURFACE_STYLE_USAGE(.BOTH.,#19907);
#19907 = SURFACE_SIDE_STYLE('',(#19908));
#19908 = SURFACE_STYLE_FILL_AREA(#19909);
#19909 = FILL_AREA_STYLE('',(#19910));
#19910 = FILL_AREA_STYLE_COLOUR('',#19245);
#19911 = STYLED_ITEM('color',(#19912),#14297);
#19912 = PRESENTATION_STYLE_ASSIGNMENT((#19913));
#19913 = SURFACE_STYLE_USAGE(.BOTH.,#19914);
#19914 = SURFACE_SIDE_STYLE('',(#19915));
#19915 = SURFACE_STYLE_FILL_AREA(#19916);
#19916 = FILL_AREA_STYLE('',(#19917));
#19917 = FILL_AREA_STYLE_COLOUR('',#19245);
#19918 = STYLED_ITEM('color',(#19919),#14328);
#19919 = PRESENTATION_STYLE_ASSIGNMENT((#19920));
#19920 = SURFACE_STYLE_USAGE(.BOTH.,#19921);
#19921 = SURFACE_SIDE_STYLE('',(#19922));
#19922 = SURFACE_STYLE_FILL_AREA(#19923);
#19923 = FILL_AREA_STYLE('',(#19924));
#19924 = FILL_AREA_STYLE_COLOUR('',#19245);
#19925 = STYLED_ITEM('color',(#19926),#14352);
#19926 = PRESENTATION_STYLE_ASSIGNMENT((#19927));
#19927 = SURFACE_STYLE_USAGE(.BOTH.,#19928);
#19928 = SURFACE_SIDE_STYLE('',(#19929));
#19929 = SURFACE_STYLE_FILL_AREA(#19930);
#19930 = FILL_AREA_STYLE('',(#19931));
#19931 = FILL_AREA_STYLE_COLOUR('',#19245);
#19932 = STYLED_ITEM('color',(#19933),#14376);
#19933 = PRESENTATION_STYLE_ASSIGNMENT((#19934));
#19934 = SURFACE_STYLE_USAGE(.BOTH.,#19935);
#19935 = SURFACE_SIDE_STYLE('',(#19936));
#19936 = SURFACE_STYLE_FILL_AREA(#19937);
#19937 = FILL_AREA_STYLE('',(#19938));
#19938 = FILL_AREA_STYLE_COLOUR('',#19245);
#19939 = STYLED_ITEM('color',(#19940),#14393);
#19940 = PRESENTATION_STYLE_ASSIGNMENT((#19941));
#19941 = SURFACE_STYLE_USAGE(.BOTH.,#19942);
#19942 = SURFACE_SIDE_STYLE('',(#19943));
#19943 = SURFACE_STYLE_FILL_AREA(#19944);
#19944 = FILL_AREA_STYLE('',(#19945));
#19945 = FILL_AREA_STYLE_COLOUR('',#19245);
#19946 = STYLED_ITEM('color',(#19947),#14424);
#19947 = PRESENTATION_STYLE_ASSIGNMENT((#19948));
#19948 = SURFACE_STYLE_USAGE(.BOTH.,#19949);
#19949 = SURFACE_SIDE_STYLE('',(#19950));
#19950 = SURFACE_STYLE_FILL_AREA(#19951);
#19951 = FILL_AREA_STYLE('',(#19952));
#19952 = FILL_AREA_STYLE_COLOUR('',#19245);
#19953 = STYLED_ITEM('color',(#19954),#14448);
#19954 = PRESENTATION_STYLE_ASSIGNMENT((#19955));
#19955 = SURFACE_STYLE_USAGE(.BOTH.,#19956);
#19956 = SURFACE_SIDE_STYLE('',(#19957));
#19957 = SURFACE_STYLE_FILL_AREA(#19958);
#19958 = FILL_AREA_STYLE('',(#19959));
#19959 = FILL_AREA_STYLE_COLOUR('',#19245);
#19960 = STYLED_ITEM('color',(#19961),#14472);
#19961 = PRESENTATION_STYLE_ASSIGNMENT((#19962));
#19962 = SURFACE_STYLE_USAGE(.BOTH.,#19963);
#19963 = SURFACE_SIDE_STYLE('',(#19964));
#19964 = SURFACE_STYLE_FILL_AREA(#19965);
#19965 = FILL_AREA_STYLE('',(#19966));
#19966 = FILL_AREA_STYLE_COLOUR('',#19245);
#19967 = STYLED_ITEM('color',(#19968),#14489);
#19968 = PRESENTATION_STYLE_ASSIGNMENT((#19969));
#19969 = SURFACE_STYLE_USAGE(.BOTH.,#19970);
#19970 = SURFACE_SIDE_STYLE('',(#19971));
#19971 = SURFACE_STYLE_FILL_AREA(#19972);
#19972 = FILL_AREA_STYLE('',(#19973));
#19973 = FILL_AREA_STYLE_COLOUR('',#19245);
#19974 = STYLED_ITEM('color',(#19975),#14520);
#19975 = PRESENTATION_STYLE_ASSIGNMENT((#19976));
#19976 = SURFACE_STYLE_USAGE(.BOTH.,#19977);
#19977 = SURFACE_SIDE_STYLE('',(#19978));
#19978 = SURFACE_STYLE_FILL_AREA(#19979);
#19979 = FILL_AREA_STYLE('',(#19980));
#19980 = FILL_AREA_STYLE_COLOUR('',#19245);
#19981 = STYLED_ITEM('color',(#19982),#14544);
#19982 = PRESENTATION_STYLE_ASSIGNMENT((#19983));
#19983 = SURFACE_STYLE_USAGE(.BOTH.,#19984);
#19984 = SURFACE_SIDE_STYLE('',(#19985));
#19985 = SURFACE_STYLE_FILL_AREA(#19986);
#19986 = FILL_AREA_STYLE('',(#19987));
#19987 = FILL_AREA_STYLE_COLOUR('',#19245);
#19988 = STYLED_ITEM('color',(#19989),#14568);
#19989 = PRESENTATION_STYLE_ASSIGNMENT((#19990));
#19990 = SURFACE_STYLE_USAGE(.BOTH.,#19991);
#19991 = SURFACE_SIDE_STYLE('',(#19992));
#19992 = SURFACE_STYLE_FILL_AREA(#19993);
#19993 = FILL_AREA_STYLE('',(#19994));
#19994 = FILL_AREA_STYLE_COLOUR('',#19245);
#19995 = STYLED_ITEM('color',(#19996),#14585);
#19996 = PRESENTATION_STYLE_ASSIGNMENT((#19997));
#19997 = SURFACE_STYLE_USAGE(.BOTH.,#19998);
#19998 = SURFACE_SIDE_STYLE('',(#19999));
#19999 = SURFACE_STYLE_FILL_AREA(#20000);
#20000 = FILL_AREA_STYLE('',(#20001));
#20001 = FILL_AREA_STYLE_COLOUR('',#19245);
#20002 = STYLED_ITEM('color',(#20003),#14616);
#20003 = PRESENTATION_STYLE_ASSIGNMENT((#20004));
#20004 = SURFACE_STYLE_USAGE(.BOTH.,#20005);
#20005 = SURFACE_SIDE_STYLE('',(#20006));
#20006 = SURFACE_STYLE_FILL_AREA(#20007);
#20007 = FILL_AREA_STYLE('',(#20008));
#20008 = FILL_AREA_STYLE_COLOUR('',#19245);
#20009 = STYLED_ITEM('color',(#20010),#14640);
#20010 = PRESENTATION_STYLE_ASSIGNMENT((#20011));
#20011 = SURFACE_STYLE_USAGE(.BOTH.,#20012);
#20012 = SURFACE_SIDE_STYLE('',(#20013));
#20013 = SURFACE_STYLE_FILL_AREA(#20014);
#20014 = FILL_AREA_STYLE('',(#20015));
#20015 = FILL_AREA_STYLE_COLOUR('',#19245);
#20016 = STYLED_ITEM('color',(#20017),#14664);
#20017 = PRESENTATION_STYLE_ASSIGNMENT((#20018));
#20018 = SURFACE_STYLE_USAGE(.BOTH.,#20019);
#20019 = SURFACE_SIDE_STYLE('',(#20020));
#20020 = SURFACE_STYLE_FILL_AREA(#20021);
#20021 = FILL_AREA_STYLE('',(#20022));
#20022 = FILL_AREA_STYLE_COLOUR('',#19245);
#20023 = STYLED_ITEM('color',(#20024),#14681);
#20024 = PRESENTATION_STYLE_ASSIGNMENT((#20025));
#20025 = SURFACE_STYLE_USAGE(.BOTH.,#20026);
#20026 = SURFACE_SIDE_STYLE('',(#20027));
#20027 = SURFACE_STYLE_FILL_AREA(#20028);
#20028 = FILL_AREA_STYLE('',(#20029));
#20029 = FILL_AREA_STYLE_COLOUR('',#19245);
#20030 = STYLED_ITEM('color',(#20031),#14712);
#20031 = PRESENTATION_STYLE_ASSIGNMENT((#20032));
#20032 = SURFACE_STYLE_USAGE(.BOTH.,#20033);
#20033 = SURFACE_SIDE_STYLE('',(#20034));
#20034 = SURFACE_STYLE_FILL_AREA(#20035);
#20035 = FILL_AREA_STYLE('',(#20036));
#20036 = FILL_AREA_STYLE_COLOUR('',#19245);
#20037 = STYLED_ITEM('color',(#20038),#14736);
#20038 = PRESENTATION_STYLE_ASSIGNMENT((#20039));
#20039 = SURFACE_STYLE_USAGE(.BOTH.,#20040);
#20040 = SURFACE_SIDE_STYLE('',(#20041));
#20041 = SURFACE_STYLE_FILL_AREA(#20042);
#20042 = FILL_AREA_STYLE('',(#20043));
#20043 = FILL_AREA_STYLE_COLOUR('',#19245);
#20044 = STYLED_ITEM('color',(#20045),#14760);
#20045 = PRESENTATION_STYLE_ASSIGNMENT((#20046));
#20046 = SURFACE_STYLE_USAGE(.BOTH.,#20047);
#20047 = SURFACE_SIDE_STYLE('',(#20048));
#20048 = SURFACE_STYLE_FILL_AREA(#20049);
#20049 = FILL_AREA_STYLE('',(#20050));
#20050 = FILL_AREA_STYLE_COLOUR('',#19245);
#20051 = STYLED_ITEM('color',(#20052),#14777);
#20052 = PRESENTATION_STYLE_ASSIGNMENT((#20053));
#20053 = SURFACE_STYLE_USAGE(.BOTH.,#20054);
#20054 = SURFACE_SIDE_STYLE('',(#20055));
#20055 = SURFACE_STYLE_FILL_AREA(#20056);
#20056 = FILL_AREA_STYLE('',(#20057));
#20057 = FILL_AREA_STYLE_COLOUR('',#19245);
#20058 = STYLED_ITEM('color',(#20059),#14808);
#20059 = PRESENTATION_STYLE_ASSIGNMENT((#20060));
#20060 = SURFACE_STYLE_USAGE(.BOTH.,#20061);
#20061 = SURFACE_SIDE_STYLE('',(#20062));
#20062 = SURFACE_STYLE_FILL_AREA(#20063);
#20063 = FILL_AREA_STYLE('',(#20064));
#20064 = FILL_AREA_STYLE_COLOUR('',#19245);
#20065 = STYLED_ITEM('color',(#20066),#14832);
#20066 = PRESENTATION_STYLE_ASSIGNMENT((#20067));
#20067 = SURFACE_STYLE_USAGE(.BOTH.,#20068);
#20068 = SURFACE_SIDE_STYLE('',(#20069));
#20069 = SURFACE_STYLE_FILL_AREA(#20070);
#20070 = FILL_AREA_STYLE('',(#20071));
#20071 = FILL_AREA_STYLE_COLOUR('',#19245);
#20072 = STYLED_ITEM('color',(#20073),#14856);
#20073 = PRESENTATION_STYLE_ASSIGNMENT((#20074));
#20074 = SURFACE_STYLE_USAGE(.BOTH.,#20075);
#20075 = SURFACE_SIDE_STYLE('',(#20076));
#20076 = SURFACE_STYLE_FILL_AREA(#20077);
#20077 = FILL_AREA_STYLE('',(#20078));
#20078 = FILL_AREA_STYLE_COLOUR('',#19245);
#20079 = STYLED_ITEM('color',(#20080),#14873);
#20080 = PRESENTATION_STYLE_ASSIGNMENT((#20081));
#20081 = SURFACE_STYLE_USAGE(.BOTH.,#20082);
#20082 = SURFACE_SIDE_STYLE('',(#20083));
#20083 = SURFACE_STYLE_FILL_AREA(#20084);
#20084 = FILL_AREA_STYLE('',(#20085));
#20085 = FILL_AREA_STYLE_COLOUR('',#19245);
#20086 = STYLED_ITEM('color',(#20087),#14904);
#20087 = PRESENTATION_STYLE_ASSIGNMENT((#20088));
#20088 = SURFACE_STYLE_USAGE(.BOTH.,#20089);
#20089 = SURFACE_SIDE_STYLE('',(#20090));
#20090 = SURFACE_STYLE_FILL_AREA(#20091);
#20091 = FILL_AREA_STYLE('',(#20092));
#20092 = FILL_AREA_STYLE_COLOUR('',#19245);
#20093 = STYLED_ITEM('color',(#20094),#14928);
#20094 = PRESENTATION_STYLE_ASSIGNMENT((#20095));
#20095 = SURFACE_STYLE_USAGE(.BOTH.,#20096);
#20096 = SURFACE_SIDE_STYLE('',(#20097));
#20097 = SURFACE_STYLE_FILL_AREA(#20098);
#20098 = FILL_AREA_STYLE('',(#20099));
#20099 = FILL_AREA_STYLE_COLOUR('',#19245);
#20100 = STYLED_ITEM('color',(#20101),#14952);
#20101 = PRESENTATION_STYLE_ASSIGNMENT((#20102));
#20102 = SURFACE_STYLE_USAGE(.BOTH.,#20103);
#20103 = SURFACE_SIDE_STYLE('',(#20104));
#20104 = SURFACE_STYLE_FILL_AREA(#20105);
#20105 = FILL_AREA_STYLE('',(#20106));
#20106 = FILL_AREA_STYLE_COLOUR('',#19245);
#20107 = STYLED_ITEM('color',(#20108),#14969);
#20108 = PRESENTATION_STYLE_ASSIGNMENT((#20109));
#20109 = SURFACE_STYLE_USAGE(.BOTH.,#20110);
#20110 = SURFACE_SIDE_STYLE('',(#20111));
#20111 = SURFACE_STYLE_FILL_AREA(#20112);
#20112 = FILL_AREA_STYLE('',(#20113));
#20113 = FILL_AREA_STYLE_COLOUR('',#19245);
#20114 = STYLED_ITEM('color',(#20115),#15000);
#20115 = PRESENTATION_STYLE_ASSIGNMENT((#20116));
#20116 = SURFACE_STYLE_USAGE(.BOTH.,#20117);
#20117 = SURFACE_SIDE_STYLE('',(#20118));
#20118 = SURFACE_STYLE_FILL_AREA(#20119);
#20119 = FILL_AREA_STYLE('',(#20120));
#20120 = FILL_AREA_STYLE_COLOUR('',#19245);
#20121 = STYLED_ITEM('color',(#20122),#15024);
#20122 = PRESENTATION_STYLE_ASSIGNMENT((#20123));
#20123 = SURFACE_STYLE_USAGE(.BOTH.,#20124);
#20124 = SURFACE_SIDE_STYLE('',(#20125));
#20125 = SURFACE_STYLE_FILL_AREA(#20126);
#20126 = FILL_AREA_STYLE('',(#20127));
#20127 = FILL_AREA_STYLE_COLOUR('',#19245);
#20128 = STYLED_ITEM('color',(#20129),#15048);
#20129 = PRESENTATION_STYLE_ASSIGNMENT((#20130));
#20130 = SURFACE_STYLE_USAGE(.BOTH.,#20131);
#20131 = SURFACE_SIDE_STYLE('',(#20132));
#20132 = SURFACE_STYLE_FILL_AREA(#20133);
#20133 = FILL_AREA_STYLE('',(#20134));
#20134 = FILL_AREA_STYLE_COLOUR('',#19245);
#20135 = STYLED_ITEM('color',(#20136),#15065);
#20136 = PRESENTATION_STYLE_ASSIGNMENT((#20137));
#20137 = SURFACE_STYLE_USAGE(.BOTH.,#20138);
#20138 = SURFACE_SIDE_STYLE('',(#20139));
#20139 = SURFACE_STYLE_FILL_AREA(#20140);
#20140 = FILL_AREA_STYLE('',(#20141));
#20141 = FILL_AREA_STYLE_COLOUR('',#19245);
#20142 = STYLED_ITEM('color',(#20143),#15096);
#20143 = PRESENTATION_STYLE_ASSIGNMENT((#20144));
#20144 = SURFACE_STYLE_USAGE(.BOTH.,#20145);
#20145 = SURFACE_SIDE_STYLE('',(#20146));
#20146 = SURFACE_STYLE_FILL_AREA(#20147);
#20147 = FILL_AREA_STYLE('',(#20148));
#20148 = FILL_AREA_STYLE_COLOUR('',#19245);
#20149 = STYLED_ITEM('color',(#20150),#15120);
#20150 = PRESENTATION_STYLE_ASSIGNMENT((#20151));
#20151 = SURFACE_STYLE_USAGE(.BOTH.,#20152);
#20152 = SURFACE_SIDE_STYLE('',(#20153));
#20153 = SURFACE_STYLE_FILL_AREA(#20154);
#20154 = FILL_AREA_STYLE('',(#20155));
#20155 = FILL_AREA_STYLE_COLOUR('',#19245);
#20156 = STYLED_ITEM('color',(#20157),#15144);
#20157 = PRESENTATION_STYLE_ASSIGNMENT((#20158));
#20158 = SURFACE_STYLE_USAGE(.BOTH.,#20159);
#20159 = SURFACE_SIDE_STYLE('',(#20160));
#20160 = SURFACE_STYLE_FILL_AREA(#20161);
#20161 = FILL_AREA_STYLE('',(#20162));
#20162 = FILL_AREA_STYLE_COLOUR('',#19245);
#20163 = STYLED_ITEM('color',(#20164),#15161);
#20164 = PRESENTATION_STYLE_ASSIGNMENT((#20165));
#20165 = SURFACE_STYLE_USAGE(.BOTH.,#20166);
#20166 = SURFACE_SIDE_STYLE('',(#20167));
#20167 = SURFACE_STYLE_FILL_AREA(#20168);
#20168 = FILL_AREA_STYLE('',(#20169));
#20169 = FILL_AREA_STYLE_COLOUR('',#19245);
#20170 = STYLED_ITEM('color',(#20171),#15192);
#20171 = PRESENTATION_STYLE_ASSIGNMENT((#20172));
#20172 = SURFACE_STYLE_USAGE(.BOTH.,#20173);
#20173 = SURFACE_SIDE_STYLE('',(#20174));
#20174 = SURFACE_STYLE_FILL_AREA(#20175);
#20175 = FILL_AREA_STYLE('',(#20176));
#20176 = FILL_AREA_STYLE_COLOUR('',#19245);
#20177 = STYLED_ITEM('color',(#20178),#15216);
#20178 = PRESENTATION_STYLE_ASSIGNMENT((#20179));
#20179 = SURFACE_STYLE_USAGE(.BOTH.,#20180);
#20180 = SURFACE_SIDE_STYLE('',(#20181));
#20181 = SURFACE_STYLE_FILL_AREA(#20182);
#20182 = FILL_AREA_STYLE('',(#20183));
#20183 = FILL_AREA_STYLE_COLOUR('',#19245);
#20184 = STYLED_ITEM('color',(#20185),#15240);
#20185 = PRESENTATION_STYLE_ASSIGNMENT((#20186));
#20186 = SURFACE_STYLE_USAGE(.BOTH.,#20187);
#20187 = SURFACE_SIDE_STYLE('',(#20188));
#20188 = SURFACE_STYLE_FILL_AREA(#20189);
#20189 = FILL_AREA_STYLE('',(#20190));
#20190 = FILL_AREA_STYLE_COLOUR('',#19245);
#20191 = STYLED_ITEM('color',(#20192),#15257);
#20192 = PRESENTATION_STYLE_ASSIGNMENT((#20193));
#20193 = SURFACE_STYLE_USAGE(.BOTH.,#20194);
#20194 = SURFACE_SIDE_STYLE('',(#20195));
#20195 = SURFACE_STYLE_FILL_AREA(#20196);
#20196 = FILL_AREA_STYLE('',(#20197));
#20197 = FILL_AREA_STYLE_COLOUR('',#19245);
#20198 = STYLED_ITEM('color',(#20199),#15288);
#20199 = PRESENTATION_STYLE_ASSIGNMENT((#20200));
#20200 = SURFACE_STYLE_USAGE(.BOTH.,#20201);
#20201 = SURFACE_SIDE_STYLE('',(#20202));
#20202 = SURFACE_STYLE_FILL_AREA(#20203);
#20203 = FILL_AREA_STYLE('',(#20204));
#20204 = FILL_AREA_STYLE_COLOUR('',#19245);
#20205 = STYLED_ITEM('color',(#20206),#15312);
#20206 = PRESENTATION_STYLE_ASSIGNMENT((#20207));
#20207 = SURFACE_STYLE_USAGE(.BOTH.,#20208);
#20208 = SURFACE_SIDE_STYLE('',(#20209));
#20209 = SURFACE_STYLE_FILL_AREA(#20210);
#20210 = FILL_AREA_STYLE('',(#20211));
#20211 = FILL_AREA_STYLE_COLOUR('',#19245);
#20212 = STYLED_ITEM('color',(#20213),#15336);
#20213 = PRESENTATION_STYLE_ASSIGNMENT((#20214));
#20214 = SURFACE_STYLE_USAGE(.BOTH.,#20215);
#20215 = SURFACE_SIDE_STYLE('',(#20216));
#20216 = SURFACE_STYLE_FILL_AREA(#20217);
#20217 = FILL_AREA_STYLE('',(#20218));
#20218 = FILL_AREA_STYLE_COLOUR('',#19245);
#20219 = STYLED_ITEM('color',(#20220),#15353);
#20220 = PRESENTATION_STYLE_ASSIGNMENT((#20221));
#20221 = SURFACE_STYLE_USAGE(.BOTH.,#20222);
#20222 = SURFACE_SIDE_STYLE('',(#20223));
#20223 = SURFACE_STYLE_FILL_AREA(#20224);
#20224 = FILL_AREA_STYLE('',(#20225));
#20225 = FILL_AREA_STYLE_COLOUR('',#19245);
#20226 = STYLED_ITEM('color',(#20227),#15384);
#20227 = PRESENTATION_STYLE_ASSIGNMENT((#20228));
#20228 = SURFACE_STYLE_USAGE(.BOTH.,#20229);
#20229 = SURFACE_SIDE_STYLE('',(#20230));
#20230 = SURFACE_STYLE_FILL_AREA(#20231);
#20231 = FILL_AREA_STYLE('',(#20232));
#20232 = FILL_AREA_STYLE_COLOUR('',#19245);
#20233 = STYLED_ITEM('color',(#20234),#15408);
#20234 = PRESENTATION_STYLE_ASSIGNMENT((#20235));
#20235 = SURFACE_STYLE_USAGE(.BOTH.,#20236);
#20236 = SURFACE_SIDE_STYLE('',(#20237));
#20237 = SURFACE_STYLE_FILL_AREA(#20238);
#20238 = FILL_AREA_STYLE('',(#20239));
#20239 = FILL_AREA_STYLE_COLOUR('',#19245);
#20240 = STYLED_ITEM('color',(#20241),#15432);
#20241 = PRESENTATION_STYLE_ASSIGNMENT((#20242));
#20242 = SURFACE_STYLE_USAGE(.BOTH.,#20243);
#20243 = SURFACE_SIDE_STYLE('',(#20244));
#20244 = SURFACE_STYLE_FILL_AREA(#20245);
#20245 = FILL_AREA_STYLE('',(#20246));
#20246 = FILL_AREA_STYLE_COLOUR('',#19245);
#20247 = STYLED_ITEM('color',(#20248),#15449);
#20248 = PRESENTATION_STYLE_ASSIGNMENT((#20249));
#20249 = SURFACE_STYLE_USAGE(.BOTH.,#20250);
#20250 = SURFACE_SIDE_STYLE('',(#20251));
#20251 = SURFACE_STYLE_FILL_AREA(#20252);
#20252 = FILL_AREA_STYLE('',(#20253));
#20253 = FILL_AREA_STYLE_COLOUR('',#19245);
#20254 = STYLED_ITEM('color',(#20255),#15480);
#20255 = PRESENTATION_STYLE_ASSIGNMENT((#20256));
#20256 = SURFACE_STYLE_USAGE(.BOTH.,#20257);
#20257 = SURFACE_SIDE_STYLE('',(#20258));
#20258 = SURFACE_STYLE_FILL_AREA(#20259);
#20259 = FILL_AREA_STYLE('',(#20260));
#20260 = FILL_AREA_STYLE_COLOUR('',#19245);
#20261 = STYLED_ITEM('color',(#20262),#15504);
#20262 = PRESENTATION_STYLE_ASSIGNMENT((#20263));
#20263 = SURFACE_STYLE_USAGE(.BOTH.,#20264);
#20264 = SURFACE_SIDE_STYLE('',(#20265));
#20265 = SURFACE_STYLE_FILL_AREA(#20266);
#20266 = FILL_AREA_STYLE('',(#20267));
#20267 = FILL_AREA_STYLE_COLOUR('',#19245);
#20268 = STYLED_ITEM('color',(#20269),#15528);
#20269 = PRESENTATION_STYLE_ASSIGNMENT((#20270));
#20270 = SURFACE_STYLE_USAGE(.BOTH.,#20271);
#20271 = SURFACE_SIDE_STYLE('',(#20272));
#20272 = SURFACE_STYLE_FILL_AREA(#20273);
#20273 = FILL_AREA_STYLE('',(#20274));
#20274 = FILL_AREA_STYLE_COLOUR('',#19245);
#20275 = STYLED_ITEM('color',(#20276),#15545);
#20276 = PRESENTATION_STYLE_ASSIGNMENT((#20277));
#20277 = SURFACE_STYLE_USAGE(.BOTH.,#20278);
#20278 = SURFACE_SIDE_STYLE('',(#20279));
#20279 = SURFACE_STYLE_FILL_AREA(#20280);
#20280 = FILL_AREA_STYLE('',(#20281));
#20281 = FILL_AREA_STYLE_COLOUR('',#19245);
#20282 = STYLED_ITEM('color',(#20283),#15576);
#20283 = PRESENTATION_STYLE_ASSIGNMENT((#20284));
#20284 = SURFACE_STYLE_USAGE(.BOTH.,#20285);
#20285 = SURFACE_SIDE_STYLE('',(#20286));
#20286 = SURFACE_STYLE_FILL_AREA(#20287);
#20287 = FILL_AREA_STYLE('',(#20288));
#20288 = FILL_AREA_STYLE_COLOUR('',#19245);
#20289 = STYLED_ITEM('color',(#20290),#15600);
#20290 = PRESENTATION_STYLE_ASSIGNMENT((#20291));
#20291 = SURFACE_STYLE_USAGE(.BOTH.,#20292);
#20292 = SURFACE_SIDE_STYLE('',(#20293));
#20293 = SURFACE_STYLE_FILL_AREA(#20294);
#20294 = FILL_AREA_STYLE('',(#20295));
#20295 = FILL_AREA_STYLE_COLOUR('',#19245);
#20296 = STYLED_ITEM('color',(#20297),#15624);
#20297 = PRESENTATION_STYLE_ASSIGNMENT((#20298));
#20298 = SURFACE_STYLE_USAGE(.BOTH.,#20299);
#20299 = SURFACE_SIDE_STYLE('',(#20300));
#20300 = SURFACE_STYLE_FILL_AREA(#20301);
#20301 = FILL_AREA_STYLE('',(#20302));
#20302 = FILL_AREA_STYLE_COLOUR('',#19245);
#20303 = STYLED_ITEM('color',(#20304),#15641);
#20304 = PRESENTATION_STYLE_ASSIGNMENT((#20305));
#20305 = SURFACE_STYLE_USAGE(.BOTH.,#20306);
#20306 = SURFACE_SIDE_STYLE('',(#20307));
#20307 = SURFACE_STYLE_FILL_AREA(#20308);
#20308 = FILL_AREA_STYLE('',(#20309));
#20309 = FILL_AREA_STYLE_COLOUR('',#19245);
#20310 = STYLED_ITEM('color',(#20311),#15672);
#20311 = PRESENTATION_STYLE_ASSIGNMENT((#20312));
#20312 = SURFACE_STYLE_USAGE(.BOTH.,#20313);
#20313 = SURFACE_SIDE_STYLE('',(#20314));
#20314 = SURFACE_STYLE_FILL_AREA(#20315);
#20315 = FILL_AREA_STYLE('',(#20316));
#20316 = FILL_AREA_STYLE_COLOUR('',#19245);
#20317 = STYLED_ITEM('color',(#20318),#15696);
#20318 = PRESENTATION_STYLE_ASSIGNMENT((#20319));
#20319 = SURFACE_STYLE_USAGE(.BOTH.,#20320);
#20320 = SURFACE_SIDE_STYLE('',(#20321));
#20321 = SURFACE_STYLE_FILL_AREA(#20322);
#20322 = FILL_AREA_STYLE('',(#20323));
#20323 = FILL_AREA_STYLE_COLOUR('',#19245);
#20324 = STYLED_ITEM('color',(#20325),#15720);
#20325 = PRESENTATION_STYLE_ASSIGNMENT((#20326));
#20326 = SURFACE_STYLE_USAGE(.BOTH.,#20327);
#20327 = SURFACE_SIDE_STYLE('',(#20328));
#20328 = SURFACE_STYLE_FILL_AREA(#20329);
#20329 = FILL_AREA_STYLE('',(#20330));
#20330 = FILL_AREA_STYLE_COLOUR('',#19245);
#20331 = STYLED_ITEM('color',(#20332),#15737);
#20332 = PRESENTATION_STYLE_ASSIGNMENT((#20333));
#20333 = SURFACE_STYLE_USAGE(.BOTH.,#20334);
#20334 = SURFACE_SIDE_STYLE('',(#20335));
#20335 = SURFACE_STYLE_FILL_AREA(#20336);
#20336 = FILL_AREA_STYLE('',(#20337));
#20337 = FILL_AREA_STYLE_COLOUR('',#19245);
#20338 = STYLED_ITEM('color',(#20339),#15768);
#20339 = PRESENTATION_STYLE_ASSIGNMENT((#20340));
#20340 = SURFACE_STYLE_USAGE(.BOTH.,#20341);
#20341 = SURFACE_SIDE_STYLE('',(#20342));
#20342 = SURFACE_STYLE_FILL_AREA(#20343);
#20343 = FILL_AREA_STYLE('',(#20344));
#20344 = FILL_AREA_STYLE_COLOUR('',#19245);
#20345 = STYLED_ITEM('color',(#20346),#15792);
#20346 = PRESENTATION_STYLE_ASSIGNMENT((#20347));
#20347 = SURFACE_STYLE_USAGE(.BOTH.,#20348);
#20348 = SURFACE_SIDE_STYLE('',(#20349));
#20349 = SURFACE_STYLE_FILL_AREA(#20350);
#20350 = FILL_AREA_STYLE('',(#20351));
#20351 = FILL_AREA_STYLE_COLOUR('',#19245);
#20352 = STYLED_ITEM('color',(#20353),#15816);
#20353 = PRESENTATION_STYLE_ASSIGNMENT((#20354));
#20354 = SURFACE_STYLE_USAGE(.BOTH.,#20355);
#20355 = SURFACE_SIDE_STYLE('',(#20356));
#20356 = SURFACE_STYLE_FILL_AREA(#20357);
#20357 = FILL_AREA_STYLE('',(#20358));
#20358 = FILL_AREA_STYLE_COLOUR('',#19245);
#20359 = STYLED_ITEM('color',(#20360),#15833);
#20360 = PRESENTATION_STYLE_ASSIGNMENT((#20361));
#20361 = SURFACE_STYLE_USAGE(.BOTH.,#20362);
#20362 = SURFACE_SIDE_STYLE('',(#20363));
#20363 = SURFACE_STYLE_FILL_AREA(#20364);
#20364 = FILL_AREA_STYLE('',(#20365));
#20365 = FILL_AREA_STYLE_COLOUR('',#19245);
#20366 = STYLED_ITEM('color',(#20367),#15864);
#20367 = PRESENTATION_STYLE_ASSIGNMENT((#20368));
#20368 = SURFACE_STYLE_USAGE(.BOTH.,#20369);
#20369 = SURFACE_SIDE_STYLE('',(#20370));
#20370 = SURFACE_STYLE_FILL_AREA(#20371);
#20371 = FILL_AREA_STYLE('',(#20372));
#20372 = FILL_AREA_STYLE_COLOUR('',#19245);
#20373 = STYLED_ITEM('color',(#20374),#15888);
#20374 = PRESENTATION_STYLE_ASSIGNMENT((#20375));
#20375 = SURFACE_STYLE_USAGE(.BOTH.,#20376);
#20376 = SURFACE_SIDE_STYLE('',(#20377));
#20377 = SURFACE_STYLE_FILL_AREA(#20378);
#20378 = FILL_AREA_STYLE('',(#20379));
#20379 = FILL_AREA_STYLE_COLOUR('',#19245);
#20380 = STYLED_ITEM('color',(#20381),#15912);
#20381 = PRESENTATION_STYLE_ASSIGNMENT((#20382));
#20382 = SURFACE_STYLE_USAGE(.BOTH.,#20383);
#20383 = SURFACE_SIDE_STYLE('',(#20384));
#20384 = SURFACE_STYLE_FILL_AREA(#20385);
#20385 = FILL_AREA_STYLE('',(#20386));
#20386 = FILL_AREA_STYLE_COLOUR('',#19245);
#20387 = STYLED_ITEM('color',(#20388),#15929);
#20388 = PRESENTATION_STYLE_ASSIGNMENT((#20389));
#20389 = SURFACE_STYLE_USAGE(.BOTH.,#20390);
#20390 = SURFACE_SIDE_STYLE('',(#20391));
#20391 = SURFACE_STYLE_FILL_AREA(#20392);
#20392 = FILL_AREA_STYLE('',(#20393));
#20393 = FILL_AREA_STYLE_COLOUR('',#19245);
#20394 = STYLED_ITEM('color',(#20395),#15960);
#20395 = PRESENTATION_STYLE_ASSIGNMENT((#20396));
#20396 = SURFACE_STYLE_USAGE(.BOTH.,#20397);
#20397 = SURFACE_SIDE_STYLE('',(#20398));
#20398 = SURFACE_STYLE_FILL_AREA(#20399);
#20399 = FILL_AREA_STYLE('',(#20400));
#20400 = FILL_AREA_STYLE_COLOUR('',#19245);
#20401 = STYLED_ITEM('color',(#20402),#15984);
#20402 = PRESENTATION_STYLE_ASSIGNMENT((#20403));
#20403 = SURFACE_STYLE_USAGE(.BOTH.,#20404);
#20404 = SURFACE_SIDE_STYLE('',(#20405));
#20405 = SURFACE_STYLE_FILL_AREA(#20406);
#20406 = FILL_AREA_STYLE('',(#20407));
#20407 = FILL_AREA_STYLE_COLOUR('',#19245);
#20408 = STYLED_ITEM('color',(#20409),#16008);
#20409 = PRESENTATION_STYLE_ASSIGNMENT((#20410));
#20410 = SURFACE_STYLE_USAGE(.BOTH.,#20411);
#20411 = SURFACE_SIDE_STYLE('',(#20412));
#20412 = SURFACE_STYLE_FILL_AREA(#20413);
#20413 = FILL_AREA_STYLE('',(#20414));
#20414 = FILL_AREA_STYLE_COLOUR('',#19245);
#20415 = STYLED_ITEM('color',(#20416),#16025);
#20416 = PRESENTATION_STYLE_ASSIGNMENT((#20417));
#20417 = SURFACE_STYLE_USAGE(.BOTH.,#20418);
#20418 = SURFACE_SIDE_STYLE('',(#20419));
#20419 = SURFACE_STYLE_FILL_AREA(#20420);
#20420 = FILL_AREA_STYLE('',(#20421));
#20421 = FILL_AREA_STYLE_COLOUR('',#19245);
#20422 = STYLED_ITEM('color',(#20423),#16056);
#20423 = PRESENTATION_STYLE_ASSIGNMENT((#20424));
#20424 = SURFACE_STYLE_USAGE(.BOTH.,#20425);
#20425 = SURFACE_SIDE_STYLE('',(#20426));
#20426 = SURFACE_STYLE_FILL_AREA(#20427);
#20427 = FILL_AREA_STYLE('',(#20428));
#20428 = FILL_AREA_STYLE_COLOUR('',#19245);
#20429 = STYLED_ITEM('color',(#20430),#16080);
#20430 = PRESENTATION_STYLE_ASSIGNMENT((#20431));
#20431 = SURFACE_STYLE_USAGE(.BOTH.,#20432);
#20432 = SURFACE_SIDE_STYLE('',(#20433));
#20433 = SURFACE_STYLE_FILL_AREA(#20434);
#20434 = FILL_AREA_STYLE('',(#20435));
#20435 = FILL_AREA_STYLE_COLOUR('',#19245);
#20436 = STYLED_ITEM('color',(#20437),#16104);
#20437 = PRESENTATION_STYLE_ASSIGNMENT((#20438));
#20438 = SURFACE_STYLE_USAGE(.BOTH.,#20439);
#20439 = SURFACE_SIDE_STYLE('',(#20440));
#20440 = SURFACE_STYLE_FILL_AREA(#20441);
#20441 = FILL_AREA_STYLE('',(#20442));
#20442 = FILL_AREA_STYLE_COLOUR('',#19245);
#20443 = STYLED_ITEM('color',(#20444),#16121);
#20444 = PRESENTATION_STYLE_ASSIGNMENT((#20445));
#20445 = SURFACE_STYLE_USAGE(.BOTH.,#20446);
#20446 = SURFACE_SIDE_STYLE('',(#20447));
#20447 = SURFACE_STYLE_FILL_AREA(#20448);
#20448 = FILL_AREA_STYLE('',(#20449));
#20449 = FILL_AREA_STYLE_COLOUR('',#19245);
#20450 = STYLED_ITEM('color',(#20451),#16152);
#20451 = PRESENTATION_STYLE_ASSIGNMENT((#20452));
#20452 = SURFACE_STYLE_USAGE(.BOTH.,#20453);
#20453 = SURFACE_SIDE_STYLE('',(#20454));
#20454 = SURFACE_STYLE_FILL_AREA(#20455);
#20455 = FILL_AREA_STYLE('',(#20456));
#20456 = FILL_AREA_STYLE_COLOUR('',#19245);
#20457 = STYLED_ITEM('color',(#20458),#16176);
#20458 = PRESENTATION_STYLE_ASSIGNMENT((#20459));
#20459 = SURFACE_STYLE_USAGE(.BOTH.,#20460);
#20460 = SURFACE_SIDE_STYLE('',(#20461));
#20461 = SURFACE_STYLE_FILL_AREA(#20462);
#20462 = FILL_AREA_STYLE('',(#20463));
#20463 = FILL_AREA_STYLE_COLOUR('',#19245);
#20464 = STYLED_ITEM('color',(#20465),#16200);
#20465 = PRESENTATION_STYLE_ASSIGNMENT((#20466));
#20466 = SURFACE_STYLE_USAGE(.BOTH.,#20467);
#20467 = SURFACE_SIDE_STYLE('',(#20468));
#20468 = SURFACE_STYLE_FILL_AREA(#20469);
#20469 = FILL_AREA_STYLE('',(#20470));
#20470 = FILL_AREA_STYLE_COLOUR('',#19245);
#20471 = STYLED_ITEM('color',(#20472),#16217);
#20472 = PRESENTATION_STYLE_ASSIGNMENT((#20473));
#20473 = SURFACE_STYLE_USAGE(.BOTH.,#20474);
#20474 = SURFACE_SIDE_STYLE('',(#20475));
#20475 = SURFACE_STYLE_FILL_AREA(#20476);
#20476 = FILL_AREA_STYLE('',(#20477));
#20477 = FILL_AREA_STYLE_COLOUR('',#19245);
#20478 = STYLED_ITEM('color',(#20479),#16229);
#20479 = PRESENTATION_STYLE_ASSIGNMENT((#20480));
#20480 = SURFACE_STYLE_USAGE(.BOTH.,#20481);
#20481 = SURFACE_SIDE_STYLE('',(#20482));
#20482 = SURFACE_STYLE_FILL_AREA(#20483);
#20483 = FILL_AREA_STYLE('',(#20484));
#20484 = FILL_AREA_STYLE_COLOUR('',#19245);
#20485 = STYLED_ITEM('color',(#20486),#16241);
#20486 = PRESENTATION_STYLE_ASSIGNMENT((#20487));
#20487 = SURFACE_STYLE_USAGE(.BOTH.,#20488);
#20488 = SURFACE_SIDE_STYLE('',(#20489));
#20489 = SURFACE_STYLE_FILL_AREA(#20490);
#20490 = FILL_AREA_STYLE('',(#20491));
#20491 = FILL_AREA_STYLE_COLOUR('',#19245);
#20492 = STYLED_ITEM('color',(#20493),#16253);
#20493 = PRESENTATION_STYLE_ASSIGNMENT((#20494));
#20494 = SURFACE_STYLE_USAGE(.BOTH.,#20495);
#20495 = SURFACE_SIDE_STYLE('',(#20496));
#20496 = SURFACE_STYLE_FILL_AREA(#20497);
#20497 = FILL_AREA_STYLE('',(#20498));
#20498 = FILL_AREA_STYLE_COLOUR('',#19245);
#20499 = STYLED_ITEM('color',(#20500),#16265);
#20500 = PRESENTATION_STYLE_ASSIGNMENT((#20501));
#20501 = SURFACE_STYLE_USAGE(.BOTH.,#20502);
#20502 = SURFACE_SIDE_STYLE('',(#20503));
#20503 = SURFACE_STYLE_FILL_AREA(#20504);
#20504 = FILL_AREA_STYLE('',(#20505));
#20505 = FILL_AREA_STYLE_COLOUR('',#19245);
#20506 = STYLED_ITEM('color',(#20507),#16277);
#20507 = PRESENTATION_STYLE_ASSIGNMENT((#20508));
#20508 = SURFACE_STYLE_USAGE(.BOTH.,#20509);
#20509 = SURFACE_SIDE_STYLE('',(#20510));
#20510 = SURFACE_STYLE_FILL_AREA(#20511);
#20511 = FILL_AREA_STYLE('',(#20512));
#20512 = FILL_AREA_STYLE_COLOUR('',#19245);
#20513 = STYLED_ITEM('color',(#20514),#16289);
#20514 = PRESENTATION_STYLE_ASSIGNMENT((#20515));
#20515 = SURFACE_STYLE_USAGE(.BOTH.,#20516);
#20516 = SURFACE_SIDE_STYLE('',(#20517));
#20517 = SURFACE_STYLE_FILL_AREA(#20518);
#20518 = FILL_AREA_STYLE('',(#20519));
#20519 = FILL_AREA_STYLE_COLOUR('',#19245);
#20520 = STYLED_ITEM('color',(#20521),#16301);
#20521 = PRESENTATION_STYLE_ASSIGNMENT((#20522));
#20522 = SURFACE_STYLE_USAGE(.BOTH.,#20523);
#20523 = SURFACE_SIDE_STYLE('',(#20524));
#20524 = SURFACE_STYLE_FILL_AREA(#20525);
#20525 = FILL_AREA_STYLE('',(#20526));
#20526 = FILL_AREA_STYLE_COLOUR('',#19245);
#20527 = STYLED_ITEM('color',(#20528),#16313);
#20528 = PRESENTATION_STYLE_ASSIGNMENT((#20529));
#20529 = SURFACE_STYLE_USAGE(.BOTH.,#20530);
#20530 = SURFACE_SIDE_STYLE('',(#20531));
#20531 = SURFACE_STYLE_FILL_AREA(#20532);
#20532 = FILL_AREA_STYLE('',(#20533));
#20533 = FILL_AREA_STYLE_COLOUR('',#19245);
#20534 = STYLED_ITEM('color',(#20535),#16325);
#20535 = PRESENTATION_STYLE_ASSIGNMENT((#20536));
#20536 = SURFACE_STYLE_USAGE(.BOTH.,#20537);
#20537 = SURFACE_SIDE_STYLE('',(#20538));
#20538 = SURFACE_STYLE_FILL_AREA(#20539);
#20539 = FILL_AREA_STYLE('',(#20540));
#20540 = FILL_AREA_STYLE_COLOUR('',#19245);
#20541 = STYLED_ITEM('color',(#20542),#16337);
#20542 = PRESENTATION_STYLE_ASSIGNMENT((#20543));
#20543 = SURFACE_STYLE_USAGE(.BOTH.,#20544);
#20544 = SURFACE_SIDE_STYLE('',(#20545));
#20545 = SURFACE_STYLE_FILL_AREA(#20546);
#20546 = FILL_AREA_STYLE('',(#20547));
#20547 = FILL_AREA_STYLE_COLOUR('',#19245);
#20548 = STYLED_ITEM('color',(#20549),#16349);
#20549 = PRESENTATION_STYLE_ASSIGNMENT((#20550));
#20550 = SURFACE_STYLE_USAGE(.BOTH.,#20551);
#20551 = SURFACE_SIDE_STYLE('',(#20552));
#20552 = SURFACE_STYLE_FILL_AREA(#20553);
#20553 = FILL_AREA_STYLE('',(#20554));
#20554 = FILL_AREA_STYLE_COLOUR('',#19245);
#20555 = STYLED_ITEM('color',(#20556),#16361);
#20556 = PRESENTATION_STYLE_ASSIGNMENT((#20557));
#20557 = SURFACE_STYLE_USAGE(.BOTH.,#20558);
#20558 = SURFACE_SIDE_STYLE('',(#20559));
#20559 = SURFACE_STYLE_FILL_AREA(#20560);
#20560 = FILL_AREA_STYLE('',(#20561));
#20561 = FILL_AREA_STYLE_COLOUR('',#19245);
#20562 = STYLED_ITEM('color',(#20563),#16373);
#20563 = PRESENTATION_STYLE_ASSIGNMENT((#20564));
#20564 = SURFACE_STYLE_USAGE(.BOTH.,#20565);
#20565 = SURFACE_SIDE_STYLE('',(#20566));
#20566 = SURFACE_STYLE_FILL_AREA(#20567);
#20567 = FILL_AREA_STYLE('',(#20568));
#20568 = FILL_AREA_STYLE_COLOUR('',#19245);
#20569 = STYLED_ITEM('color',(#20570),#16385);
#20570 = PRESENTATION_STYLE_ASSIGNMENT((#20571));
#20571 = SURFACE_STYLE_USAGE(.BOTH.,#20572);
#20572 = SURFACE_SIDE_STYLE('',(#20573));
#20573 = SURFACE_STYLE_FILL_AREA(#20574);
#20574 = FILL_AREA_STYLE('',(#20575));
#20575 = FILL_AREA_STYLE_COLOUR('',#19245);
#20576 = STYLED_ITEM('color',(#20577),#16397);
#20577 = PRESENTATION_STYLE_ASSIGNMENT((#20578));
#20578 = SURFACE_STYLE_USAGE(.BOTH.,#20579);
#20579 = SURFACE_SIDE_STYLE('',(#20580));
#20580 = SURFACE_STYLE_FILL_AREA(#20581);
#20581 = FILL_AREA_STYLE('',(#20582));
#20582 = FILL_AREA_STYLE_COLOUR('',#19245);
#20583 = STYLED_ITEM('color',(#20584),#16409);
#20584 = PRESENTATION_STYLE_ASSIGNMENT((#20585));
#20585 = SURFACE_STYLE_USAGE(.BOTH.,#20586);
#20586 = SURFACE_SIDE_STYLE('',(#20587));
#20587 = SURFACE_STYLE_FILL_AREA(#20588);
#20588 = FILL_AREA_STYLE('',(#20589));
#20589 = FILL_AREA_STYLE_COLOUR('',#19245);
#20590 = STYLED_ITEM('color',(#20591),#16421);
#20591 = PRESENTATION_STYLE_ASSIGNMENT((#20592));
#20592 = SURFACE_STYLE_USAGE(.BOTH.,#20593);
#20593 = SURFACE_SIDE_STYLE('',(#20594));
#20594 = SURFACE_STYLE_FILL_AREA(#20595);
#20595 = FILL_AREA_STYLE('',(#20596));
#20596 = FILL_AREA_STYLE_COLOUR('',#19245);
#20597 = STYLED_ITEM('color',(#20598),#16433);
#20598 = PRESENTATION_STYLE_ASSIGNMENT((#20599));
#20599 = SURFACE_STYLE_USAGE(.BOTH.,#20600);
#20600 = SURFACE_SIDE_STYLE('',(#20601));
#20601 = SURFACE_STYLE_FILL_AREA(#20602);
#20602 = FILL_AREA_STYLE('',(#20603));
#20603 = FILL_AREA_STYLE_COLOUR('',#19245);
#20604 = STYLED_ITEM('color',(#20605),#16445);
#20605 = PRESENTATION_STYLE_ASSIGNMENT((#20606));
#20606 = SURFACE_STYLE_USAGE(.BOTH.,#20607);
#20607 = SURFACE_SIDE_STYLE('',(#20608));
#20608 = SURFACE_STYLE_FILL_AREA(#20609);
#20609 = FILL_AREA_STYLE('',(#20610));
#20610 = FILL_AREA_STYLE_COLOUR('',#19245);
#20611 = STYLED_ITEM('color',(#20612),#16457);
#20612 = PRESENTATION_STYLE_ASSIGNMENT((#20613));
#20613 = SURFACE_STYLE_USAGE(.BOTH.,#20614);
#20614 = SURFACE_SIDE_STYLE('',(#20615));
#20615 = SURFACE_STYLE_FILL_AREA(#20616);
#20616 = FILL_AREA_STYLE('',(#20617));
#20617 = FILL_AREA_STYLE_COLOUR('',#19245);
#20618 = STYLED_ITEM('color',(#20619),#16469);
#20619 = PRESENTATION_STYLE_ASSIGNMENT((#20620));
#20620 = SURFACE_STYLE_USAGE(.BOTH.,#20621);
#20621 = SURFACE_SIDE_STYLE('',(#20622));
#20622 = SURFACE_STYLE_FILL_AREA(#20623);
#20623 = FILL_AREA_STYLE('',(#20624));
#20624 = FILL_AREA_STYLE_COLOUR('',#19245);
#20625 = MECHANICAL_DESIGN_GEOMETRIC_PRESENTATION_REPRESENTATION('',(
    #20626),#18355);
#20626 = STYLED_ITEM('color',(#20627),#16505);
#20627 = PRESENTATION_STYLE_ASSIGNMENT((#20628));
#20628 = SURFACE_STYLE_USAGE(.BOTH.,#20629);
#20629 = SURFACE_SIDE_STYLE('',(#20630));
#20630 = SURFACE_STYLE_FILL_AREA(#20631);
#20631 = FILL_AREA_STYLE('',(#20632));
#20632 = FILL_AREA_STYLE_COLOUR('',#20633);
#20633 = COLOUR_RGB('',0.313304153717,0.484529207832,0.410020903123);
#20634 = MECHANICAL_DESIGN_GEOMETRIC_PRESENTATION_REPRESENTATION('',(
    #20635,#20643,#20650,#20657,#20664,#20671,#20678,#20685,#20692,
    #20699,#20706,#20713,#20720,#20727,#20734,#20741,#20748,#20755,
    #20762,#20769,#20776,#20783,#20790,#20797,#20804,#20811,#20818,
    #20825,#20832,#20839,#20846,#20853,#20860,#20867,#20874,#20881,
    #20888,#20895,#20902,#20909,#20916,#20923,#20930,#20937,#20944,
    #20951,#20958,#20965,#20972,#20979,#20986,#20993,#21000,#21007,
    #21014,#21021,#21028,#21035,#21042,#21049,#21056,#21063,#21070,
    #21077,#21085,#21092,#21099,#21106,#21113,#21120,#21127,#21134,
    #21141,#21148,#21155,#21162,#21169,#21176,#21183,#21190,#21197,
    #21204,#21211,#21218,#21225,#21232,#21239,#21246,#21253,#21260,
    #21267,#21274,#21281,#21288,#21295,#21302,#21309,#21316,#21323,
    #21330,#21337,#21344,#21351,#21358,#21365,#21372,#21379,#21386,
    #21393,#21400,#21407,#21414,#21421,#21428,#21435,#21442,#21449,
    #21456,#21463,#21470,#21477,#21484,#21491,#21498,#21505,#21512,
    #21519,#21526,#21533,#21540,#21547,#21554,#21561,#21568,#21575,
    #21582,#21589,#21596,#21603,#21610,#21617,#21624),#4540);
#20635 = STYLED_ITEM('color',(#20636),#106);
#20636 = PRESENTATION_STYLE_ASSIGNMENT((#20637));
#20637 = SURFACE_STYLE_USAGE(.BOTH.,#20638);
#20638 = SURFACE_SIDE_STYLE('',(#20639));
#20639 = SURFACE_STYLE_FILL_AREA(#20640);
#20640 = FILL_AREA_STYLE('',(#20641));
#20641 = FILL_AREA_STYLE_COLOUR('',#20642);
#20642 = COLOUR_RGB('',0.894117649055,0.890196087049,0.811764731185);
#20643 = STYLED_ITEM('color',(#20644),#146);
#20644 = PRESENTATION_STYLE_ASSIGNMENT((#20645));
#20645 = SURFACE_STYLE_USAGE(.BOTH.,#20646);
#20646 = SURFACE_SIDE_STYLE('',(#20647));
#20647 = SURFACE_STYLE_FILL_AREA(#20648);
#20648 = FILL_AREA_STYLE('',(#20649));
#20649 = FILL_AREA_STYLE_COLOUR('',#20642);
#20650 = STYLED_ITEM('color',(#20651),#226);
#20651 = PRESENTATION_STYLE_ASSIGNMENT((#20652));
#20652 = SURFACE_STYLE_USAGE(.BOTH.,#20653);
#20653 = SURFACE_SIDE_STYLE('',(#20654));
#20654 = SURFACE_STYLE_FILL_AREA(#20655);
#20655 = FILL_AREA_STYLE('',(#20656));
#20656 = FILL_AREA_STYLE_COLOUR('',#20642);
#20657 = STYLED_ITEM('color',(#20658),#314);
#20658 = PRESENTATION_STYLE_ASSIGNMENT((#20659));
#20659 = SURFACE_STYLE_USAGE(.BOTH.,#20660);
#20660 = SURFACE_SIDE_STYLE('',(#20661));
#20661 = SURFACE_STYLE_FILL_AREA(#20662);
#20662 = FILL_AREA_STYLE('',(#20663));
#20663 = FILL_AREA_STYLE_COLOUR('',#20642);
#20664 = STYLED_ITEM('color',(#20665),#371);
#20665 = PRESENTATION_STYLE_ASSIGNMENT((#20666));
#20666 = SURFACE_STYLE_USAGE(.BOTH.,#20667);
#20667 = SURFACE_SIDE_STYLE('',(#20668));
#20668 = SURFACE_STYLE_FILL_AREA(#20669);
#20669 = FILL_AREA_STYLE('',(#20670));
#20670 = FILL_AREA_STYLE_COLOUR('',#20642);
#20671 = STYLED_ITEM('color',(#20672),#388);
#20672 = PRESENTATION_STYLE_ASSIGNMENT((#20673));
#20673 = SURFACE_STYLE_USAGE(.BOTH.,#20674);
#20674 = SURFACE_SIDE_STYLE('',(#20675));
#20675 = SURFACE_STYLE_FILL_AREA(#20676);
#20676 = FILL_AREA_STYLE('',(#20677));
#20677 = FILL_AREA_STYLE_COLOUR('',#20642);
#20678 = STYLED_ITEM('color',(#20679),#412);
#20679 = PRESENTATION_STYLE_ASSIGNMENT((#20680));
#20680 = SURFACE_STYLE_USAGE(.BOTH.,#20681);
#20681 = SURFACE_SIDE_STYLE('',(#20682));
#20682 = SURFACE_STYLE_FILL_AREA(#20683);
#20683 = FILL_AREA_STYLE('',(#20684));
#20684 = FILL_AREA_STYLE_COLOUR('',#20642);
#20685 = STYLED_ITEM('color',(#20686),#436);
#20686 = PRESENTATION_STYLE_ASSIGNMENT((#20687));
#20687 = SURFACE_STYLE_USAGE(.BOTH.,#20688);
#20688 = SURFACE_SIDE_STYLE('',(#20689));
#20689 = SURFACE_STYLE_FILL_AREA(#20690);
#20690 = FILL_AREA_STYLE('',(#20691));
#20691 = FILL_AREA_STYLE_COLOUR('',#20642);
#20692 = STYLED_ITEM('color',(#20693),#460);
#20693 = PRESENTATION_STYLE_ASSIGNMENT((#20694));
#20694 = SURFACE_STYLE_USAGE(.BOTH.,#20695);
#20695 = SURFACE_SIDE_STYLE('',(#20696));
#20696 = SURFACE_STYLE_FILL_AREA(#20697);
#20697 = FILL_AREA_STYLE('',(#20698));
#20698 = FILL_AREA_STYLE_COLOUR('',#20642);
#20699 = STYLED_ITEM('color',(#20700),#516);
#20700 = PRESENTATION_STYLE_ASSIGNMENT((#20701));
#20701 = SURFACE_STYLE_USAGE(.BOTH.,#20702);
#20702 = SURFACE_SIDE_STYLE('',(#20703));
#20703 = SURFACE_STYLE_FILL_AREA(#20704);
#20704 = FILL_AREA_STYLE('',(#20705));
#20705 = FILL_AREA_STYLE_COLOUR('',#20642);
#20706 = STYLED_ITEM('color',(#20707),#684);
#20707 = PRESENTATION_STYLE_ASSIGNMENT((#20708));
#20708 = SURFACE_STYLE_USAGE(.BOTH.,#20709);
#20709 = SURFACE_SIDE_STYLE('',(#20710));
#20710 = SURFACE_STYLE_FILL_AREA(#20711);
#20711 = FILL_AREA_STYLE('',(#20712));
#20712 = FILL_AREA_STYLE_COLOUR('',#20642);
#20713 = STYLED_ITEM('color',(#20714),#715);
#20714 = PRESENTATION_STYLE_ASSIGNMENT((#20715));
#20715 = SURFACE_STYLE_USAGE(.BOTH.,#20716);
#20716 = SURFACE_SIDE_STYLE('',(#20717));
#20717 = SURFACE_STYLE_FILL_AREA(#20718);
#20718 = FILL_AREA_STYLE('',(#20719));
#20719 = FILL_AREA_STYLE_COLOUR('',#20642);
#20720 = STYLED_ITEM('color',(#20721),#727);
#20721 = PRESENTATION_STYLE_ASSIGNMENT((#20722));
#20722 = SURFACE_STYLE_USAGE(.BOTH.,#20723);
#20723 = SURFACE_SIDE_STYLE('',(#20724));
#20724 = SURFACE_STYLE_FILL_AREA(#20725);
#20725 = FILL_AREA_STYLE('',(#20726));
#20726 = FILL_AREA_STYLE_COLOUR('',#20642);
#20727 = STYLED_ITEM('color',(#20728),#845);
#20728 = PRESENTATION_STYLE_ASSIGNMENT((#20729));
#20729 = SURFACE_STYLE_USAGE(.BOTH.,#20730);
#20730 = SURFACE_SIDE_STYLE('',(#20731));
#20731 = SURFACE_STYLE_FILL_AREA(#20732);
#20732 = FILL_AREA_STYLE('',(#20733));
#20733 = FILL_AREA_STYLE_COLOUR('',#20642);
#20734 = STYLED_ITEM('color',(#20735),#859);
#20735 = PRESENTATION_STYLE_ASSIGNMENT((#20736));
#20736 = SURFACE_STYLE_USAGE(.BOTH.,#20737);
#20737 = SURFACE_SIDE_STYLE('',(#20738));
#20738 = SURFACE_STYLE_FILL_AREA(#20739);
#20739 = FILL_AREA_STYLE('',(#20740));
#20740 = FILL_AREA_STYLE_COLOUR('',#20642);
#20741 = STYLED_ITEM('color',(#20742),#947);
#20742 = PRESENTATION_STYLE_ASSIGNMENT((#20743));
#20743 = SURFACE_STYLE_USAGE(.BOTH.,#20744);
#20744 = SURFACE_SIDE_STYLE('',(#20745));
#20745 = SURFACE_STYLE_FILL_AREA(#20746);
#20746 = FILL_AREA_STYLE('',(#20747));
#20747 = FILL_AREA_STYLE_COLOUR('',#20642);
#20748 = STYLED_ITEM('color',(#20749),#1004);
#20749 = PRESENTATION_STYLE_ASSIGNMENT((#20750));
#20750 = SURFACE_STYLE_USAGE(.BOTH.,#20751);
#20751 = SURFACE_SIDE_STYLE('',(#20752));
#20752 = SURFACE_STYLE_FILL_AREA(#20753);
#20753 = FILL_AREA_STYLE('',(#20754));
#20754 = FILL_AREA_STYLE_COLOUR('',#20642);
#20755 = STYLED_ITEM('color',(#20756),#1028);
#20756 = PRESENTATION_STYLE_ASSIGNMENT((#20757));
#20757 = SURFACE_STYLE_USAGE(.BOTH.,#20758);
#20758 = SURFACE_SIDE_STYLE('',(#20759));
#20759 = SURFACE_STYLE_FILL_AREA(#20760);
#20760 = FILL_AREA_STYLE('',(#20761));
#20761 = FILL_AREA_STYLE_COLOUR('',#20642);
#20762 = STYLED_ITEM('color',(#20763),#1101);
#20763 = PRESENTATION_STYLE_ASSIGNMENT((#20764));
#20764 = SURFACE_STYLE_USAGE(.BOTH.,#20765);
#20765 = SURFACE_SIDE_STYLE('',(#20766));
#20766 = SURFACE_STYLE_FILL_AREA(#20767);
#20767 = FILL_AREA_STYLE('',(#20768));
#20768 = FILL_AREA_STYLE_COLOUR('',#20642);
#20769 = STYLED_ITEM('color',(#20770),#1125);
#20770 = PRESENTATION_STYLE_ASSIGNMENT((#20771));
#20771 = SURFACE_STYLE_USAGE(.BOTH.,#20772);
#20772 = SURFACE_SIDE_STYLE('',(#20773));
#20773 = SURFACE_STYLE_FILL_AREA(#20774);
#20774 = FILL_AREA_STYLE('',(#20775));
#20775 = FILL_AREA_STYLE_COLOUR('',#20642);
#20776 = STYLED_ITEM('color',(#20777),#1158);
#20777 = PRESENTATION_STYLE_ASSIGNMENT((#20778));
#20778 = SURFACE_STYLE_USAGE(.BOTH.,#20779);
#20779 = SURFACE_SIDE_STYLE('',(#20780));
#20780 = SURFACE_STYLE_FILL_AREA(#20781);
#20781 = FILL_AREA_STYLE('',(#20782));
#20782 = FILL_AREA_STYLE_COLOUR('',#20642);
#20783 = STYLED_ITEM('color',(#20784),#1269);
#20784 = PRESENTATION_STYLE_ASSIGNMENT((#20785));
#20785 = SURFACE_STYLE_USAGE(.BOTH.,#20786);
#20786 = SURFACE_SIDE_STYLE('',(#20787));
#20787 = SURFACE_STYLE_FILL_AREA(#20788);
#20788 = FILL_AREA_STYLE('',(#20789));
#20789 = FILL_AREA_STYLE_COLOUR('',#20642);
#20790 = STYLED_ITEM('color',(#20791),#1443);
#20791 = PRESENTATION_STYLE_ASSIGNMENT((#20792));
#20792 = SURFACE_STYLE_USAGE(.BOTH.,#20793);
#20793 = SURFACE_SIDE_STYLE('',(#20794));
#20794 = SURFACE_STYLE_FILL_AREA(#20795);
#20795 = FILL_AREA_STYLE('',(#20796));
#20796 = FILL_AREA_STYLE_COLOUR('',#20642);
#20797 = STYLED_ITEM('color',(#20798),#1483);
#20798 = PRESENTATION_STYLE_ASSIGNMENT((#20799));
#20799 = SURFACE_STYLE_USAGE(.BOTH.,#20800);
#20800 = SURFACE_SIDE_STYLE('',(#20801));
#20801 = SURFACE_STYLE_FILL_AREA(#20802);
#20802 = FILL_AREA_STYLE('',(#20803));
#20803 = FILL_AREA_STYLE_COLOUR('',#20642);
#20804 = STYLED_ITEM('color',(#20805),#1514);
#20805 = PRESENTATION_STYLE_ASSIGNMENT((#20806));
#20806 = SURFACE_STYLE_USAGE(.BOTH.,#20807);
#20807 = SURFACE_SIDE_STYLE('',(#20808));
#20808 = SURFACE_STYLE_FILL_AREA(#20809);
#20809 = FILL_AREA_STYLE('',(#20810));
#20810 = FILL_AREA_STYLE_COLOUR('',#20642);
#20811 = STYLED_ITEM('color',(#20812),#1532);
#20812 = PRESENTATION_STYLE_ASSIGNMENT((#20813));
#20813 = SURFACE_STYLE_USAGE(.BOTH.,#20814);
#20814 = SURFACE_SIDE_STYLE('',(#20815));
#20815 = SURFACE_STYLE_FILL_AREA(#20816);
#20816 = FILL_AREA_STYLE('',(#20817));
#20817 = FILL_AREA_STYLE_COLOUR('',#20642);
#20818 = STYLED_ITEM('color',(#20819),#1549);
#20819 = PRESENTATION_STYLE_ASSIGNMENT((#20820));
#20820 = SURFACE_STYLE_USAGE(.BOTH.,#20821);
#20821 = SURFACE_SIDE_STYLE('',(#20822));
#20822 = SURFACE_STYLE_FILL_AREA(#20823);
#20823 = FILL_AREA_STYLE('',(#20824));
#20824 = FILL_AREA_STYLE_COLOUR('',#20642);
#20825 = STYLED_ITEM('color',(#20826),#1567);
#20826 = PRESENTATION_STYLE_ASSIGNMENT((#20827));
#20827 = SURFACE_STYLE_USAGE(.BOTH.,#20828);
#20828 = SURFACE_SIDE_STYLE('',(#20829));
#20829 = SURFACE_STYLE_FILL_AREA(#20830);
#20830 = FILL_AREA_STYLE('',(#20831));
#20831 = FILL_AREA_STYLE_COLOUR('',#20642);
#20832 = STYLED_ITEM('color',(#20833),#1593);
#20833 = PRESENTATION_STYLE_ASSIGNMENT((#20834));
#20834 = SURFACE_STYLE_USAGE(.BOTH.,#20835);
#20835 = SURFACE_SIDE_STYLE('',(#20836));
#20836 = SURFACE_STYLE_FILL_AREA(#20837);
#20837 = FILL_AREA_STYLE('',(#20838));
#20838 = FILL_AREA_STYLE_COLOUR('',#20642);
#20839 = STYLED_ITEM('color',(#20840),#1624);
#20840 = PRESENTATION_STYLE_ASSIGNMENT((#20841));
#20841 = SURFACE_STYLE_USAGE(.BOTH.,#20842);
#20842 = SURFACE_SIDE_STYLE('',(#20843));
#20843 = SURFACE_STYLE_FILL_AREA(#20844);
#20844 = FILL_AREA_STYLE('',(#20845));
#20845 = FILL_AREA_STYLE_COLOUR('',#20642);
#20846 = STYLED_ITEM('color',(#20847),#1641);
#20847 = PRESENTATION_STYLE_ASSIGNMENT((#20848));
#20848 = SURFACE_STYLE_USAGE(.BOTH.,#20849);
#20849 = SURFACE_SIDE_STYLE('',(#20850));
#20850 = SURFACE_STYLE_FILL_AREA(#20851);
#20851 = FILL_AREA_STYLE('',(#20852));
#20852 = FILL_AREA_STYLE_COLOUR('',#20642);
#20853 = STYLED_ITEM('color',(#20854),#1674);
#20854 = PRESENTATION_STYLE_ASSIGNMENT((#20855));
#20855 = SURFACE_STYLE_USAGE(.BOTH.,#20856);
#20856 = SURFACE_SIDE_STYLE('',(#20857));
#20857 = SURFACE_STYLE_FILL_AREA(#20858);
#20858 = FILL_AREA_STYLE('',(#20859));
#20859 = FILL_AREA_STYLE_COLOUR('',#20642);
#20860 = STYLED_ITEM('color',(#20861),#1698);
#20861 = PRESENTATION_STYLE_ASSIGNMENT((#20862));
#20862 = SURFACE_STYLE_USAGE(.BOTH.,#20863);
#20863 = SURFACE_SIDE_STYLE('',(#20864));
#20864 = SURFACE_STYLE_FILL_AREA(#20865);
#20865 = FILL_AREA_STYLE('',(#20866));
#20866 = FILL_AREA_STYLE_COLOUR('',#20642);
#20867 = STYLED_ITEM('color',(#20868),#1729);
#20868 = PRESENTATION_STYLE_ASSIGNMENT((#20869));
#20869 = SURFACE_STYLE_USAGE(.BOTH.,#20870);
#20870 = SURFACE_SIDE_STYLE('',(#20871));
#20871 = SURFACE_STYLE_FILL_AREA(#20872);
#20872 = FILL_AREA_STYLE('',(#20873));
#20873 = FILL_AREA_STYLE_COLOUR('',#20642);
#20874 = STYLED_ITEM('color',(#20875),#1746);
#20875 = PRESENTATION_STYLE_ASSIGNMENT((#20876));
#20876 = SURFACE_STYLE_USAGE(.BOTH.,#20877);
#20877 = SURFACE_SIDE_STYLE('',(#20878));
#20878 = SURFACE_STYLE_FILL_AREA(#20879);
#20879 = FILL_AREA_STYLE('',(#20880));
#20880 = FILL_AREA_STYLE_COLOUR('',#20642);
#20881 = STYLED_ITEM('color',(#20882),#1779);
#20882 = PRESENTATION_STYLE_ASSIGNMENT((#20883));
#20883 = SURFACE_STYLE_USAGE(.BOTH.,#20884);
#20884 = SURFACE_SIDE_STYLE('',(#20885));
#20885 = SURFACE_STYLE_FILL_AREA(#20886);
#20886 = FILL_AREA_STYLE('',(#20887));
#20887 = FILL_AREA_STYLE_COLOUR('',#20642);
#20888 = STYLED_ITEM('color',(#20889),#1819);
#20889 = PRESENTATION_STYLE_ASSIGNMENT((#20890));
#20890 = SURFACE_STYLE_USAGE(.BOTH.,#20891);
#20891 = SURFACE_SIDE_STYLE('',(#20892));
#20892 = SURFACE_STYLE_FILL_AREA(#20893);
#20893 = FILL_AREA_STYLE('',(#20894));
#20894 = FILL_AREA_STYLE_COLOUR('',#20642);
#20895 = STYLED_ITEM('color',(#20896),#1842);
#20896 = PRESENTATION_STYLE_ASSIGNMENT((#20897));
#20897 = SURFACE_STYLE_USAGE(.BOTH.,#20898);
#20898 = SURFACE_SIDE_STYLE('',(#20899));
#20899 = SURFACE_STYLE_FILL_AREA(#20900);
#20900 = FILL_AREA_STYLE('',(#20901));
#20901 = FILL_AREA_STYLE_COLOUR('',#20642);
#20902 = STYLED_ITEM('color',(#20903),#1891);
#20903 = PRESENTATION_STYLE_ASSIGNMENT((#20904));
#20904 = SURFACE_STYLE_USAGE(.BOTH.,#20905);
#20905 = SURFACE_SIDE_STYLE('',(#20906));
#20906 = SURFACE_STYLE_FILL_AREA(#20907);
#20907 = FILL_AREA_STYLE('',(#20908));
#20908 = FILL_AREA_STYLE_COLOUR('',#20642);
#20909 = STYLED_ITEM('color',(#20910),#1915);
#20910 = PRESENTATION_STYLE_ASSIGNMENT((#20911));
#20911 = SURFACE_STYLE_USAGE(.BOTH.,#20912);
#20912 = SURFACE_SIDE_STYLE('',(#20913));
#20913 = SURFACE_STYLE_FILL_AREA(#20914);
#20914 = FILL_AREA_STYLE('',(#20915));
#20915 = FILL_AREA_STYLE_COLOUR('',#20642);
#20916 = STYLED_ITEM('color',(#20917),#1962);
#20917 = PRESENTATION_STYLE_ASSIGNMENT((#20918));
#20918 = SURFACE_STYLE_USAGE(.BOTH.,#20919);
#20919 = SURFACE_SIDE_STYLE('',(#20920));
#20920 = SURFACE_STYLE_FILL_AREA(#20921);
#20921 = FILL_AREA_STYLE('',(#20922));
#20922 = FILL_AREA_STYLE_COLOUR('',#20642);
#20923 = STYLED_ITEM('color',(#20924),#1979);
#20924 = PRESENTATION_STYLE_ASSIGNMENT((#20925));
#20925 = SURFACE_STYLE_USAGE(.BOTH.,#20926);
#20926 = SURFACE_SIDE_STYLE('',(#20927));
#20927 = SURFACE_STYLE_FILL_AREA(#20928);
#20928 = FILL_AREA_STYLE('',(#20929));
#20929 = FILL_AREA_STYLE_COLOUR('',#20642);
#20930 = STYLED_ITEM('color',(#20931),#1996);
#20931 = PRESENTATION_STYLE_ASSIGNMENT((#20932));
#20932 = SURFACE_STYLE_USAGE(.BOTH.,#20933);
#20933 = SURFACE_SIDE_STYLE('',(#20934));
#20934 = SURFACE_STYLE_FILL_AREA(#20935);
#20935 = FILL_AREA_STYLE('',(#20936));
#20936 = FILL_AREA_STYLE_COLOUR('',#20642);
#20937 = STYLED_ITEM('color',(#20938),#2008);
#20938 = PRESENTATION_STYLE_ASSIGNMENT((#20939));
#20939 = SURFACE_STYLE_USAGE(.BOTH.,#20940);
#20940 = SURFACE_SIDE_STYLE('',(#20941));
#20941 = SURFACE_STYLE_FILL_AREA(#20942);
#20942 = FILL_AREA_STYLE('',(#20943));
#20943 = FILL_AREA_STYLE_COLOUR('',#20642);
#20944 = STYLED_ITEM('color',(#20945),#2055);
#20945 = PRESENTATION_STYLE_ASSIGNMENT((#20946));
#20946 = SURFACE_STYLE_USAGE(.BOTH.,#20947);
#20947 = SURFACE_SIDE_STYLE('',(#20948));
#20948 = SURFACE_STYLE_FILL_AREA(#20949);
#20949 = FILL_AREA_STYLE('',(#20950));
#20950 = FILL_AREA_STYLE_COLOUR('',#20642);
#20951 = STYLED_ITEM('color',(#20952),#2086);
#20952 = PRESENTATION_STYLE_ASSIGNMENT((#20953));
#20953 = SURFACE_STYLE_USAGE(.BOTH.,#20954);
#20954 = SURFACE_SIDE_STYLE('',(#20955));
#20955 = SURFACE_STYLE_FILL_AREA(#20956);
#20956 = FILL_AREA_STYLE('',(#20957));
#20957 = FILL_AREA_STYLE_COLOUR('',#20642);
#20958 = STYLED_ITEM('color',(#20959),#2103);
#20959 = PRESENTATION_STYLE_ASSIGNMENT((#20960));
#20960 = SURFACE_STYLE_USAGE(.BOTH.,#20961);
#20961 = SURFACE_SIDE_STYLE('',(#20962));
#20962 = SURFACE_STYLE_FILL_AREA(#20963);
#20963 = FILL_AREA_STYLE('',(#20964));
#20964 = FILL_AREA_STYLE_COLOUR('',#20642);
#20965 = STYLED_ITEM('color',(#20966),#2120);
#20966 = PRESENTATION_STYLE_ASSIGNMENT((#20967));
#20967 = SURFACE_STYLE_USAGE(.BOTH.,#20968);
#20968 = SURFACE_SIDE_STYLE('',(#20969));
#20969 = SURFACE_STYLE_FILL_AREA(#20970);
#20970 = FILL_AREA_STYLE('',(#20971));
#20971 = FILL_AREA_STYLE_COLOUR('',#20642);
#20972 = STYLED_ITEM('color',(#20973),#2137);
#20973 = PRESENTATION_STYLE_ASSIGNMENT((#20974));
#20974 = SURFACE_STYLE_USAGE(.BOTH.,#20975);
#20975 = SURFACE_SIDE_STYLE('',(#20976));
#20976 = SURFACE_STYLE_FILL_AREA(#20977);
#20977 = FILL_AREA_STYLE('',(#20978));
#20978 = FILL_AREA_STYLE_COLOUR('',#20642);
#20979 = STYLED_ITEM('color',(#20980),#2161);
#20980 = PRESENTATION_STYLE_ASSIGNMENT((#20981));
#20981 = SURFACE_STYLE_USAGE(.BOTH.,#20982);
#20982 = SURFACE_SIDE_STYLE('',(#20983));
#20983 = SURFACE_STYLE_FILL_AREA(#20984);
#20984 = FILL_AREA_STYLE('',(#20985));
#20985 = FILL_AREA_STYLE_COLOUR('',#20642);
#20986 = STYLED_ITEM('color',(#20987),#2185);
#20987 = PRESENTATION_STYLE_ASSIGNMENT((#20988));
#20988 = SURFACE_STYLE_USAGE(.BOTH.,#20989);
#20989 = SURFACE_SIDE_STYLE('',(#20990));
#20990 = SURFACE_STYLE_FILL_AREA(#20991);
#20991 = FILL_AREA_STYLE('',(#20992));
#20992 = FILL_AREA_STYLE_COLOUR('',#20642);
#20993 = STYLED_ITEM('color',(#20994),#2202);
#20994 = PRESENTATION_STYLE_ASSIGNMENT((#20995));
#20995 = SURFACE_STYLE_USAGE(.BOTH.,#20996);
#20996 = SURFACE_SIDE_STYLE('',(#20997));
#20997 = SURFACE_STYLE_FILL_AREA(#20998);
#20998 = FILL_AREA_STYLE('',(#20999));
#20999 = FILL_AREA_STYLE_COLOUR('',#20642);
#21000 = STYLED_ITEM('color',(#21001),#2226);
#21001 = PRESENTATION_STYLE_ASSIGNMENT((#21002));
#21002 = SURFACE_STYLE_USAGE(.BOTH.,#21003);
#21003 = SURFACE_SIDE_STYLE('',(#21004));
#21004 = SURFACE_STYLE_FILL_AREA(#21005);
#21005 = FILL_AREA_STYLE('',(#21006));
#21006 = FILL_AREA_STYLE_COLOUR('',#20642);
#21007 = STYLED_ITEM('color',(#21008),#2250);
#21008 = PRESENTATION_STYLE_ASSIGNMENT((#21009));
#21009 = SURFACE_STYLE_USAGE(.BOTH.,#21010);
#21010 = SURFACE_SIDE_STYLE('',(#21011));
#21011 = SURFACE_STYLE_FILL_AREA(#21012);
#21012 = FILL_AREA_STYLE('',(#21013));
#21013 = FILL_AREA_STYLE_COLOUR('',#20642);
#21014 = STYLED_ITEM('color',(#21015),#2267);
#21015 = PRESENTATION_STYLE_ASSIGNMENT((#21016));
#21016 = SURFACE_STYLE_USAGE(.BOTH.,#21017);
#21017 = SURFACE_SIDE_STYLE('',(#21018));
#21018 = SURFACE_STYLE_FILL_AREA(#21019);
#21019 = FILL_AREA_STYLE('',(#21020));
#21020 = FILL_AREA_STYLE_COLOUR('',#20642);
#21021 = STYLED_ITEM('color',(#21022),#2284);
#21022 = PRESENTATION_STYLE_ASSIGNMENT((#21023));
#21023 = SURFACE_STYLE_USAGE(.BOTH.,#21024);
#21024 = SURFACE_SIDE_STYLE('',(#21025));
#21025 = SURFACE_STYLE_FILL_AREA(#21026);
#21026 = FILL_AREA_STYLE('',(#21027));
#21027 = FILL_AREA_STYLE_COLOUR('',#20642);
#21028 = STYLED_ITEM('color',(#21029),#2296);
#21029 = PRESENTATION_STYLE_ASSIGNMENT((#21030));
#21030 = SURFACE_STYLE_USAGE(.BOTH.,#21031);
#21031 = SURFACE_SIDE_STYLE('',(#21032));
#21032 = SURFACE_STYLE_FILL_AREA(#21033);
#21033 = FILL_AREA_STYLE('',(#21034));
#21034 = FILL_AREA_STYLE_COLOUR('',#20642);
#21035 = STYLED_ITEM('color',(#21036),#2313);
#21036 = PRESENTATION_STYLE_ASSIGNMENT((#21037));
#21037 = SURFACE_STYLE_USAGE(.BOTH.,#21038);
#21038 = SURFACE_SIDE_STYLE('',(#21039));
#21039 = SURFACE_STYLE_FILL_AREA(#21040);
#21040 = FILL_AREA_STYLE('',(#21041));
#21041 = FILL_AREA_STYLE_COLOUR('',#20642);
#21042 = STYLED_ITEM('color',(#21043),#2325);
#21043 = PRESENTATION_STYLE_ASSIGNMENT((#21044));
#21044 = SURFACE_STYLE_USAGE(.BOTH.,#21045);
#21045 = SURFACE_SIDE_STYLE('',(#21046));
#21046 = SURFACE_STYLE_FILL_AREA(#21047);
#21047 = FILL_AREA_STYLE('',(#21048));
#21048 = FILL_AREA_STYLE_COLOUR('',#20642);
#21049 = STYLED_ITEM('color',(#21050),#2349);
#21050 = PRESENTATION_STYLE_ASSIGNMENT((#21051));
#21051 = SURFACE_STYLE_USAGE(.BOTH.,#21052);
#21052 = SURFACE_SIDE_STYLE('',(#21053));
#21053 = SURFACE_STYLE_FILL_AREA(#21054);
#21054 = FILL_AREA_STYLE('',(#21055));
#21055 = FILL_AREA_STYLE_COLOUR('',#20642);
#21056 = STYLED_ITEM('color',(#21057),#2367);
#21057 = PRESENTATION_STYLE_ASSIGNMENT((#21058));
#21058 = SURFACE_STYLE_USAGE(.BOTH.,#21059);
#21059 = SURFACE_SIDE_STYLE('',(#21060));
#21060 = SURFACE_STYLE_FILL_AREA(#21061);
#21061 = FILL_AREA_STYLE('',(#21062));
#21062 = FILL_AREA_STYLE_COLOUR('',#20642);
#21063 = STYLED_ITEM('color',(#21064),#2379);
#21064 = PRESENTATION_STYLE_ASSIGNMENT((#21065));
#21065 = SURFACE_STYLE_USAGE(.BOTH.,#21066);
#21066 = SURFACE_SIDE_STYLE('',(#21067));
#21067 = SURFACE_STYLE_FILL_AREA(#21068);
#21068 = FILL_AREA_STYLE('',(#21069));
#21069 = FILL_AREA_STYLE_COLOUR('',#20642);
#21070 = STYLED_ITEM('color',(#21071),#2393);
#21071 = PRESENTATION_STYLE_ASSIGNMENT((#21072));
#21072 = SURFACE_STYLE_USAGE(.BOTH.,#21073);
#21073 = SURFACE_SIDE_STYLE('',(#21074));
#21074 = SURFACE_STYLE_FILL_AREA(#21075);
#21075 = FILL_AREA_STYLE('',(#21076));
#21076 = FILL_AREA_STYLE_COLOUR('',#20642);
#21077 = STYLED_ITEM('color',(#21078),#2405);
#21078 = PRESENTATION_STYLE_ASSIGNMENT((#21079));
#21079 = SURFACE_STYLE_USAGE(.BOTH.,#21080);
#21080 = SURFACE_SIDE_STYLE('',(#21081));
#21081 = SURFACE_STYLE_FILL_AREA(#21082);
#21082 = FILL_AREA_STYLE('',(#21083));
#21083 = FILL_AREA_STYLE_COLOUR('',#21084);
#21084 = COLOUR_RGB('',0.823529417451,0.819607860991,0.780392170416);
#21085 = STYLED_ITEM('color',(#21086),#2436);
#21086 = PRESENTATION_STYLE_ASSIGNMENT((#21087));
#21087 = SURFACE_STYLE_USAGE(.BOTH.,#21088);
#21088 = SURFACE_SIDE_STYLE('',(#21089));
#21089 = SURFACE_STYLE_FILL_AREA(#21090);
#21090 = FILL_AREA_STYLE('',(#21091));
#21091 = FILL_AREA_STYLE_COLOUR('',#21084);
#21092 = STYLED_ITEM('color',(#21093),#2460);
#21093 = PRESENTATION_STYLE_ASSIGNMENT((#21094));
#21094 = SURFACE_STYLE_USAGE(.BOTH.,#21095);
#21095 = SURFACE_SIDE_STYLE('',(#21096));
#21096 = SURFACE_STYLE_FILL_AREA(#21097);
#21097 = FILL_AREA_STYLE('',(#21098));
#21098 = FILL_AREA_STYLE_COLOUR('',#21084);
#21099 = STYLED_ITEM('color',(#21100),#2484);
#21100 = PRESENTATION_STYLE_ASSIGNMENT((#21101));
#21101 = SURFACE_STYLE_USAGE(.BOTH.,#21102);
#21102 = SURFACE_SIDE_STYLE('',(#21103));
#21103 = SURFACE_STYLE_FILL_AREA(#21104);
#21104 = FILL_AREA_STYLE('',(#21105));
#21105 = FILL_AREA_STYLE_COLOUR('',#21084);
#21106 = STYLED_ITEM('color',(#21107),#2501);
#21107 = PRESENTATION_STYLE_ASSIGNMENT((#21108));
#21108 = SURFACE_STYLE_USAGE(.BOTH.,#21109);
#21109 = SURFACE_SIDE_STYLE('',(#21110));
#21110 = SURFACE_STYLE_FILL_AREA(#21111);
#21111 = FILL_AREA_STYLE('',(#21112));
#21112 = FILL_AREA_STYLE_COLOUR('',#21084);
#21113 = STYLED_ITEM('color',(#21114),#2532);
#21114 = PRESENTATION_STYLE_ASSIGNMENT((#21115));
#21115 = SURFACE_STYLE_USAGE(.BOTH.,#21116);
#21116 = SURFACE_SIDE_STYLE('',(#21117));
#21117 = SURFACE_STYLE_FILL_AREA(#21118);
#21118 = FILL_AREA_STYLE('',(#21119));
#21119 = FILL_AREA_STYLE_COLOUR('',#21084);
#21120 = STYLED_ITEM('color',(#21121),#2556);
#21121 = PRESENTATION_STYLE_ASSIGNMENT((#21122));
#21122 = SURFACE_STYLE_USAGE(.BOTH.,#21123);
#21123 = SURFACE_SIDE_STYLE('',(#21124));
#21124 = SURFACE_STYLE_FILL_AREA(#21125);
#21125 = FILL_AREA_STYLE('',(#21126));
#21126 = FILL_AREA_STYLE_COLOUR('',#21084);
#21127 = STYLED_ITEM('color',(#21128),#2580);
#21128 = PRESENTATION_STYLE_ASSIGNMENT((#21129));
#21129 = SURFACE_STYLE_USAGE(.BOTH.,#21130);
#21130 = SURFACE_SIDE_STYLE('',(#21131));
#21131 = SURFACE_STYLE_FILL_AREA(#21132);
#21132 = FILL_AREA_STYLE('',(#21133));
#21133 = FILL_AREA_STYLE_COLOUR('',#21084);
#21134 = STYLED_ITEM('color',(#21135),#2597);
#21135 = PRESENTATION_STYLE_ASSIGNMENT((#21136));
#21136 = SURFACE_STYLE_USAGE(.BOTH.,#21137);
#21137 = SURFACE_SIDE_STYLE('',(#21138));
#21138 = SURFACE_STYLE_FILL_AREA(#21139);
#21139 = FILL_AREA_STYLE('',(#21140));
#21140 = FILL_AREA_STYLE_COLOUR('',#21084);
#21141 = STYLED_ITEM('color',(#21142),#2628);
#21142 = PRESENTATION_STYLE_ASSIGNMENT((#21143));
#21143 = SURFACE_STYLE_USAGE(.BOTH.,#21144);
#21144 = SURFACE_SIDE_STYLE('',(#21145));
#21145 = SURFACE_STYLE_FILL_AREA(#21146);
#21146 = FILL_AREA_STYLE('',(#21147));
#21147 = FILL_AREA_STYLE_COLOUR('',#21084);
#21148 = STYLED_ITEM('color',(#21149),#2652);
#21149 = PRESENTATION_STYLE_ASSIGNMENT((#21150));
#21150 = SURFACE_STYLE_USAGE(.BOTH.,#21151);
#21151 = SURFACE_SIDE_STYLE('',(#21152));
#21152 = SURFACE_STYLE_FILL_AREA(#21153);
#21153 = FILL_AREA_STYLE('',(#21154));
#21154 = FILL_AREA_STYLE_COLOUR('',#21084);
#21155 = STYLED_ITEM('color',(#21156),#2676);
#21156 = PRESENTATION_STYLE_ASSIGNMENT((#21157));
#21157 = SURFACE_STYLE_USAGE(.BOTH.,#21158);
#21158 = SURFACE_SIDE_STYLE('',(#21159));
#21159 = SURFACE_STYLE_FILL_AREA(#21160);
#21160 = FILL_AREA_STYLE('',(#21161));
#21161 = FILL_AREA_STYLE_COLOUR('',#21084);
#21162 = STYLED_ITEM('color',(#21163),#2693);
#21163 = PRESENTATION_STYLE_ASSIGNMENT((#21164));
#21164 = SURFACE_STYLE_USAGE(.BOTH.,#21165);
#21165 = SURFACE_SIDE_STYLE('',(#21166));
#21166 = SURFACE_STYLE_FILL_AREA(#21167);
#21167 = FILL_AREA_STYLE('',(#21168));
#21168 = FILL_AREA_STYLE_COLOUR('',#20642);
#21169 = STYLED_ITEM('color',(#21170),#2739);
#21170 = PRESENTATION_STYLE_ASSIGNMENT((#21171));
#21171 = SURFACE_STYLE_USAGE(.BOTH.,#21172);
#21172 = SURFACE_SIDE_STYLE('',(#21173));
#21173 = SURFACE_STYLE_FILL_AREA(#21174);
#21174 = FILL_AREA_STYLE('',(#21175));
#21175 = FILL_AREA_STYLE_COLOUR('',#20642);
#21176 = STYLED_ITEM('color',(#21177),#2785);
#21177 = PRESENTATION_STYLE_ASSIGNMENT((#21178));
#21178 = SURFACE_STYLE_USAGE(.BOTH.,#21179);
#21179 = SURFACE_SIDE_STYLE('',(#21180));
#21180 = SURFACE_STYLE_FILL_AREA(#21181);
#21181 = FILL_AREA_STYLE('',(#21182));
#21182 = FILL_AREA_STYLE_COLOUR('',#20642);
#21183 = STYLED_ITEM('color',(#21184),#2831);
#21184 = PRESENTATION_STYLE_ASSIGNMENT((#21185));
#21185 = SURFACE_STYLE_USAGE(.BOTH.,#21186);
#21186 = SURFACE_SIDE_STYLE('',(#21187));
#21187 = SURFACE_STYLE_FILL_AREA(#21188);
#21188 = FILL_AREA_STYLE('',(#21189));
#21189 = FILL_AREA_STYLE_COLOUR('',#20642);
#21190 = STYLED_ITEM('color',(#21191),#2848);
#21191 = PRESENTATION_STYLE_ASSIGNMENT((#21192));
#21192 = SURFACE_STYLE_USAGE(.BOTH.,#21193);
#21193 = SURFACE_SIDE_STYLE('',(#21194));
#21194 = SURFACE_STYLE_FILL_AREA(#21195);
#21195 = FILL_AREA_STYLE('',(#21196));
#21196 = FILL_AREA_STYLE_COLOUR('',#20642);
#21197 = STYLED_ITEM('color',(#21198),#2860);
#21198 = PRESENTATION_STYLE_ASSIGNMENT((#21199));
#21199 = SURFACE_STYLE_USAGE(.BOTH.,#21200);
#21200 = SURFACE_SIDE_STYLE('',(#21201));
#21201 = SURFACE_STYLE_FILL_AREA(#21202);
#21202 = FILL_AREA_STYLE('',(#21203));
#21203 = FILL_AREA_STYLE_COLOUR('',#21084);
#21204 = STYLED_ITEM('color',(#21205),#2891);
#21205 = PRESENTATION_STYLE_ASSIGNMENT((#21206));
#21206 = SURFACE_STYLE_USAGE(.BOTH.,#21207);
#21207 = SURFACE_SIDE_STYLE('',(#21208));
#21208 = SURFACE_STYLE_FILL_AREA(#21209);
#21209 = FILL_AREA_STYLE('',(#21210));
#21210 = FILL_AREA_STYLE_COLOUR('',#21084);
#21211 = STYLED_ITEM('color',(#21212),#2915);
#21212 = PRESENTATION_STYLE_ASSIGNMENT((#21213));
#21213 = SURFACE_STYLE_USAGE(.BOTH.,#21214);
#21214 = SURFACE_SIDE_STYLE('',(#21215));
#21215 = SURFACE_STYLE_FILL_AREA(#21216);
#21216 = FILL_AREA_STYLE('',(#21217));
#21217 = FILL_AREA_STYLE_COLOUR('',#21084);
#21218 = STYLED_ITEM('color',(#21219),#2939);
#21219 = PRESENTATION_STYLE_ASSIGNMENT((#21220));
#21220 = SURFACE_STYLE_USAGE(.BOTH.,#21221);
#21221 = SURFACE_SIDE_STYLE('',(#21222));
#21222 = SURFACE_STYLE_FILL_AREA(#21223);
#21223 = FILL_AREA_STYLE('',(#21224));
#21224 = FILL_AREA_STYLE_COLOUR('',#21084);
#21225 = STYLED_ITEM('color',(#21226),#2956);
#21226 = PRESENTATION_STYLE_ASSIGNMENT((#21227));
#21227 = SURFACE_STYLE_USAGE(.BOTH.,#21228);
#21228 = SURFACE_SIDE_STYLE('',(#21229));
#21229 = SURFACE_STYLE_FILL_AREA(#21230);
#21230 = FILL_AREA_STYLE('',(#21231));
#21231 = FILL_AREA_STYLE_COLOUR('',#21084);
#21232 = STYLED_ITEM('color',(#21233),#2987);
#21233 = PRESENTATION_STYLE_ASSIGNMENT((#21234));
#21234 = SURFACE_STYLE_USAGE(.BOTH.,#21235);
#21235 = SURFACE_SIDE_STYLE('',(#21236));
#21236 = SURFACE_STYLE_FILL_AREA(#21237);
#21237 = FILL_AREA_STYLE('',(#21238));
#21238 = FILL_AREA_STYLE_COLOUR('',#21084);
#21239 = STYLED_ITEM('color',(#21240),#3011);
#21240 = PRESENTATION_STYLE_ASSIGNMENT((#21241));
#21241 = SURFACE_STYLE_USAGE(.BOTH.,#21242);
#21242 = SURFACE_SIDE_STYLE('',(#21243));
#21243 = SURFACE_STYLE_FILL_AREA(#21244);
#21244 = FILL_AREA_STYLE('',(#21245));
#21245 = FILL_AREA_STYLE_COLOUR('',#21084);
#21246 = STYLED_ITEM('color',(#21247),#3035);
#21247 = PRESENTATION_STYLE_ASSIGNMENT((#21248));
#21248 = SURFACE_STYLE_USAGE(.BOTH.,#21249);
#21249 = SURFACE_SIDE_STYLE('',(#21250));
#21250 = SURFACE_STYLE_FILL_AREA(#21251);
#21251 = FILL_AREA_STYLE('',(#21252));
#21252 = FILL_AREA_STYLE_COLOUR('',#21084);
#21253 = STYLED_ITEM('color',(#21254),#3052);
#21254 = PRESENTATION_STYLE_ASSIGNMENT((#21255));
#21255 = SURFACE_STYLE_USAGE(.BOTH.,#21256);
#21256 = SURFACE_SIDE_STYLE('',(#21257));
#21257 = SURFACE_STYLE_FILL_AREA(#21258);
#21258 = FILL_AREA_STYLE('',(#21259));
#21259 = FILL_AREA_STYLE_COLOUR('',#21084);
#21260 = STYLED_ITEM('color',(#21261),#3083);
#21261 = PRESENTATION_STYLE_ASSIGNMENT((#21262));
#21262 = SURFACE_STYLE_USAGE(.BOTH.,#21263);
#21263 = SURFACE_SIDE_STYLE('',(#21264));
#21264 = SURFACE_STYLE_FILL_AREA(#21265);
#21265 = FILL_AREA_STYLE('',(#21266));
#21266 = FILL_AREA_STYLE_COLOUR('',#21084);
#21267 = STYLED_ITEM('color',(#21268),#3107);
#21268 = PRESENTATION_STYLE_ASSIGNMENT((#21269));
#21269 = SURFACE_STYLE_USAGE(.BOTH.,#21270);
#21270 = SURFACE_SIDE_STYLE('',(#21271));
#21271 = SURFACE_STYLE_FILL_AREA(#21272);
#21272 = FILL_AREA_STYLE('',(#21273));
#21273 = FILL_AREA_STYLE_COLOUR('',#21084);
#21274 = STYLED_ITEM('color',(#21275),#3131);
#21275 = PRESENTATION_STYLE_ASSIGNMENT((#21276));
#21276 = SURFACE_STYLE_USAGE(.BOTH.,#21277);
#21277 = SURFACE_SIDE_STYLE('',(#21278));
#21278 = SURFACE_STYLE_FILL_AREA(#21279);
#21279 = FILL_AREA_STYLE('',(#21280));
#21280 = FILL_AREA_STYLE_COLOUR('',#21084);
#21281 = STYLED_ITEM('color',(#21282),#3148);
#21282 = PRESENTATION_STYLE_ASSIGNMENT((#21283));
#21283 = SURFACE_STYLE_USAGE(.BOTH.,#21284);
#21284 = SURFACE_SIDE_STYLE('',(#21285));
#21285 = SURFACE_STYLE_FILL_AREA(#21286);
#21286 = FILL_AREA_STYLE('',(#21287));
#21287 = FILL_AREA_STYLE_COLOUR('',#21084);
#21288 = STYLED_ITEM('color',(#21289),#3245);
#21289 = PRESENTATION_STYLE_ASSIGNMENT((#21290));
#21290 = SURFACE_STYLE_USAGE(.BOTH.,#21291);
#21291 = SURFACE_SIDE_STYLE('',(#21292));
#21292 = SURFACE_STYLE_FILL_AREA(#21293);
#21293 = FILL_AREA_STYLE('',(#21294));
#21294 = FILL_AREA_STYLE_COLOUR('',#21084);
#21295 = STYLED_ITEM('color',(#21296),#3269);
#21296 = PRESENTATION_STYLE_ASSIGNMENT((#21297));
#21297 = SURFACE_STYLE_USAGE(.BOTH.,#21298);
#21298 = SURFACE_SIDE_STYLE('',(#21299));
#21299 = SURFACE_STYLE_FILL_AREA(#21300);
#21300 = FILL_AREA_STYLE('',(#21301));
#21301 = FILL_AREA_STYLE_COLOUR('',#21084);
#21302 = STYLED_ITEM('color',(#21303),#3359);
#21303 = PRESENTATION_STYLE_ASSIGNMENT((#21304));
#21304 = SURFACE_STYLE_USAGE(.BOTH.,#21305);
#21305 = SURFACE_SIDE_STYLE('',(#21306));
#21306 = SURFACE_STYLE_FILL_AREA(#21307);
#21307 = FILL_AREA_STYLE('',(#21308));
#21308 = FILL_AREA_STYLE_COLOUR('',#21084);
#21309 = STYLED_ITEM('color',(#21310),#3376);
#21310 = PRESENTATION_STYLE_ASSIGNMENT((#21311));
#21311 = SURFACE_STYLE_USAGE(.BOTH.,#21312);
#21312 = SURFACE_SIDE_STYLE('',(#21313));
#21313 = SURFACE_STYLE_FILL_AREA(#21314);
#21314 = FILL_AREA_STYLE('',(#21315));
#21315 = FILL_AREA_STYLE_COLOUR('',#21084);
#21316 = STYLED_ITEM('color',(#21317),#3441);
#21317 = PRESENTATION_STYLE_ASSIGNMENT((#21318));
#21318 = SURFACE_STYLE_USAGE(.BOTH.,#21319);
#21319 = SURFACE_SIDE_STYLE('',(#21320));
#21320 = SURFACE_STYLE_FILL_AREA(#21321);
#21321 = FILL_AREA_STYLE('',(#21322));
#21322 = FILL_AREA_STYLE_COLOUR('',#21084);
#21323 = STYLED_ITEM('color',(#21324),#3465);
#21324 = PRESENTATION_STYLE_ASSIGNMENT((#21325));
#21325 = SURFACE_STYLE_USAGE(.BOTH.,#21326);
#21326 = SURFACE_SIDE_STYLE('',(#21327));
#21327 = SURFACE_STYLE_FILL_AREA(#21328);
#21328 = FILL_AREA_STYLE('',(#21329));
#21329 = FILL_AREA_STYLE_COLOUR('',#21084);
#21330 = STYLED_ITEM('color',(#21331),#3523);
#21331 = PRESENTATION_STYLE_ASSIGNMENT((#21332));
#21332 = SURFACE_STYLE_USAGE(.BOTH.,#21333);
#21333 = SURFACE_SIDE_STYLE('',(#21334));
#21334 = SURFACE_STYLE_FILL_AREA(#21335);
#21335 = FILL_AREA_STYLE('',(#21336));
#21336 = FILL_AREA_STYLE_COLOUR('',#21084);
#21337 = STYLED_ITEM('color',(#21338),#3540);
#21338 = PRESENTATION_STYLE_ASSIGNMENT((#21339));
#21339 = SURFACE_STYLE_USAGE(.BOTH.,#21340);
#21340 = SURFACE_SIDE_STYLE('',(#21341));
#21341 = SURFACE_STYLE_FILL_AREA(#21342);
#21342 = FILL_AREA_STYLE('',(#21343));
#21343 = FILL_AREA_STYLE_COLOUR('',#21084);
#21344 = STYLED_ITEM('color',(#21345),#3637);
#21345 = PRESENTATION_STYLE_ASSIGNMENT((#21346));
#21346 = SURFACE_STYLE_USAGE(.BOTH.,#21347);
#21347 = SURFACE_SIDE_STYLE('',(#21348));
#21348 = SURFACE_STYLE_FILL_AREA(#21349);
#21349 = FILL_AREA_STYLE('',(#21350));
#21350 = FILL_AREA_STYLE_COLOUR('',#21084);
#21351 = STYLED_ITEM('color',(#21352),#3661);
#21352 = PRESENTATION_STYLE_ASSIGNMENT((#21353));
#21353 = SURFACE_STYLE_USAGE(.BOTH.,#21354);
#21354 = SURFACE_SIDE_STYLE('',(#21355));
#21355 = SURFACE_STYLE_FILL_AREA(#21356);
#21356 = FILL_AREA_STYLE('',(#21357));
#21357 = FILL_AREA_STYLE_COLOUR('',#21084);
#21358 = STYLED_ITEM('color',(#21359),#3751);
#21359 = PRESENTATION_STYLE_ASSIGNMENT((#21360));
#21360 = SURFACE_STYLE_USAGE(.BOTH.,#21361);
#21361 = SURFACE_SIDE_STYLE('',(#21362));
#21362 = SURFACE_STYLE_FILL_AREA(#21363);
#21363 = FILL_AREA_STYLE('',(#21364));
#21364 = FILL_AREA_STYLE_COLOUR('',#21084);
#21365 = STYLED_ITEM('color',(#21366),#3768);
#21366 = PRESENTATION_STYLE_ASSIGNMENT((#21367));
#21367 = SURFACE_STYLE_USAGE(.BOTH.,#21368);
#21368 = SURFACE_SIDE_STYLE('',(#21369));
#21369 = SURFACE_STYLE_FILL_AREA(#21370);
#21370 = FILL_AREA_STYLE('',(#21371));
#21371 = FILL_AREA_STYLE_COLOUR('',#21084);
#21372 = STYLED_ITEM('color',(#21373),#3780);
#21373 = PRESENTATION_STYLE_ASSIGNMENT((#21374));
#21374 = SURFACE_STYLE_USAGE(.BOTH.,#21375);
#21375 = SURFACE_SIDE_STYLE('',(#21376));
#21376 = SURFACE_STYLE_FILL_AREA(#21377);
#21377 = FILL_AREA_STYLE('',(#21378));
#21378 = FILL_AREA_STYLE_COLOUR('',#21084);
#21379 = STYLED_ITEM('color',(#21380),#3792);
#21380 = PRESENTATION_STYLE_ASSIGNMENT((#21381));
#21381 = SURFACE_STYLE_USAGE(.BOTH.,#21382);
#21382 = SURFACE_SIDE_STYLE('',(#21383));
#21383 = SURFACE_STYLE_FILL_AREA(#21384);
#21384 = FILL_AREA_STYLE('',(#21385));
#21385 = FILL_AREA_STYLE_COLOUR('',#21084);
#21386 = STYLED_ITEM('color',(#21387),#3804);
#21387 = PRESENTATION_STYLE_ASSIGNMENT((#21388));
#21388 = SURFACE_STYLE_USAGE(.BOTH.,#21389);
#21389 = SURFACE_SIDE_STYLE('',(#21390));
#21390 = SURFACE_STYLE_FILL_AREA(#21391);
#21391 = FILL_AREA_STYLE('',(#21392));
#21392 = FILL_AREA_STYLE_COLOUR('',#21084);
#21393 = STYLED_ITEM('color',(#21394),#3821);
#21394 = PRESENTATION_STYLE_ASSIGNMENT((#21395));
#21395 = SURFACE_STYLE_USAGE(.BOTH.,#21396);
#21396 = SURFACE_SIDE_STYLE('',(#21397));
#21397 = SURFACE_STYLE_FILL_AREA(#21398);
#21398 = FILL_AREA_STYLE('',(#21399));
#21399 = FILL_AREA_STYLE_COLOUR('',#21084);
#21400 = STYLED_ITEM('color',(#21401),#3838);
#21401 = PRESENTATION_STYLE_ASSIGNMENT((#21402));
#21402 = SURFACE_STYLE_USAGE(.BOTH.,#21403);
#21403 = SURFACE_SIDE_STYLE('',(#21404));
#21404 = SURFACE_STYLE_FILL_AREA(#21405);
#21405 = FILL_AREA_STYLE('',(#21406));
#21406 = FILL_AREA_STYLE_COLOUR('',#21084);
#21407 = STYLED_ITEM('color',(#21408),#3855);
#21408 = PRESENTATION_STYLE_ASSIGNMENT((#21409));
#21409 = SURFACE_STYLE_USAGE(.BOTH.,#21410);
#21410 = SURFACE_SIDE_STYLE('',(#21411));
#21411 = SURFACE_STYLE_FILL_AREA(#21412);
#21412 = FILL_AREA_STYLE('',(#21413));
#21413 = FILL_AREA_STYLE_COLOUR('',#21084);
#21414 = STYLED_ITEM('color',(#21415),#3888);
#21415 = PRESENTATION_STYLE_ASSIGNMENT((#21416));
#21416 = SURFACE_STYLE_USAGE(.BOTH.,#21417);
#21417 = SURFACE_SIDE_STYLE('',(#21418));
#21418 = SURFACE_STYLE_FILL_AREA(#21419);
#21419 = FILL_AREA_STYLE('',(#21420));
#21420 = FILL_AREA_STYLE_COLOUR('',#21084);
#21421 = STYLED_ITEM('color',(#21422),#3928);
#21422 = PRESENTATION_STYLE_ASSIGNMENT((#21423));
#21423 = SURFACE_STYLE_USAGE(.BOTH.,#21424);
#21424 = SURFACE_SIDE_STYLE('',(#21425));
#21425 = SURFACE_STYLE_FILL_AREA(#21426);
#21426 = FILL_AREA_STYLE('',(#21427));
#21427 = FILL_AREA_STYLE_COLOUR('',#21084);
#21428 = STYLED_ITEM('color',(#21429),#3959);
#21429 = PRESENTATION_STYLE_ASSIGNMENT((#21430));
#21430 = SURFACE_STYLE_USAGE(.BOTH.,#21431);
#21431 = SURFACE_SIDE_STYLE('',(#21432));
#21432 = SURFACE_STYLE_FILL_AREA(#21433);
#21433 = FILL_AREA_STYLE('',(#21434));
#21434 = FILL_AREA_STYLE_COLOUR('',#21084);
#21435 = STYLED_ITEM('color',(#21436),#3976);
#21436 = PRESENTATION_STYLE_ASSIGNMENT((#21437));
#21437 = SURFACE_STYLE_USAGE(.BOTH.,#21438);
#21438 = SURFACE_SIDE_STYLE('',(#21439));
#21439 = SURFACE_STYLE_FILL_AREA(#21440);
#21440 = FILL_AREA_STYLE('',(#21441));
#21441 = FILL_AREA_STYLE_COLOUR('',#21084);
#21442 = STYLED_ITEM('color',(#21443),#3993);
#21443 = PRESENTATION_STYLE_ASSIGNMENT((#21444));
#21444 = SURFACE_STYLE_USAGE(.BOTH.,#21445);
#21445 = SURFACE_SIDE_STYLE('',(#21446));
#21446 = SURFACE_STYLE_FILL_AREA(#21447);
#21447 = FILL_AREA_STYLE('',(#21448));
#21448 = FILL_AREA_STYLE_COLOUR('',#21084);
#21449 = STYLED_ITEM('color',(#21450),#4005);
#21450 = PRESENTATION_STYLE_ASSIGNMENT((#21451));
#21451 = SURFACE_STYLE_USAGE(.BOTH.,#21452);
#21452 = SURFACE_SIDE_STYLE('',(#21453));
#21453 = SURFACE_STYLE_FILL_AREA(#21454);
#21454 = FILL_AREA_STYLE('',(#21455));
#21455 = FILL_AREA_STYLE_COLOUR('',#21084);
#21456 = STYLED_ITEM('color',(#21457),#4038);
#21457 = PRESENTATION_STYLE_ASSIGNMENT((#21458));
#21458 = SURFACE_STYLE_USAGE(.BOTH.,#21459);
#21459 = SURFACE_SIDE_STYLE('',(#21460));
#21460 = SURFACE_STYLE_FILL_AREA(#21461);
#21461 = FILL_AREA_STYLE('',(#21462));
#21462 = FILL_AREA_STYLE_COLOUR('',#21084);
#21463 = STYLED_ITEM('color',(#21464),#4055);
#21464 = PRESENTATION_STYLE_ASSIGNMENT((#21465));
#21465 = SURFACE_STYLE_USAGE(.BOTH.,#21466);
#21466 = SURFACE_SIDE_STYLE('',(#21467));
#21467 = SURFACE_STYLE_FILL_AREA(#21468);
#21468 = FILL_AREA_STYLE('',(#21469));
#21469 = FILL_AREA_STYLE_COLOUR('',#21084);
#21470 = STYLED_ITEM('color',(#21471),#4072);
#21471 = PRESENTATION_STYLE_ASSIGNMENT((#21472));
#21472 = SURFACE_STYLE_USAGE(.BOTH.,#21473);
#21473 = SURFACE_SIDE_STYLE('',(#21474));
#21474 = SURFACE_STYLE_FILL_AREA(#21475);
#21475 = FILL_AREA_STYLE('',(#21476));
#21476 = FILL_AREA_STYLE_COLOUR('',#21084);
#21477 = STYLED_ITEM('color',(#21478),#4103);
#21478 = PRESENTATION_STYLE_ASSIGNMENT((#21479));
#21479 = SURFACE_STYLE_USAGE(.BOTH.,#21480);
#21480 = SURFACE_SIDE_STYLE('',(#21481));
#21481 = SURFACE_STYLE_FILL_AREA(#21482);
#21482 = FILL_AREA_STYLE('',(#21483));
#21483 = FILL_AREA_STYLE_COLOUR('',#21084);
#21484 = STYLED_ITEM('color',(#21485),#4125);
#21485 = PRESENTATION_STYLE_ASSIGNMENT((#21486));
#21486 = SURFACE_STYLE_USAGE(.BOTH.,#21487);
#21487 = SURFACE_SIDE_STYLE('',(#21488));
#21488 = SURFACE_STYLE_FILL_AREA(#21489);
#21489 = FILL_AREA_STYLE('',(#21490));
#21490 = FILL_AREA_STYLE_COLOUR('',#21084);
#21491 = STYLED_ITEM('color',(#21492),#4137);
#21492 = PRESENTATION_STYLE_ASSIGNMENT((#21493));
#21493 = SURFACE_STYLE_USAGE(.BOTH.,#21494);
#21494 = SURFACE_SIDE_STYLE('',(#21495));
#21495 = SURFACE_STYLE_FILL_AREA(#21496);
#21496 = FILL_AREA_STYLE('',(#21497));
#21497 = FILL_AREA_STYLE_COLOUR('',#21084);
#21498 = STYLED_ITEM('color',(#21499),#4168);
#21499 = PRESENTATION_STYLE_ASSIGNMENT((#21500));
#21500 = SURFACE_STYLE_USAGE(.BOTH.,#21501);
#21501 = SURFACE_SIDE_STYLE('',(#21502));
#21502 = SURFACE_STYLE_FILL_AREA(#21503);
#21503 = FILL_AREA_STYLE('',(#21504));
#21504 = FILL_AREA_STYLE_COLOUR('',#21084);
#21505 = STYLED_ITEM('color',(#21506),#4185);
#21506 = PRESENTATION_STYLE_ASSIGNMENT((#21507));
#21507 = SURFACE_STYLE_USAGE(.BOTH.,#21508);
#21508 = SURFACE_SIDE_STYLE('',(#21509));
#21509 = SURFACE_STYLE_FILL_AREA(#21510);
#21510 = FILL_AREA_STYLE('',(#21511));
#21511 = FILL_AREA_STYLE_COLOUR('',#21084);
#21512 = STYLED_ITEM('color',(#21513),#4202);
#21513 = PRESENTATION_STYLE_ASSIGNMENT((#21514));
#21514 = SURFACE_STYLE_USAGE(.BOTH.,#21515);
#21515 = SURFACE_SIDE_STYLE('',(#21516));
#21516 = SURFACE_STYLE_FILL_AREA(#21517);
#21517 = FILL_AREA_STYLE('',(#21518));
#21518 = FILL_AREA_STYLE_COLOUR('',#21084);
#21519 = STYLED_ITEM('color',(#21520),#4219);
#21520 = PRESENTATION_STYLE_ASSIGNMENT((#21521));
#21521 = SURFACE_STYLE_USAGE(.BOTH.,#21522);
#21522 = SURFACE_SIDE_STYLE('',(#21523));
#21523 = SURFACE_STYLE_FILL_AREA(#21524);
#21524 = FILL_AREA_STYLE('',(#21525));
#21525 = FILL_AREA_STYLE_COLOUR('',#21084);
#21526 = STYLED_ITEM('color',(#21527),#4252);
#21527 = PRESENTATION_STYLE_ASSIGNMENT((#21528));
#21528 = SURFACE_STYLE_USAGE(.BOTH.,#21529);
#21529 = SURFACE_SIDE_STYLE('',(#21530));
#21530 = SURFACE_STYLE_FILL_AREA(#21531);
#21531 = FILL_AREA_STYLE('',(#21532));
#21532 = FILL_AREA_STYLE_COLOUR('',#21084);
#21533 = STYLED_ITEM('color',(#21534),#4292);
#21534 = PRESENTATION_STYLE_ASSIGNMENT((#21535));
#21535 = SURFACE_STYLE_USAGE(.BOTH.,#21536);
#21536 = SURFACE_SIDE_STYLE('',(#21537));
#21537 = SURFACE_STYLE_FILL_AREA(#21538);
#21538 = FILL_AREA_STYLE('',(#21539));
#21539 = FILL_AREA_STYLE_COLOUR('',#21084);
#21540 = STYLED_ITEM('color',(#21541),#4323);
#21541 = PRESENTATION_STYLE_ASSIGNMENT((#21542));
#21542 = SURFACE_STYLE_USAGE(.BOTH.,#21543);
#21543 = SURFACE_SIDE_STYLE('',(#21544));
#21544 = SURFACE_STYLE_FILL_AREA(#21545);
#21545 = FILL_AREA_STYLE('',(#21546));
#21546 = FILL_AREA_STYLE_COLOUR('',#21084);
#21547 = STYLED_ITEM('color',(#21548),#4340);
#21548 = PRESENTATION_STYLE_ASSIGNMENT((#21549));
#21549 = SURFACE_STYLE_USAGE(.BOTH.,#21550);
#21550 = SURFACE_SIDE_STYLE('',(#21551));
#21551 = SURFACE_STYLE_FILL_AREA(#21552);
#21552 = FILL_AREA_STYLE('',(#21553));
#21553 = FILL_AREA_STYLE_COLOUR('',#21084);
#21554 = STYLED_ITEM('color',(#21555),#4357);
#21555 = PRESENTATION_STYLE_ASSIGNMENT((#21556));
#21556 = SURFACE_STYLE_USAGE(.BOTH.,#21557);
#21557 = SURFACE_SIDE_STYLE('',(#21558));
#21558 = SURFACE_STYLE_FILL_AREA(#21559);
#21559 = FILL_AREA_STYLE('',(#21560));
#21560 = FILL_AREA_STYLE_COLOUR('',#21084);
#21561 = STYLED_ITEM('color',(#21562),#4369);
#21562 = PRESENTATION_STYLE_ASSIGNMENT((#21563));
#21563 = SURFACE_STYLE_USAGE(.BOTH.,#21564);
#21564 = SURFACE_SIDE_STYLE('',(#21565));
#21565 = SURFACE_STYLE_FILL_AREA(#21566);
#21566 = FILL_AREA_STYLE('',(#21567));
#21567 = FILL_AREA_STYLE_COLOUR('',#21084);
#21568 = STYLED_ITEM('color',(#21569),#4402);
#21569 = PRESENTATION_STYLE_ASSIGNMENT((#21570));
#21570 = SURFACE_STYLE_USAGE(.BOTH.,#21571);
#21571 = SURFACE_SIDE_STYLE('',(#21572));
#21572 = SURFACE_STYLE_FILL_AREA(#21573);
#21573 = FILL_AREA_STYLE('',(#21574));
#21574 = FILL_AREA_STYLE_COLOUR('',#21084);
#21575 = STYLED_ITEM('color',(#21576),#4419);
#21576 = PRESENTATION_STYLE_ASSIGNMENT((#21577));
#21577 = SURFACE_STYLE_USAGE(.BOTH.,#21578);
#21578 = SURFACE_SIDE_STYLE('',(#21579));
#21579 = SURFACE_STYLE_FILL_AREA(#21580);
#21580 = FILL_AREA_STYLE('',(#21581));
#21581 = FILL_AREA_STYLE_COLOUR('',#21084);
#21582 = STYLED_ITEM('color',(#21583),#4436);
#21583 = PRESENTATION_STYLE_ASSIGNMENT((#21584));
#21584 = SURFACE_STYLE_USAGE(.BOTH.,#21585);
#21585 = SURFACE_SIDE_STYLE('',(#21586));
#21586 = SURFACE_STYLE_FILL_AREA(#21587);
#21587 = FILL_AREA_STYLE('',(#21588));
#21588 = FILL_AREA_STYLE_COLOUR('',#21084);
#21589 = STYLED_ITEM('color',(#21590),#4448);
#21590 = PRESENTATION_STYLE_ASSIGNMENT((#21591));
#21591 = SURFACE_STYLE_USAGE(.BOTH.,#21592);
#21592 = SURFACE_SIDE_STYLE('',(#21593));
#21593 = SURFACE_STYLE_FILL_AREA(#21594);
#21594 = FILL_AREA_STYLE('',(#21595));
#21595 = FILL_AREA_STYLE_COLOUR('',#21084);
#21596 = STYLED_ITEM('color',(#21597),#4465);
#21597 = PRESENTATION_STYLE_ASSIGNMENT((#21598));
#21598 = SURFACE_STYLE_USAGE(.BOTH.,#21599);
#21599 = SURFACE_SIDE_STYLE('',(#21600));
#21600 = SURFACE_STYLE_FILL_AREA(#21601);
#21601 = FILL_AREA_STYLE('',(#21602));
#21602 = FILL_AREA_STYLE_COLOUR('',#21084);
#21603 = STYLED_ITEM('color',(#21604),#4482);
#21604 = PRESENTATION_STYLE_ASSIGNMENT((#21605));
#21605 = SURFACE_STYLE_USAGE(.BOTH.,#21606);
#21606 = SURFACE_SIDE_STYLE('',(#21607));
#21607 = SURFACE_STYLE_FILL_AREA(#21608);
#21608 = FILL_AREA_STYLE('',(#21609));
#21609 = FILL_AREA_STYLE_COLOUR('',#21084);
#21610 = STYLED_ITEM('color',(#21611),#4494);
#21611 = PRESENTATION_STYLE_ASSIGNMENT((#21612));
#21612 = SURFACE_STYLE_USAGE(.BOTH.,#21613);
#21613 = SURFACE_SIDE_STYLE('',(#21614));
#21614 = SURFACE_STYLE_FILL_AREA(#21615);
#21615 = FILL_AREA_STYLE('',(#21616));
#21616 = FILL_AREA_STYLE_COLOUR('',#21084);
#21617 = STYLED_ITEM('color',(#21618),#4511);
#21618 = PRESENTATION_STYLE_ASSIGNMENT((#21619));
#21619 = SURFACE_STYLE_USAGE(.BOTH.,#21620);
#21620 = SURFACE_SIDE_STYLE('',(#21621));
#21621 = SURFACE_STYLE_FILL_AREA(#21622);
#21622 = FILL_AREA_STYLE('',(#21623));
#21623 = FILL_AREA_STYLE_COLOUR('',#21084);
#21624 = STYLED_ITEM('color',(#21625),#4528);
#21625 = PRESENTATION_STYLE_ASSIGNMENT((#21626));
#21626 = SURFACE_STYLE_USAGE(.BOTH.,#21627);
#21627 = SURFACE_SIDE_STYLE('',(#21628));
#21628 = SURFACE_STYLE_FILL_AREA(#21629);
#21629 = FILL_AREA_STYLE('',(#21630));
#21630 = FILL_AREA_STYLE_COLOUR('',#21084);
#21631 = MECHANICAL_DESIGN_GEOMETRIC_PRESENTATION_REPRESENTATION('',(
    #21632,#21639,#21646,#21653,#21660,#21667,#21674,#21681,#21688,
    #21695,#21702,#21709,#21716,#21723,#21730,#21737,#21744,#21751,
    #21758,#21765,#21772,#21779,#21786,#21793,#21800,#21807,#21814,
    #21821),#5436);
#21632 = STYLED_ITEM('color',(#21633),#4584);
#21633 = PRESENTATION_STYLE_ASSIGNMENT((#21634));
#21634 = SURFACE_STYLE_USAGE(.BOTH.,#21635);
#21635 = SURFACE_SIDE_STYLE('',(#21636));
#21636 = SURFACE_STYLE_FILL_AREA(#21637);
#21637 = FILL_AREA_STYLE('',(#21638));
#21638 = FILL_AREA_STYLE_COLOUR('',#18492);
#21639 = STYLED_ITEM('color',(#21640),#4660);
#21640 = PRESENTATION_STYLE_ASSIGNMENT((#21641));
#21641 = SURFACE_STYLE_USAGE(.BOTH.,#21642);
#21642 = SURFACE_SIDE_STYLE('',(#21643));
#21643 = SURFACE_STYLE_FILL_AREA(#21644);
#21644 = FILL_AREA_STYLE('',(#21645));
#21645 = FILL_AREA_STYLE_COLOUR('',#18492);
#21646 = STYLED_ITEM('color',(#21647),#4691);
#21647 = PRESENTATION_STYLE_ASSIGNMENT((#21648));
#21648 = SURFACE_STYLE_USAGE(.BOTH.,#21649);
#21649 = SURFACE_SIDE_STYLE('',(#21650));
#21650 = SURFACE_STYLE_FILL_AREA(#21651);
#21651 = FILL_AREA_STYLE('',(#21652));
#21652 = FILL_AREA_STYLE_COLOUR('',#18492);
#21653 = STYLED_ITEM('color',(#21654),#4716);
#21654 = PRESENTATION_STYLE_ASSIGNMENT((#21655));
#21655 = SURFACE_STYLE_USAGE(.BOTH.,#21656);
#21656 = SURFACE_SIDE_STYLE('',(#21657));
#21657 = SURFACE_STYLE_FILL_AREA(#21658);
#21658 = FILL_AREA_STYLE('',(#21659));
#21659 = FILL_AREA_STYLE_COLOUR('',#18492);
#21660 = STYLED_ITEM('color',(#21661),#4741);
#21661 = PRESENTATION_STYLE_ASSIGNMENT((#21662));
#21662 = SURFACE_STYLE_USAGE(.BOTH.,#21663);
#21663 = SURFACE_SIDE_STYLE('',(#21664));
#21664 = SURFACE_STYLE_FILL_AREA(#21665);
#21665 = FILL_AREA_STYLE('',(#21666));
#21666 = FILL_AREA_STYLE_COLOUR('',#18492);
#21667 = STYLED_ITEM('color',(#21668),#4765);
#21668 = PRESENTATION_STYLE_ASSIGNMENT((#21669));
#21669 = SURFACE_STYLE_USAGE(.BOTH.,#21670);
#21670 = SURFACE_SIDE_STYLE('',(#21671));
#21671 = SURFACE_STYLE_FILL_AREA(#21672);
#21672 = FILL_AREA_STYLE('',(#21673));
#21673 = FILL_AREA_STYLE_COLOUR('',#18492);
#21674 = STYLED_ITEM('color',(#21675),#4789);
#21675 = PRESENTATION_STYLE_ASSIGNMENT((#21676));
#21676 = SURFACE_STYLE_USAGE(.BOTH.,#21677);
#21677 = SURFACE_SIDE_STYLE('',(#21678));
#21678 = SURFACE_STYLE_FILL_AREA(#21679);
#21679 = FILL_AREA_STYLE('',(#21680));
#21680 = FILL_AREA_STYLE_COLOUR('',#18492);
#21681 = STYLED_ITEM('color',(#21682),#4814);
#21682 = PRESENTATION_STYLE_ASSIGNMENT((#21683));
#21683 = SURFACE_STYLE_USAGE(.BOTH.,#21684);
#21684 = SURFACE_SIDE_STYLE('',(#21685));
#21685 = SURFACE_STYLE_FILL_AREA(#21686);
#21686 = FILL_AREA_STYLE('',(#21687));
#21687 = FILL_AREA_STYLE_COLOUR('',#18492);
#21688 = STYLED_ITEM('color',(#21689),#4839);
#21689 = PRESENTATION_STYLE_ASSIGNMENT((#21690));
#21690 = SURFACE_STYLE_USAGE(.BOTH.,#21691);
#21691 = SURFACE_SIDE_STYLE('',(#21692));
#21692 = SURFACE_STYLE_FILL_AREA(#21693);
#21693 = FILL_AREA_STYLE('',(#21694));
#21694 = FILL_AREA_STYLE_COLOUR('',#18492);
#21695 = STYLED_ITEM('color',(#21696),#4856);
#21696 = PRESENTATION_STYLE_ASSIGNMENT((#21697));
#21697 = SURFACE_STYLE_USAGE(.BOTH.,#21698);
#21698 = SURFACE_SIDE_STYLE('',(#21699));
#21699 = SURFACE_STYLE_FILL_AREA(#21700);
#21700 = FILL_AREA_STYLE('',(#21701));
#21701 = FILL_AREA_STYLE_COLOUR('',#18492);
#21702 = STYLED_ITEM('color',(#21703),#4942);
#21703 = PRESENTATION_STYLE_ASSIGNMENT((#21704));
#21704 = SURFACE_STYLE_USAGE(.BOTH.,#21705);
#21705 = SURFACE_SIDE_STYLE('',(#21706));
#21706 = SURFACE_STYLE_FILL_AREA(#21707);
#21707 = FILL_AREA_STYLE('',(#21708));
#21708 = FILL_AREA_STYLE_COLOUR('',#18627);
#21709 = STYLED_ITEM('color',(#21710),#4974);
#21710 = PRESENTATION_STYLE_ASSIGNMENT((#21711));
#21711 = SURFACE_STYLE_USAGE(.BOTH.,#21712);
#21712 = SURFACE_SIDE_STYLE('',(#21713));
#21713 = SURFACE_STYLE_FILL_AREA(#21714);
#21714 = FILL_AREA_STYLE('',(#21715));
#21715 = FILL_AREA_STYLE_COLOUR('',#18627);
#21716 = STYLED_ITEM('color',(#21717),#4998);
#21717 = PRESENTATION_STYLE_ASSIGNMENT((#21718));
#21718 = SURFACE_STYLE_USAGE(.BOTH.,#21719);
#21719 = SURFACE_SIDE_STYLE('',(#21720));
#21720 = SURFACE_STYLE_FILL_AREA(#21721);
#21721 = FILL_AREA_STYLE('',(#21722));
#21722 = FILL_AREA_STYLE_COLOUR('',#18627);
#21723 = STYLED_ITEM('color',(#21724),#5023);
#21724 = PRESENTATION_STYLE_ASSIGNMENT((#21725));
#21725 = SURFACE_STYLE_USAGE(.BOTH.,#21726);
#21726 = SURFACE_SIDE_STYLE('',(#21727));
#21727 = SURFACE_STYLE_FILL_AREA(#21728);
#21728 = FILL_AREA_STYLE('',(#21729));
#21729 = FILL_AREA_STYLE_COLOUR('',#18627);
#21730 = STYLED_ITEM('color',(#21731),#5047);
#21731 = PRESENTATION_STYLE_ASSIGNMENT((#21732));
#21732 = SURFACE_STYLE_USAGE(.BOTH.,#21733);
#21733 = SURFACE_SIDE_STYLE('',(#21734));
#21734 = SURFACE_STYLE_FILL_AREA(#21735);
#21735 = FILL_AREA_STYLE('',(#21736));
#21736 = FILL_AREA_STYLE_COLOUR('',#18627);
#21737 = STYLED_ITEM('color',(#21738),#5072);
#21738 = PRESENTATION_STYLE_ASSIGNMENT((#21739));
#21739 = SURFACE_STYLE_USAGE(.BOTH.,#21740);
#21740 = SURFACE_SIDE_STYLE('',(#21741));
#21741 = SURFACE_STYLE_FILL_AREA(#21742);
#21742 = FILL_AREA_STYLE('',(#21743));
#21743 = FILL_AREA_STYLE_COLOUR('',#18627);
#21744 = STYLED_ITEM('color',(#21745),#5096);
#21745 = PRESENTATION_STYLE_ASSIGNMENT((#21746));
#21746 = SURFACE_STYLE_USAGE(.BOTH.,#21747);
#21747 = SURFACE_SIDE_STYLE('',(#21748));
#21748 = SURFACE_STYLE_FILL_AREA(#21749);
#21749 = FILL_AREA_STYLE('',(#21750));
#21750 = FILL_AREA_STYLE_COLOUR('',#18627);
#21751 = STYLED_ITEM('color',(#21752),#5121);
#21752 = PRESENTATION_STYLE_ASSIGNMENT((#21753));
#21753 = SURFACE_STYLE_USAGE(.BOTH.,#21754);
#21754 = SURFACE_SIDE_STYLE('',(#21755));
#21755 = SURFACE_STYLE_FILL_AREA(#21756);
#21756 = FILL_AREA_STYLE('',(#21757));
#21757 = FILL_AREA_STYLE_COLOUR('',#18627);
#21758 = STYLED_ITEM('color',(#21759),#5138);
#21759 = PRESENTATION_STYLE_ASSIGNMENT((#21760));
#21760 = SURFACE_STYLE_USAGE(.BOTH.,#21761);
#21761 = SURFACE_SIDE_STYLE('',(#21762));
#21762 = SURFACE_STYLE_FILL_AREA(#21763);
#21763 = FILL_AREA_STYLE('',(#21764));
#21764 = FILL_AREA_STYLE_COLOUR('',#18492);
#21765 = STYLED_ITEM('color',(#21766),#5224);
#21766 = PRESENTATION_STYLE_ASSIGNMENT((#21767));
#21767 = SURFACE_STYLE_USAGE(.BOTH.,#21768);
#21768 = SURFACE_SIDE_STYLE('',(#21769));
#21769 = SURFACE_STYLE_FILL_AREA(#21770);
#21770 = FILL_AREA_STYLE('',(#21771));
#21771 = FILL_AREA_STYLE_COLOUR('',#18492);
#21772 = STYLED_ITEM('color',(#21773),#5255);
#21773 = PRESENTATION_STYLE_ASSIGNMENT((#21774));
#21774 = SURFACE_STYLE_USAGE(.BOTH.,#21775);
#21775 = SURFACE_SIDE_STYLE('',(#21776));
#21776 = SURFACE_STYLE_FILL_AREA(#21777);
#21777 = FILL_AREA_STYLE('',(#21778));
#21778 = FILL_AREA_STYLE_COLOUR('',#18492);
#21779 = STYLED_ITEM('color',(#21780),#5280);
#21780 = PRESENTATION_STYLE_ASSIGNMENT((#21781));
#21781 = SURFACE_STYLE_USAGE(.BOTH.,#21782);
#21782 = SURFACE_SIDE_STYLE('',(#21783));
#21783 = SURFACE_STYLE_FILL_AREA(#21784);
#21784 = FILL_AREA_STYLE('',(#21785));
#21785 = FILL_AREA_STYLE_COLOUR('',#18492);
#21786 = STYLED_ITEM('color',(#21787),#5305);
#21787 = PRESENTATION_STYLE_ASSIGNMENT((#21788));
#21788 = SURFACE_STYLE_USAGE(.BOTH.,#21789);
#21789 = SURFACE_SIDE_STYLE('',(#21790));
#21790 = SURFACE_STYLE_FILL_AREA(#21791);
#21791 = FILL_AREA_STYLE('',(#21792));
#21792 = FILL_AREA_STYLE_COLOUR('',#18492);
#21793 = STYLED_ITEM('color',(#21794),#5329);
#21794 = PRESENTATION_STYLE_ASSIGNMENT((#21795));
#21795 = SURFACE_STYLE_USAGE(.BOTH.,#21796);
#21796 = SURFACE_SIDE_STYLE('',(#21797));
#21797 = SURFACE_STYLE_FILL_AREA(#21798);
#21798 = FILL_AREA_STYLE('',(#21799));
#21799 = FILL_AREA_STYLE_COLOUR('',#18492);
#21800 = STYLED_ITEM('color',(#21801),#5353);
#21801 = PRESENTATION_STYLE_ASSIGNMENT((#21802));
#21802 = SURFACE_STYLE_USAGE(.BOTH.,#21803);
#21803 = SURFACE_SIDE_STYLE('',(#21804));
#21804 = SURFACE_STYLE_FILL_AREA(#21805);
#21805 = FILL_AREA_STYLE('',(#21806));
#21806 = FILL_AREA_STYLE_COLOUR('',#18492);
#21807 = STYLED_ITEM('color',(#21808),#5378);
#21808 = PRESENTATION_STYLE_ASSIGNMENT((#21809));
#21809 = SURFACE_STYLE_USAGE(.BOTH.,#21810);
#21810 = SURFACE_SIDE_STYLE('',(#21811));
#21811 = SURFACE_STYLE_FILL_AREA(#21812);
#21812 = FILL_AREA_STYLE('',(#21813));
#21813 = FILL_AREA_STYLE_COLOUR('',#18492);
#21814 = STYLED_ITEM('color',(#21815),#5403);
#21815 = PRESENTATION_STYLE_ASSIGNMENT((#21816));
#21816 = SURFACE_STYLE_USAGE(.BOTH.,#21817);
#21817 = SURFACE_SIDE_STYLE('',(#21818));
#21818 = SURFACE_STYLE_FILL_AREA(#21819);
#21819 = FILL_AREA_STYLE('',(#21820));
#21820 = FILL_AREA_STYLE_COLOUR('',#18492);
#21821 = STYLED_ITEM('color',(#21822),#5420);
#21822 = PRESENTATION_STYLE_ASSIGNMENT((#21823));
#21823 = SURFACE_STYLE_USAGE(.BOTH.,#21824);
#21824 = SURFACE_SIDE_STYLE('',(#21825));
#21825 = SURFACE_STYLE_FILL_AREA(#21826);
#21826 = FILL_AREA_STYLE('',(#21827));
#21827 = FILL_AREA_STYLE_COLOUR('',#18492);
#21828 = MECHANICAL_DESIGN_GEOMETRIC_PRESENTATION_REPRESENTATION('',(
    #21829,#21836,#21843,#21850,#21857,#21864,#21871,#21878,#21885,
    #21892,#21899,#21906,#21913,#21920,#21927,#21934,#21941,#21948,
    #21955,#21962,#21969,#21976,#21983,#21990,#21997,#22004,#22011,
    #22018,#22025,#22032,#22039,#22046,#22053,#22060,#22067,#22074,
    #22081,#22088,#22095,#22102,#22109,#22116,#22123,#22130,#22137,
    #22144,#22151,#22158,#22165,#22172,#22179,#22186,#22193,#22200,
    #22207,#22214,#22221,#22228,#22235,#22242,#22249,#22257),#8941);
#21829 = STYLED_ITEM('color',(#21830),#6989);
#21830 = PRESENTATION_STYLE_ASSIGNMENT((#21831));
#21831 = SURFACE_STYLE_USAGE(.BOTH.,#21832);
#21832 = SURFACE_SIDE_STYLE('',(#21833));
#21833 = SURFACE_STYLE_FILL_AREA(#21834);
#21834 = FILL_AREA_STYLE('',(#21835));
#21835 = FILL_AREA_STYLE_COLOUR('',#18492);
#21836 = STYLED_ITEM('color',(#21837),#7029);
#21837 = PRESENTATION_STYLE_ASSIGNMENT((#21838));
#21838 = SURFACE_STYLE_USAGE(.BOTH.,#21839);
#21839 = SURFACE_SIDE_STYLE('',(#21840));
#21840 = SURFACE_STYLE_FILL_AREA(#21841);
#21841 = FILL_AREA_STYLE('',(#21842));
#21842 = FILL_AREA_STYLE_COLOUR('',#18492);
#21843 = STYLED_ITEM('color',(#21844),#7076);
#21844 = PRESENTATION_STYLE_ASSIGNMENT((#21845));
#21845 = SURFACE_STYLE_USAGE(.BOTH.,#21846);
#21846 = SURFACE_SIDE_STYLE('',(#21847));
#21847 = SURFACE_STYLE_FILL_AREA(#21848);
#21848 = FILL_AREA_STYLE('',(#21849));
#21849 = FILL_AREA_STYLE_COLOUR('',#18492);
#21850 = STYLED_ITEM('color',(#21851),#7100);
#21851 = PRESENTATION_STYLE_ASSIGNMENT((#21852));
#21852 = SURFACE_STYLE_USAGE(.BOTH.,#21853);
#21853 = SURFACE_SIDE_STYLE('',(#21854));
#21854 = SURFACE_STYLE_FILL_AREA(#21855);
#21855 = FILL_AREA_STYLE('',(#21856));
#21856 = FILL_AREA_STYLE_COLOUR('',#18492);
#21857 = STYLED_ITEM('color',(#21858),#7140);
#21858 = PRESENTATION_STYLE_ASSIGNMENT((#21859));
#21859 = SURFACE_STYLE_USAGE(.BOTH.,#21860);
#21860 = SURFACE_SIDE_STYLE('',(#21861));
#21861 = SURFACE_STYLE_FILL_AREA(#21862);
#21862 = FILL_AREA_STYLE('',(#21863));
#21863 = FILL_AREA_STYLE_COLOUR('',#18492);
#21864 = STYLED_ITEM('color',(#21865),#7157);
#21865 = PRESENTATION_STYLE_ASSIGNMENT((#21866));
#21866 = SURFACE_STYLE_USAGE(.BOTH.,#21867);
#21867 = SURFACE_SIDE_STYLE('',(#21868));
#21868 = SURFACE_STYLE_FILL_AREA(#21869);
#21869 = FILL_AREA_STYLE('',(#21870));
#21870 = FILL_AREA_STYLE_COLOUR('',#18374);
#21871 = STYLED_ITEM('color',(#21872),#7472);
#21872 = PRESENTATION_STYLE_ASSIGNMENT((#21873));
#21873 = SURFACE_STYLE_USAGE(.BOTH.,#21874);
#21874 = SURFACE_SIDE_STYLE('',(#21875));
#21875 = SURFACE_STYLE_FILL_AREA(#21876);
#21876 = FILL_AREA_STYLE('',(#21877));
#21877 = FILL_AREA_STYLE_COLOUR('',#18374);
#21878 = STYLED_ITEM('color',(#21879),#7581);
#21879 = PRESENTATION_STYLE_ASSIGNMENT((#21880));
#21880 = SURFACE_STYLE_USAGE(.BOTH.,#21881);
#21881 = SURFACE_SIDE_STYLE('',(#21882));
#21882 = SURFACE_STYLE_FILL_AREA(#21883);
#21883 = FILL_AREA_STYLE('',(#21884));
#21884 = FILL_AREA_STYLE_COLOUR('',#18492);
#21885 = STYLED_ITEM('color',(#21886),#7593);
#21886 = PRESENTATION_STYLE_ASSIGNMENT((#21887));
#21887 = SURFACE_STYLE_USAGE(.BOTH.,#21888);
#21888 = SURFACE_SIDE_STYLE('',(#21889));
#21889 = SURFACE_STYLE_FILL_AREA(#21890);
#21890 = FILL_AREA_STYLE('',(#21891));
#21891 = FILL_AREA_STYLE_COLOUR('',#18374);
#21892 = STYLED_ITEM('color',(#21893),#7716);
#21893 = PRESENTATION_STYLE_ASSIGNMENT((#21894));
#21894 = SURFACE_STYLE_USAGE(.BOTH.,#21895);
#21895 = SURFACE_SIDE_STYLE('',(#21896));
#21896 = SURFACE_STYLE_FILL_AREA(#21897);
#21897 = FILL_AREA_STYLE('',(#21898));
#21898 = FILL_AREA_STYLE_COLOUR('',#18374);
#21899 = STYLED_ITEM('color',(#21900),#7733);
#21900 = PRESENTATION_STYLE_ASSIGNMENT((#21901));
#21901 = SURFACE_STYLE_USAGE(.BOTH.,#21902);
#21902 = SURFACE_SIDE_STYLE('',(#21903));
#21903 = SURFACE_STYLE_FILL_AREA(#21904);
#21904 = FILL_AREA_STYLE('',(#21905));
#21905 = FILL_AREA_STYLE_COLOUR('',#18492);
#21906 = STYLED_ITEM('color',(#21907),#7773);
#21907 = PRESENTATION_STYLE_ASSIGNMENT((#21908));
#21908 = SURFACE_STYLE_USAGE(.BOTH.,#21909);
#21909 = SURFACE_SIDE_STYLE('',(#21910));
#21910 = SURFACE_STYLE_FILL_AREA(#21911);
#21911 = FILL_AREA_STYLE('',(#21912));
#21912 = FILL_AREA_STYLE_COLOUR('',#18492);
#21913 = STYLED_ITEM('color',(#21914),#7797);
#21914 = PRESENTATION_STYLE_ASSIGNMENT((#21915));
#21915 = SURFACE_STYLE_USAGE(.BOTH.,#21916);
#21916 = SURFACE_SIDE_STYLE('',(#21917));
#21917 = SURFACE_STYLE_FILL_AREA(#21918);
#21918 = FILL_AREA_STYLE('',(#21919));
#21919 = FILL_AREA_STYLE_COLOUR('',#18492);
#21920 = STYLED_ITEM('color',(#21921),#7837);
#21921 = PRESENTATION_STYLE_ASSIGNMENT((#21922));
#21922 = SURFACE_STYLE_USAGE(.BOTH.,#21923);
#21923 = SURFACE_SIDE_STYLE('',(#21924));
#21924 = SURFACE_STYLE_FILL_AREA(#21925);
#21925 = FILL_AREA_STYLE('',(#21926));
#21926 = FILL_AREA_STYLE_COLOUR('',#18492);
#21927 = STYLED_ITEM('color',(#21928),#7870);
#21928 = PRESENTATION_STYLE_ASSIGNMENT((#21929));
#21929 = SURFACE_STYLE_USAGE(.BOTH.,#21930);
#21930 = SURFACE_SIDE_STYLE('',(#21931));
#21931 = SURFACE_STYLE_FILL_AREA(#21932);
#21932 = FILL_AREA_STYLE('',(#21933));
#21933 = FILL_AREA_STYLE_COLOUR('',#18492);
#21934 = STYLED_ITEM('color',(#21935),#7894);
#21935 = PRESENTATION_STYLE_ASSIGNMENT((#21936));
#21936 = SURFACE_STYLE_USAGE(.BOTH.,#21937);
#21937 = SURFACE_SIDE_STYLE('',(#21938));
#21938 = SURFACE_STYLE_FILL_AREA(#21939);
#21939 = FILL_AREA_STYLE('',(#21940));
#21940 = FILL_AREA_STYLE_COLOUR('',#18492);
#21941 = STYLED_ITEM('color',(#21942),#7927);
#21942 = PRESENTATION_STYLE_ASSIGNMENT((#21943));
#21943 = SURFACE_STYLE_USAGE(.BOTH.,#21944);
#21944 = SURFACE_SIDE_STYLE('',(#21945));
#21945 = SURFACE_STYLE_FILL_AREA(#21946);
#21946 = FILL_AREA_STYLE('',(#21947));
#21947 = FILL_AREA_STYLE_COLOUR('',#18492);
#21948 = STYLED_ITEM('color',(#21949),#7967);
#21949 = PRESENTATION_STYLE_ASSIGNMENT((#21950));
#21950 = SURFACE_STYLE_USAGE(.BOTH.,#21951);
#21951 = SURFACE_SIDE_STYLE('',(#21952));
#21952 = SURFACE_STYLE_FILL_AREA(#21953);
#21953 = FILL_AREA_STYLE('',(#21954));
#21954 = FILL_AREA_STYLE_COLOUR('',#18492);
#21955 = STYLED_ITEM('color',(#21956),#7991);
#21956 = PRESENTATION_STYLE_ASSIGNMENT((#21957));
#21957 = SURFACE_STYLE_USAGE(.BOTH.,#21958);
#21958 = SURFACE_SIDE_STYLE('',(#21959));
#21959 = SURFACE_STYLE_FILL_AREA(#21960);
#21960 = FILL_AREA_STYLE('',(#21961));
#21961 = FILL_AREA_STYLE_COLOUR('',#18492);
#21962 = STYLED_ITEM('color',(#21963),#8031);
#21963 = PRESENTATION_STYLE_ASSIGNMENT((#21964));
#21964 = SURFACE_STYLE_USAGE(.BOTH.,#21965);
#21965 = SURFACE_SIDE_STYLE('',(#21966));
#21966 = SURFACE_STYLE_FILL_AREA(#21967);
#21967 = FILL_AREA_STYLE('',(#21968));
#21968 = FILL_AREA_STYLE_COLOUR('',#18492);
#21969 = STYLED_ITEM('color',(#21970),#8064);
#21970 = PRESENTATION_STYLE_ASSIGNMENT((#21971));
#21971 = SURFACE_STYLE_USAGE(.BOTH.,#21972);
#21972 = SURFACE_SIDE_STYLE('',(#21973));
#21973 = SURFACE_STYLE_FILL_AREA(#21974);
#21974 = FILL_AREA_STYLE('',(#21975));
#21975 = FILL_AREA_STYLE_COLOUR('',#18492);
#21976 = STYLED_ITEM('color',(#21977),#8088);
#21977 = PRESENTATION_STYLE_ASSIGNMENT((#21978));
#21978 = SURFACE_STYLE_USAGE(.BOTH.,#21979);
#21979 = SURFACE_SIDE_STYLE('',(#21980));
#21980 = SURFACE_STYLE_FILL_AREA(#21981);
#21981 = FILL_AREA_STYLE('',(#21982));
#21982 = FILL_AREA_STYLE_COLOUR('',#18492);
#21983 = STYLED_ITEM('color',(#21984),#8121);
#21984 = PRESENTATION_STYLE_ASSIGNMENT((#21985));
#21985 = SURFACE_STYLE_USAGE(.BOTH.,#21986);
#21986 = SURFACE_SIDE_STYLE('',(#21987));
#21987 = SURFACE_STYLE_FILL_AREA(#21988);
#21988 = FILL_AREA_STYLE('',(#21989));
#21989 = FILL_AREA_STYLE_COLOUR('',#18492);
#21990 = STYLED_ITEM('color',(#21991),#8161);
#21991 = PRESENTATION_STYLE_ASSIGNMENT((#21992));
#21992 = SURFACE_STYLE_USAGE(.BOTH.,#21993);
#21993 = SURFACE_SIDE_STYLE('',(#21994));
#21994 = SURFACE_STYLE_FILL_AREA(#21995);
#21995 = FILL_AREA_STYLE('',(#21996));
#21996 = FILL_AREA_STYLE_COLOUR('',#18492);
#21997 = STYLED_ITEM('color',(#21998),#8185);
#21998 = PRESENTATION_STYLE_ASSIGNMENT((#21999));
#21999 = SURFACE_STYLE_USAGE(.BOTH.,#22000);
#22000 = SURFACE_SIDE_STYLE('',(#22001));
#22001 = SURFACE_STYLE_FILL_AREA(#22002);
#22002 = FILL_AREA_STYLE('',(#22003));
#22003 = FILL_AREA_STYLE_COLOUR('',#18492);
#22004 = STYLED_ITEM('color',(#22005),#8225);
#22005 = PRESENTATION_STYLE_ASSIGNMENT((#22006));
#22006 = SURFACE_STYLE_USAGE(.BOTH.,#22007);
#22007 = SURFACE_SIDE_STYLE('',(#22008));
#22008 = SURFACE_STYLE_FILL_AREA(#22009);
#22009 = FILL_AREA_STYLE('',(#22010));
#22010 = FILL_AREA_STYLE_COLOUR('',#18492);
#22011 = STYLED_ITEM('color',(#22012),#8258);
#22012 = PRESENTATION_STYLE_ASSIGNMENT((#22013));
#22013 = SURFACE_STYLE_USAGE(.BOTH.,#22014);
#22014 = SURFACE_SIDE_STYLE('',(#22015));
#22015 = SURFACE_STYLE_FILL_AREA(#22016);
#22016 = FILL_AREA_STYLE('',(#22017));
#22017 = FILL_AREA_STYLE_COLOUR('',#18492);
#22018 = STYLED_ITEM('color',(#22019),#8282);
#22019 = PRESENTATION_STYLE_ASSIGNMENT((#22020));
#22020 = SURFACE_STYLE_USAGE(.BOTH.,#22021);
#22021 = SURFACE_SIDE_STYLE('',(#22022));
#22022 = SURFACE_STYLE_FILL_AREA(#22023);
#22023 = FILL_AREA_STYLE('',(#22024));
#22024 = FILL_AREA_STYLE_COLOUR('',#18492);
#22025 = STYLED_ITEM('color',(#22026),#8315);
#22026 = PRESENTATION_STYLE_ASSIGNMENT((#22027));
#22027 = SURFACE_STYLE_USAGE(.BOTH.,#22028);
#22028 = SURFACE_SIDE_STYLE('',(#22029));
#22029 = SURFACE_STYLE_FILL_AREA(#22030);
#22030 = FILL_AREA_STYLE('',(#22031));
#22031 = FILL_AREA_STYLE_COLOUR('',#18492);
#22032 = STYLED_ITEM('color',(#22033),#8355);
#22033 = PRESENTATION_STYLE_ASSIGNMENT((#22034));
#22034 = SURFACE_STYLE_USAGE(.BOTH.,#22035);
#22035 = SURFACE_SIDE_STYLE('',(#22036));
#22036 = SURFACE_STYLE_FILL_AREA(#22037);
#22037 = FILL_AREA_STYLE('',(#22038));
#22038 = FILL_AREA_STYLE_COLOUR('',#18492);
#22039 = STYLED_ITEM('color',(#22040),#8379);
#22040 = PRESENTATION_STYLE_ASSIGNMENT((#22041));
#22041 = SURFACE_STYLE_USAGE(.BOTH.,#22042);
#22042 = SURFACE_SIDE_STYLE('',(#22043));
#22043 = SURFACE_STYLE_FILL_AREA(#22044);
#22044 = FILL_AREA_STYLE('',(#22045));
#22045 = FILL_AREA_STYLE_COLOUR('',#18492);
#22046 = STYLED_ITEM('color',(#22047),#8412);
#22047 = PRESENTATION_STYLE_ASSIGNMENT((#22048));
#22048 = SURFACE_STYLE_USAGE(.BOTH.,#22049);
#22049 = SURFACE_SIDE_STYLE('',(#22050));
#22050 = SURFACE_STYLE_FILL_AREA(#22051);
#22051 = FILL_AREA_STYLE('',(#22052));
#22052 = FILL_AREA_STYLE_COLOUR('',#18374);
#22053 = STYLED_ITEM('color',(#22054),#8429);
#22054 = PRESENTATION_STYLE_ASSIGNMENT((#22055));
#22055 = SURFACE_STYLE_USAGE(.BOTH.,#22056);
#22056 = SURFACE_SIDE_STYLE('',(#22057));
#22057 = SURFACE_STYLE_FILL_AREA(#22058);
#22058 = FILL_AREA_STYLE('',(#22059));
#22059 = FILL_AREA_STYLE_COLOUR('',#18492);
#22060 = STYLED_ITEM('color',(#22061),#8460);
#22061 = PRESENTATION_STYLE_ASSIGNMENT((#22062));
#22062 = SURFACE_STYLE_USAGE(.BOTH.,#22063);
#22063 = SURFACE_SIDE_STYLE('',(#22064));
#22064 = SURFACE_STYLE_FILL_AREA(#22065);
#22065 = FILL_AREA_STYLE('',(#22066));
#22066 = FILL_AREA_STYLE_COLOUR('',#18492);
#22067 = STYLED_ITEM('color',(#22068),#8484);
#22068 = PRESENTATION_STYLE_ASSIGNMENT((#22069));
#22069 = SURFACE_STYLE_USAGE(.BOTH.,#22070);
#22070 = SURFACE_SIDE_STYLE('',(#22071));
#22071 = SURFACE_STYLE_FILL_AREA(#22072);
#22072 = FILL_AREA_STYLE('',(#22073));
#22073 = FILL_AREA_STYLE_COLOUR('',#18492);
#22074 = STYLED_ITEM('color',(#22075),#8508);
#22075 = PRESENTATION_STYLE_ASSIGNMENT((#22076));
#22076 = SURFACE_STYLE_USAGE(.BOTH.,#22077);
#22077 = SURFACE_SIDE_STYLE('',(#22078));
#22078 = SURFACE_STYLE_FILL_AREA(#22079);
#22079 = FILL_AREA_STYLE('',(#22080));
#22080 = FILL_AREA_STYLE_COLOUR('',#18492);
#22081 = STYLED_ITEM('color',(#22082),#8532);
#22082 = PRESENTATION_STYLE_ASSIGNMENT((#22083));
#22083 = SURFACE_STYLE_USAGE(.BOTH.,#22084);
#22084 = SURFACE_SIDE_STYLE('',(#22085));
#22085 = SURFACE_STYLE_FILL_AREA(#22086);
#22086 = FILL_AREA_STYLE('',(#22087));
#22087 = FILL_AREA_STYLE_COLOUR('',#18492);
#22088 = STYLED_ITEM('color',(#22089),#8549);
#22089 = PRESENTATION_STYLE_ASSIGNMENT((#22090));
#22090 = SURFACE_STYLE_USAGE(.BOTH.,#22091);
#22091 = SURFACE_SIDE_STYLE('',(#22092));
#22092 = SURFACE_STYLE_FILL_AREA(#22093);
#22093 = FILL_AREA_STYLE('',(#22094));
#22094 = FILL_AREA_STYLE_COLOUR('',#18374);
#22095 = STYLED_ITEM('color',(#22096),#8572);
#22096 = PRESENTATION_STYLE_ASSIGNMENT((#22097));
#22097 = SURFACE_STYLE_USAGE(.BOTH.,#22098);
#22098 = SURFACE_SIDE_STYLE('',(#22099));
#22099 = SURFACE_STYLE_FILL_AREA(#22100);
#22100 = FILL_AREA_STYLE('',(#22101));
#22101 = FILL_AREA_STYLE_COLOUR('',#18492);
#22102 = STYLED_ITEM('color',(#22103),#8589);
#22103 = PRESENTATION_STYLE_ASSIGNMENT((#22104));
#22104 = SURFACE_STYLE_USAGE(.BOTH.,#22105);
#22105 = SURFACE_SIDE_STYLE('',(#22106));
#22106 = SURFACE_STYLE_FILL_AREA(#22107);
#22107 = FILL_AREA_STYLE('',(#22108));
#22108 = FILL_AREA_STYLE_COLOUR('',#18492);
#22109 = STYLED_ITEM('color',(#22110),#8606);
#22110 = PRESENTATION_STYLE_ASSIGNMENT((#22111));
#22111 = SURFACE_STYLE_USAGE(.BOTH.,#22112);
#22112 = SURFACE_SIDE_STYLE('',(#22113));
#22113 = SURFACE_STYLE_FILL_AREA(#22114);
#22114 = FILL_AREA_STYLE('',(#22115));
#22115 = FILL_AREA_STYLE_COLOUR('',#18492);
#22116 = STYLED_ITEM('color',(#22117),#8623);
#22117 = PRESENTATION_STYLE_ASSIGNMENT((#22118));
#22118 = SURFACE_STYLE_USAGE(.BOTH.,#22119);
#22119 = SURFACE_SIDE_STYLE('',(#22120));
#22120 = SURFACE_STYLE_FILL_AREA(#22121);
#22121 = FILL_AREA_STYLE('',(#22122));
#22122 = FILL_AREA_STYLE_COLOUR('',#18492);
#22123 = STYLED_ITEM('color',(#22124),#8640);
#22124 = PRESENTATION_STYLE_ASSIGNMENT((#22125));
#22125 = SURFACE_STYLE_USAGE(.BOTH.,#22126);
#22126 = SURFACE_SIDE_STYLE('',(#22127));
#22127 = SURFACE_STYLE_FILL_AREA(#22128);
#22128 = FILL_AREA_STYLE('',(#22129));
#22129 = FILL_AREA_STYLE_COLOUR('',#18492);
#22130 = STYLED_ITEM('color',(#22131),#8657);
#22131 = PRESENTATION_STYLE_ASSIGNMENT((#22132));
#22132 = SURFACE_STYLE_USAGE(.BOTH.,#22133);
#22133 = SURFACE_SIDE_STYLE('',(#22134));
#22134 = SURFACE_STYLE_FILL_AREA(#22135);
#22135 = FILL_AREA_STYLE('',(#22136));
#22136 = FILL_AREA_STYLE_COLOUR('',#18492);
#22137 = STYLED_ITEM('color',(#22138),#8674);
#22138 = PRESENTATION_STYLE_ASSIGNMENT((#22139));
#22139 = SURFACE_STYLE_USAGE(.BOTH.,#22140);
#22140 = SURFACE_SIDE_STYLE('',(#22141));
#22141 = SURFACE_STYLE_FILL_AREA(#22142);
#22142 = FILL_AREA_STYLE('',(#22143));
#22143 = FILL_AREA_STYLE_COLOUR('',#18492);
#22144 = STYLED_ITEM('color',(#22145),#8691);
#22145 = PRESENTATION_STYLE_ASSIGNMENT((#22146));
#22146 = SURFACE_STYLE_USAGE(.BOTH.,#22147);
#22147 = SURFACE_SIDE_STYLE('',(#22148));
#22148 = SURFACE_STYLE_FILL_AREA(#22149);
#22149 = FILL_AREA_STYLE('',(#22150));
#22150 = FILL_AREA_STYLE_COLOUR('',#18492);
#22151 = STYLED_ITEM('color',(#22152),#8708);
#22152 = PRESENTATION_STYLE_ASSIGNMENT((#22153));
#22153 = SURFACE_STYLE_USAGE(.BOTH.,#22154);
#22154 = SURFACE_SIDE_STYLE('',(#22155));
#22155 = SURFACE_STYLE_FILL_AREA(#22156);
#22156 = FILL_AREA_STYLE('',(#22157));
#22157 = FILL_AREA_STYLE_COLOUR('',#18492);
#22158 = STYLED_ITEM('color',(#22159),#8720);
#22159 = PRESENTATION_STYLE_ASSIGNMENT((#22160));
#22160 = SURFACE_STYLE_USAGE(.BOTH.,#22161);
#22161 = SURFACE_SIDE_STYLE('',(#22162));
#22162 = SURFACE_STYLE_FILL_AREA(#22163);
#22163 = FILL_AREA_STYLE('',(#22164));
#22164 = FILL_AREA_STYLE_COLOUR('',#18492);
#22165 = STYLED_ITEM('color',(#22166),#8737);
#22166 = PRESENTATION_STYLE_ASSIGNMENT((#22167));
#22167 = SURFACE_STYLE_USAGE(.BOTH.,#22168);
#22168 = SURFACE_SIDE_STYLE('',(#22169));
#22169 = SURFACE_STYLE_FILL_AREA(#22170);
#22170 = FILL_AREA_STYLE('',(#22171));
#22171 = FILL_AREA_STYLE_COLOUR('',#18492);
#22172 = STYLED_ITEM('color',(#22173),#8749);
#22173 = PRESENTATION_STYLE_ASSIGNMENT((#22174));
#22174 = SURFACE_STYLE_USAGE(.BOTH.,#22175);
#22175 = SURFACE_SIDE_STYLE('',(#22176));
#22176 = SURFACE_STYLE_FILL_AREA(#22177);
#22177 = FILL_AREA_STYLE('',(#22178));
#22178 = FILL_AREA_STYLE_COLOUR('',#18492);
#22179 = STYLED_ITEM('color',(#22180),#8766);
#22180 = PRESENTATION_STYLE_ASSIGNMENT((#22181));
#22181 = SURFACE_STYLE_USAGE(.BOTH.,#22182);
#22182 = SURFACE_SIDE_STYLE('',(#22183));
#22183 = SURFACE_STYLE_FILL_AREA(#22184);
#22184 = FILL_AREA_STYLE('',(#22185));
#22185 = FILL_AREA_STYLE_COLOUR('',#18492);
#22186 = STYLED_ITEM('color',(#22187),#8778);
#22187 = PRESENTATION_STYLE_ASSIGNMENT((#22188));
#22188 = SURFACE_STYLE_USAGE(.BOTH.,#22189);
#22189 = SURFACE_SIDE_STYLE('',(#22190));
#22190 = SURFACE_STYLE_FILL_AREA(#22191);
#22191 = FILL_AREA_STYLE('',(#22192));
#22192 = FILL_AREA_STYLE_COLOUR('',#18492);
#22193 = STYLED_ITEM('color',(#22194),#8795);
#22194 = PRESENTATION_STYLE_ASSIGNMENT((#22195));
#22195 = SURFACE_STYLE_USAGE(.BOTH.,#22196);
#22196 = SURFACE_SIDE_STYLE('',(#22197));
#22197 = SURFACE_STYLE_FILL_AREA(#22198);
#22198 = FILL_AREA_STYLE('',(#22199));
#22199 = FILL_AREA_STYLE_COLOUR('',#18492);
#22200 = STYLED_ITEM('color',(#22201),#8807);
#22201 = PRESENTATION_STYLE_ASSIGNMENT((#22202));
#22202 = SURFACE_STYLE_USAGE(.BOTH.,#22203);
#22203 = SURFACE_SIDE_STYLE('',(#22204));
#22204 = SURFACE_STYLE_FILL_AREA(#22205);
#22205 = FILL_AREA_STYLE('',(#22206));
#22206 = FILL_AREA_STYLE_COLOUR('',#18492);
#22207 = STYLED_ITEM('color',(#22208),#8824);
#22208 = PRESENTATION_STYLE_ASSIGNMENT((#22209));
#22209 = SURFACE_STYLE_USAGE(.BOTH.,#22210);
#22210 = SURFACE_SIDE_STYLE('',(#22211));
#22211 = SURFACE_STYLE_FILL_AREA(#22212);
#22212 = FILL_AREA_STYLE('',(#22213));
#22213 = FILL_AREA_STYLE_COLOUR('',#18492);
#22214 = STYLED_ITEM('color',(#22215),#8836);
#22215 = PRESENTATION_STYLE_ASSIGNMENT((#22216));
#22216 = SURFACE_STYLE_USAGE(.BOTH.,#22217);
#22217 = SURFACE_SIDE_STYLE('',(#22218));
#22218 = SURFACE_STYLE_FILL_AREA(#22219);
#22219 = FILL_AREA_STYLE('',(#22220));
#22220 = FILL_AREA_STYLE_COLOUR('',#18492);
#22221 = STYLED_ITEM('color',(#22222),#8853);
#22222 = PRESENTATION_STYLE_ASSIGNMENT((#22223));
#22223 = SURFACE_STYLE_USAGE(.BOTH.,#22224);
#22224 = SURFACE_SIDE_STYLE('',(#22225));
#22225 = SURFACE_STYLE_FILL_AREA(#22226);
#22226 = FILL_AREA_STYLE('',(#22227));
#22227 = FILL_AREA_STYLE_COLOUR('',#18492);
#22228 = STYLED_ITEM('color',(#22229),#8865);
#22229 = PRESENTATION_STYLE_ASSIGNMENT((#22230));
#22230 = SURFACE_STYLE_USAGE(.BOTH.,#22231);
#22231 = SURFACE_SIDE_STYLE('',(#22232));
#22232 = SURFACE_STYLE_FILL_AREA(#22233);
#22233 = FILL_AREA_STYLE('',(#22234));
#22234 = FILL_AREA_STYLE_COLOUR('',#18492);
#22235 = STYLED_ITEM('color',(#22236),#8882);
#22236 = PRESENTATION_STYLE_ASSIGNMENT((#22237));
#22237 = SURFACE_STYLE_USAGE(.BOTH.,#22238);
#22238 = SURFACE_SIDE_STYLE('',(#22239));
#22239 = SURFACE_STYLE_FILL_AREA(#22240);
#22240 = FILL_AREA_STYLE('',(#22241));
#22241 = FILL_AREA_STYLE_COLOUR('',#18492);
#22242 = STYLED_ITEM('color',(#22243),#8894);
#22243 = PRESENTATION_STYLE_ASSIGNMENT((#22244));
#22244 = SURFACE_STYLE_USAGE(.BOTH.,#22245);
#22245 = SURFACE_SIDE_STYLE('',(#22246));
#22246 = SURFACE_STYLE_FILL_AREA(#22247);
#22247 = FILL_AREA_STYLE('',(#22248));
#22248 = FILL_AREA_STYLE_COLOUR('',#18492);
#22249 = STYLED_ITEM('color',(#22250),#8907);
#22250 = PRESENTATION_STYLE_ASSIGNMENT((#22251));
#22251 = SURFACE_STYLE_USAGE(.BOTH.,#22252);
#22252 = SURFACE_SIDE_STYLE('',(#22253));
#22253 = SURFACE_STYLE_FILL_AREA(#22254);
#22254 = FILL_AREA_STYLE('',(#22255));
#22255 = FILL_AREA_STYLE_COLOUR('',#22256);
#22256 = COLOUR_RGB('',0.690999977303,0.663999984767,0.597999987832);
#22257 = STYLED_ITEM('color',(#22258),#8932);
#22258 = PRESENTATION_STYLE_ASSIGNMENT((#22259));
#22259 = SURFACE_STYLE_USAGE(.BOTH.,#22260);
#22260 = SURFACE_SIDE_STYLE('',(#22261));
#22261 = SURFACE_STYLE_FILL_AREA(#22262);
#22262 = FILL_AREA_STYLE('',(#22263));
#22263 = FILL_AREA_STYLE_COLOUR('',#22256);
ENDSEC;
END-ISO-10303-21;
